account_no,customer_name,dob,address,tax_id,txn_date,txn_id,txn_type,mode,amount,counterparty,transaction_memo
59993877563,Anjali Taylor,1961-10-20,"798 Main St, Delhi, DL, 110001",PAN9661B,2023-10-01,6209D9942CB6,DEBIT,POS,4884.62,Amazon,Shopping
81172125330,Rohan Verma,1958-09-05,"425 Park Ave, Bangalore, KA, 560001",PAN8394D,2023-10-01,7CA2F08A3C22,DEBIT,POS,11443.85,Amazon,Shopping
12598902645,Michael Verma,1979-02-05,"30 MG Road, Bangalore, KA, 560001",PAN7630A,2023-10-01,4437448DBD00,CREDIT,NEFT,34914.91,Employer / Salary,Salary
11860997897,Amit Singh,1993-11-16,"118 MG Road, London, UK, EC1A 1BB",PAN1977D,2023-10-01,2B7AA8B13894,CREDIT,NEFT,26289.41,Employer / Salary,Salary
50946235198,Vikram Verma,1978-02-20,"551 High St, Bangalore, KA, 560001",PAN3935A,2023-10-01,F1593EF9745E,CREDIT,NEFT,33554.54,Employer / Salary,Salary
20994992968,Pooja Taylor,1976-11-28,"103 High St, New York, NY, 10001",PAN9782C,2023-10-01,EA1B26DFF171,CREDIT,NEFT,24988.07,Employer / Salary,Salary
87073586854,Vikram Smith,1969-06-24,"229 MG Road, Bangalore, KA, 560001",PAN8845D,2023-10-01,271C186ADBD2,DEBIT,POS,8846.85,Amazon,Shopping
38820936246,Sneha Brown,1964-01-01,"280 Park Ave, Delhi, DL, 110001",PAN3274C,2023-10-01,215F8C5435D2,CREDIT,CASH,49500.0,SELF,Branch Cash Deposit
21215636661,Priya Gupta,1971-12-11,"507 Park Ave, Mumbai, MH, 400001",PAN7805D,2023-10-01,8100CE278988,DEBIT,POS,10268.03,Amazon,Shopping
74212078458,Vikram Patel,1980-01-20,"752 Main St, London, UK, EC1A 1BB",PAN6821D,2023-10-01,FFBECCF02C8B,CREDIT,NEFT,21770.86,Employer / Salary,Salary
78098709516,Pooja Taylor,1956-11-09,"926 Park Ave, Bangalore, KA, 560001",PAN1092A,2023-10-01,89AD02931BD8,CREDIT,NEFT,17994.64,Employer / Salary,Salary
84149855424,Sarah Doe,1953-08-27,"515 Park Ave, London, UK, EC1A 1BB",PAN7408B,2023-10-01,785262C5C73C,DEBIT,POS,7380.58,Amazon,Shopping
84286033961,John Taylor,1965-05-18,"841 MG Road, Bangalore, KA, 560001",PAN4969D,2023-10-01,627BC1A6F0A5,DEBIT,POS,990.22,Amazon,Shopping
26046654712,Vikram Mehta,1979-01-12,"939 High St, Bangalore, KA, 560001",PAN7217D,2023-10-01,61B04CF19069,CREDIT,NEFT,10356.79,Employer / Salary,Salary
74212078458,Vikram Patel,1980-01-20,"752 Main St, London, UK, EC1A 1BB",PAN6821D,2023-10-01,02C366C7829D,CREDIT,NEFT,20893.92,Employer / Salary,Salary
22455298608,Neha Taylor,1975-02-01,"287 High St, Delhi, DL, 110001",PAN2068C,2023-10-01,D7C1399D8100,DEBIT,POS,11616.38,Amazon,Shopping
17292873443,Rohan Sharma,1981-02-25,"153 High St, New York, NY, 10001",PAN6178D,2023-10-01,3591F76B85E3,DEBIT,POS,437.04,Amazon,Shopping
78820846537,David Johnson,1967-07-10,"64 Main St, Delhi, DL, 110001",PAN2024B,2023-10-01,6A1552E60709,CREDIT,IMPS,48000.0,UNKNOWN P2P,P2P Transfer
81472727188,David Kumar,1975-10-26,"646 High St, Delhi, DL, 110001",PAN9295B,2023-10-01,12204760E00B,DEBIT,POS,9944.05,Amazon,Shopping
76810697063,Pooja Singh,1993-03-16,"593 MG Road, Mumbai, MH, 400001",PAN1734E,2023-10-01,77BC77F2CB67,CREDIT,NEFT,27251.37,Employer / Salary,Salary
51618949921,Michael Smith,1981-09-14,"989 MG Road, New York, NY, 10001",PAN4299A,2023-10-01,25569E0E092A,CREDIT,NEFT,28359.94,Employer / Salary,Salary
72943537134,Rahul Patel,1998-08-07,"330 MG Road, Delhi, DL, 110001",PAN6497D,2023-10-01,A56CC65A6E54,DEBIT,POS,2470.66,Amazon,Shopping
45334322348,Karan Verma,1971-09-10,"984 High St, London, UK, EC1A 1BB",PAN7344B,2023-10-02,D823AFBFA04E,CREDIT,NEFT,10278.97,Employer / Salary,Salary
37664188145,David Smith,1993-10-16,"167 Park Ave, New York, NY, 10001",PAN9192E,2023-10-02,ACBEA4C96F2E,DEBIT,POS,7809.6,Amazon,Shopping
66072419808,Amit Taylor,1958-06-08,"653 Park Ave, Bangalore, KA, 560001",PAN1176A,2023-10-02,F2305E67961F,CREDIT,NEFT,25764.66,Employer / Salary,Salary
73458045960,Karan Gupta,1985-05-24,"996 High St, Mumbai, MH, 400001",PAN4247A,2023-10-02,171735AD5636,DEBIT,POS,3474.81,Amazon,Shopping
52267998461,John Smith,1966-01-16,"456 MG Road, New York, NY, 10001",PAN2705E,2023-10-02,910AB3B72E8C,CREDIT,NEFT,26091.35,Employer / Salary,Salary
59506668561,Rohan Johnson,1962-02-26,"342 MG Road, Mumbai, MH, 400001",PAN6422D,2023-10-02,8A39B751A2BF,CREDIT,NEFT,26218.58,Employer / Salary,Salary
38820936246,Sneha Brown,1964-01-01,"280 Park Ave, Delhi, DL, 110001",PAN3274C,2023-10-02,F1F51C82C65A,CREDIT,CASH,49500.0,SELF,Branch Cash Deposit
65530184501,Pooja Doe,1991-11-18,"104 Main St, New York, NY, 10001",PAN5117B,2023-10-02,365A1E4D86E4,DEBIT,POS,13117.2,Amazon,Shopping
21215636661,Priya Gupta,1971-12-11,"507 Park Ave, Mumbai, MH, 400001",PAN7805D,2023-10-02,EFF38D86093A,CREDIT,NEFT,17077.32,Employer / Salary,Salary
69774016847,Sneha Doe,1978-09-25,"317 Park Ave, Bangalore, KA, 560001",PAN8031B,2023-10-02,F12442A5FF17,DEBIT,POS,4447.32,Amazon,Shopping
12216942157,Sneha Smith,1998-01-26,"535 Main St, Delhi, DL, 110001",PAN3127A,2023-10-02,A0F0C7C55C73,CREDIT,NEFT,34365.25,Employer / Salary,Salary
69774016847,Sneha Doe,1978-09-25,"317 Park Ave, Bangalore, KA, 560001",PAN8031B,2023-10-02,622F19C18A48,CREDIT,NEFT,5136.22,Employer / Salary,Salary
16978135670,Sarah Johnson,1970-09-20,"81 Park Ave, New York, NY, 10001",PAN8594C,2023-10-02,6DBAF65D1C99,CREDIT,NEFT,22662.99,Employer / Salary,Salary
38657767535,David Kumar,1986-10-10,"253 MG Road, Delhi, DL, 110001",PAN2032A,2023-10-02,E971C00F73FC,DEBIT,POS,6919.48,Amazon,Shopping
72764946459,John Mehta,1962-07-09,"538 High St, Mumbai, MH, 400001",PAN2928E,2023-10-02,FBD318127778,DEBIT,POS,6038.38,Amazon,Shopping
99129617972,Karan Taylor,1979-01-01,"237 Park Ave, Bangalore, KA, 560001",PAN7496A,2023-10-02,3B24283303C9,CREDIT,NEFT,9374.31,Employer / Salary,Salary
12216942157,Sneha Smith,1998-01-26,"535 Main St, Delhi, DL, 110001",PAN3127A,2023-10-02,4D71F45C7BD0,DEBIT,POS,14779.06,Amazon,Shopping
88372399312,Anjali Brown,1971-11-28,"850 High St, Bangalore, KA, 560001",PAN4990D,2023-10-02,2002540DE0A1,CREDIT,NEFT,15518.47,Employer / Salary,Salary
23750367692,John Mehta,1962-11-28,"409 Main St, Bangalore, KA, 560001",PAN3892C,2023-10-02,F800EB66D632,DEBIT,POS,6108.68,Amazon,Shopping
23077763372,Sneha Johnson,1967-04-10,"876 MG Road, Delhi, DL, 110001",PAN6792E,2023-10-02,955765873396,CREDIT,NEFT,23269.65,Employer / Salary,Salary
47134623182,Karan Patel,1950-03-16,"721 MG Road, Bangalore, KA, 560001",PAN4234D,2023-10-02,D4D116A7EDAD,CREDIT,NEFT,18806.85,Employer / Salary,Salary
90572286434,Rahul Jain,1994-01-11,"563 High St, Bangalore, KA, 560001",PAN8506B,2023-10-02,80BC13846BC9,DEBIT,POS,1839.24,Amazon,Shopping
84286033961,John Taylor,1965-05-18,"841 MG Road, Bangalore, KA, 560001",PAN4969D,2023-10-02,0B27B20A103A,DEBIT,POS,11229.35,Amazon,Shopping
88134083024,Priya Smith,1994-06-01,"474 High St, London, UK, EC1A 1BB",PAN3539C,2023-10-02,C5AFE3BC101B,DEBIT,POS,193.83,Amazon,Shopping
65923802905,Karan Kumar,1977-01-13,"52 Main St, Mumbai, MH, 400001",PAN7114B,2023-10-02,D73F6F367ABE,DEBIT,POS,13482.35,Amazon,Shopping
49843457405,Rohan Sharma,1974-04-27,"231 Park Ave, Bangalore, KA, 560001",PAN6734B,2023-10-03,3134B7F7C97E,CREDIT,NEFT,10852.83,Employer / Salary,Salary
60893495800,Neha Verma,1971-09-05,"373 Park Ave, Mumbai, MH, 400001",PAN2472E,2023-10-03,31C82FEF31E5,CREDIT,NEFT,26529.92,Employer / Salary,Salary
72764946459,John Mehta,1962-07-09,"538 High St, Mumbai, MH, 400001",PAN2928E,2023-10-03,F01BF1A42A0F,CREDIT,NEFT,6212.0,Employer / Salary,Salary
88134083024,Priya Smith,1994-06-01,"474 High St, London, UK, EC1A 1BB",PAN3539C,2023-10-03,BA8F3EC742C4,DEBIT,POS,7088.44,Amazon,Shopping
84149855424,Sarah Doe,1953-08-27,"515 Park Ave, London, UK, EC1A 1BB",PAN7408B,2023-10-03,B271E9C80260,DEBIT,POS,2738.66,Amazon,Shopping
81172125330,Rohan Verma,1958-09-05,"425 Park Ave, Bangalore, KA, 560001",PAN8394D,2023-10-03,E22DC0C1E00A,DEBIT,POS,8539.78,Amazon,Shopping
59506668561,Rohan Johnson,1962-02-26,"342 MG Road, Mumbai, MH, 400001",PAN6422D,2023-10-03,B45927D9FE38,DEBIT,POS,7542.78,Amazon,Shopping
59161678059,John Sharma,1960-04-23,"49 High St, Delhi, DL, 110001",PAN2713C,2023-10-03,953022D3D19A,DEBIT,POS,7207.99,Amazon,Shopping
51408605578,David Johnson,1970-01-05,"579 Park Ave, Bangalore, KA, 560001",PAN4083E,2023-10-03,A7D39B0B35C4,CREDIT,NEFT,5326.14,Employer / Salary,Salary
74511864590,Emma Johnson,1950-08-20,"847 High St, Delhi, DL, 110001",PAN3558A,2023-10-03,C008ECA10647,CREDIT,NEFT,19332.57,Employer / Salary,Salary
74511864590,Emma Johnson,1950-08-20,"847 High St, Delhi, DL, 110001",PAN3558A,2023-10-03,9CAD2D5742E2,CREDIT,NEFT,19382.21,Employer / Salary,Salary
74594585356,Michael Doe,1984-12-22,"639 Main St, Mumbai, MH, 400001",PAN1830C,2023-10-03,B8586E0A2FD8,CREDIT,NEFT,15356.43,Employer / Salary,Salary
27074076211,Vikram Kumar,1973-04-11,"992 Park Ave, Delhi, DL, 110001",PAN5679A,2023-10-03,4688FB3F26A2,DEBIT,POS,12408.58,Amazon,Shopping
78820846537,David Johnson,1967-07-10,"64 Main St, Delhi, DL, 110001",PAN2024B,2023-10-03,51EBE06D9566,CREDIT,IMPS,48000.0,UNKNOWN P2P,P2P Transfer
87073586854,Vikram Smith,1969-06-24,"229 MG Road, Bangalore, KA, 560001",PAN8845D,2023-10-03,9AD0BE37CCBD,DEBIT,POS,955.84,Amazon,Shopping
59993877563,Anjali Taylor,1961-10-20,"798 Main St, Delhi, DL, 110001",PAN9661B,2023-10-03,90F341AB5F29,CREDIT,NEFT,29187.01,Employer / Salary,Salary
89297439330,David Mehta,1965-09-23,"620 Main St, Mumbai, MH, 400001",PAN7508B,2023-10-03,C2625E1CC888,DEBIT,POS,7981.08,Amazon,Shopping
38820936246,Sneha Brown,1964-01-01,"280 Park Ave, Delhi, DL, 110001",PAN3274C,2023-10-03,C4A4FE36EADA,CREDIT,CASH,49500.0,SELF,Branch Cash Deposit
88134083024,Priya Smith,1994-06-01,"474 High St, London, UK, EC1A 1BB",PAN3539C,2023-10-03,DF64A18844E9,DEBIT,POS,8340.27,Amazon,Shopping
49843457405,Rohan Sharma,1974-04-27,"231 Park Ave, Bangalore, KA, 560001",PAN6734B,2023-10-03,F08A1177586E,CREDIT,NEFT,5222.97,Employer / Salary,Salary
84547616074,John Mehta,1976-11-20,"149 High St, New York, NY, 10001",PAN1582D,2023-10-03,205D7ABA43FF,CREDIT,NEFT,13026.33,Employer / Salary,Salary
14325166398,Priya Smith,1951-05-07,"341 High St, Bangalore, KA, 560001",PAN1416D,2023-10-03,BBF622A89CE0,DEBIT,POS,10753.79,Amazon,Shopping
10915709191,Sneha Sharma,1984-08-25,"151 MG Road, New York, NY, 10001",PAN9120C,2023-10-03,A92D28D2083E,DEBIT,POS,2037.5,Amazon,Shopping
23750367692,John Mehta,1962-11-28,"409 Main St, Bangalore, KA, 560001",PAN3892C,2023-10-04,FB1D5AA4A81B,CREDIT,NEFT,26703.34,Employer / Salary,Salary
97733443388,David Brown,1972-10-24,"231 Main St, Mumbai, MH, 400001",PAN2683A,2023-10-04,ED7D23760A25,CREDIT,NEFT,11532.15,Employer / Salary,Salary
51928945157,Rohan Taylor,1995-02-16,"162 Park Ave, Mumbai, MH, 400001",PAN8925A,2023-10-04,5E29527F6C6C,DEBIT,POS,14976.77,Amazon,Shopping
67611548402,David Gupta,1994-01-26,"700 MG Road, London, UK, EC1A 1BB",PAN5908B,2023-10-04,70E0FE6FF0AA,CREDIT,NEFT,15935.97,Employer / Salary,Salary
68536258506,Rahul Kumar,1960-09-25,"917 High St, New York, NY, 10001",PAN5061C,2023-10-04,65FB1809B90C,DEBIT,POS,12357.08,Amazon,Shopping
38657767535,David Kumar,1986-10-10,"253 MG Road, Delhi, DL, 110001",PAN2032A,2023-10-04,F1870015F38A,CREDIT,NEFT,25461.73,Employer / Salary,Salary
88134083024,Priya Smith,1994-06-01,"474 High St, London, UK, EC1A 1BB",PAN3539C,2023-10-04,68836A041F2E,CREDIT,NEFT,2999.03,Employer / Salary,Salary
27074076211,Vikram Kumar,1973-04-11,"992 Park Ave, Delhi, DL, 110001",PAN5679A,2023-10-04,1A8DF98CB523,CREDIT,NEFT,16186.91,Employer / Salary,Salary
17292873443,Rohan Sharma,1981-02-25,"153 High St, New York, NY, 10001",PAN6178D,2023-10-04,049848A75DC4,CREDIT,NEFT,31184.74,Employer / Salary,Salary
12598902645,Michael Verma,1979-02-05,"30 MG Road, Bangalore, KA, 560001",PAN7630A,2023-10-04,A9C230F1979F,CREDIT,NEFT,13993.32,Employer / Salary,Salary
38820936246,Sneha Brown,1964-01-01,"280 Park Ave, Delhi, DL, 110001",PAN3274C,2023-10-04,3D6600E66929,CREDIT,CASH,49500.0,SELF,Branch Cash Deposit
46103679233,Pooja Jain,1969-04-22,"916 Park Ave, London, UK, EC1A 1BB",PAN8087D,2023-10-04,9D0AF04867DB,CREDIT,NEFT,23231.12,Employer / Salary,Salary
68536258506,Rahul Kumar,1960-09-25,"917 High St, New York, NY, 10001",PAN5061C,2023-10-04,12876040C02A,DEBIT,POS,9480.66,Amazon,Shopping
84286033961,John Taylor,1965-05-18,"841 MG Road, Bangalore, KA, 560001",PAN4969D,2023-10-04,39F197DCB0F6,DEBIT,POS,8928.06,Amazon,Shopping
78560339461,Neha Mehta,1961-12-16,"393 MG Road, Delhi, DL, 110001",PAN2009A,2023-10-04,EFFC9807A18F,CREDIT,NEFT,30103.11,Employer / Salary,Salary
65530184501,Pooja Doe,1991-11-18,"104 Main St, New York, NY, 10001",PAN5117B,2023-10-04,757986BB2848,CREDIT,NEFT,29041.24,Employer / Salary,Salary
73458045960,Karan Gupta,1985-05-24,"996 High St, Mumbai, MH, 400001",PAN4247A,2023-10-04,7E93E143DDBC,CREDIT,NEFT,11561.55,Employer / Salary,Salary
81329539066,David Doe,1967-03-26,"445 Park Ave, Bangalore, KA, 560001",PAN5000A,2023-10-04,1B34C2D6FCD4,CREDIT,NEFT,5302.31,Employer / Salary,Salary
85792174432,Pooja Johnson,1984-10-21,"146 Main St, New York, NY, 10001",PAN4632D,2023-10-04,65B57430397D,DEBIT,POS,14694.59,Amazon,Shopping
74511864590,Emma Johnson,1950-08-20,"847 High St, Delhi, DL, 110001",PAN3558A,2023-10-04,1FAEC8DCD6C5,CREDIT,NEFT,6196.27,Employer / Salary,Salary
30143580171,Neha Gupta,1957-09-13,"759 Main St, Delhi, DL, 110001",PAN6997E,2023-10-04,FEB6E758C4BC,CREDIT,NEFT,11886.32,Employer / Salary,Salary
69173296540,Rahul Patel,1954-07-01,"438 MG Road, Mumbai, MH, 400001",PAN8917C,2023-10-04,F4389A7919F4,CREDIT,NEFT,30170.53,Employer / Salary,Salary
16804367297,Pooja Doe,1998-12-04,"889 High St, New York, NY, 10001",PAN2260E,2023-10-04,3A09CEC02B20,CREDIT,NEFT,31382.97,Employer / Salary,Salary
18634233392,John Johnson,1977-01-18,"223 Main St, London, UK, EC1A 1BB",PAN7462A,2023-10-04,2DAE12522789,CREDIT,NEFT,20319.3,Employer / Salary,Salary
56847251402,Sneha Verma,1979-11-23,"441 Park Ave, Mumbai, MH, 400001",PAN1501B,2023-10-04,4FBDA772871C,CREDIT,NEFT,29652.98,Employer / Salary,Salary
16804367297,Pooja Doe,1998-12-04,"889 High St, New York, NY, 10001",PAN2260E,2023-10-04,7C84E3757382,CREDIT,NEFT,24272.18,Employer / Salary,Salary
21858846381,Pooja Taylor,1967-02-13,"903 High St, New York, NY, 10001",PAN9349A,2023-10-05,08CA619E1EB8,DEBIT,POS,3210.92,Amazon,Shopping
67611548402,David Gupta,1994-01-26,"700 MG Road, London, UK, EC1A 1BB",PAN5908B,2023-10-05,0C3D79EF60EC,DEBIT,POS,7095.19,Amazon,Shopping
37120342693,Priya Singh,1978-04-11,"132 MG Road, London, UK, EC1A 1BB",PAN9121D,2023-10-05,6B852364F6B7,DEBIT,POS,338.84,Amazon,Shopping
68027852646,Rohan Mehta,1963-05-21,"416 Park Ave, Mumbai, MH, 400001",PAN7912D,2023-10-05,DEB0DC616FBF,DEBIT,POS,4842.25,Amazon,Shopping
86418769212,Karan Smith,1983-04-13,"841 MG Road, New York, NY, 10001",PAN7414E,2023-10-05,29B7CC12E051,CREDIT,NEFT,1711.07,Employer / Salary,Salary
51928945157,Rohan Taylor,1995-02-16,"162 Park Ave, Mumbai, MH, 400001",PAN8925A,2023-10-05,6B2275EFC341,DEBIT,POS,11535.94,Amazon,Shopping
45712503172,Emma Smith,1959-06-28,"846 Park Ave, Mumbai, MH, 400001",PAN8778D,2023-10-05,E4E6B235E4D5,DEBIT,POS,10402.05,Amazon,Shopping
45334322348,Karan Verma,1971-09-10,"984 High St, London, UK, EC1A 1BB",PAN7344B,2023-10-05,ACD6549C689D,CREDIT,NEFT,32847.04,Employer / Salary,Salary
76810697063,Pooja Singh,1993-03-16,"593 MG Road, Mumbai, MH, 400001",PAN1734E,2023-10-05,1C2BFED860DE,DEBIT,POS,7084.25,Amazon,Shopping
16978135670,Sarah Johnson,1970-09-20,"81 Park Ave, New York, NY, 10001",PAN8594C,2023-10-05,56DFB921963D,DEBIT,POS,1680.95,Amazon,Shopping
78820846537,David Johnson,1967-07-10,"64 Main St, Delhi, DL, 110001",PAN2024B,2023-10-05,9431CA12A1AF,CREDIT,IMPS,48000.0,UNKNOWN P2P,P2P Transfer
56847251402,Sneha Verma,1979-11-23,"441 Park Ave, Mumbai, MH, 400001",PAN1501B,2023-10-05,54EA925BA17B,DEBIT,POS,6631.95,Amazon,Shopping
13657793309,Rohan Smith,1992-04-09,"585 MG Road, Mumbai, MH, 400001",PAN7405A,2023-10-05,FFE494774137,DEBIT,POS,4946.47,Amazon,Shopping
80583668037,Pooja Smith,1964-03-10,"219 High St, Bangalore, KA, 560001",PAN3422E,2023-10-05,54028A2CE1C3,CREDIT,NEFT,2070.72,Employer / Salary,Salary
97733443388,David Brown,1972-10-24,"231 Main St, Mumbai, MH, 400001",PAN2683A,2023-10-05,AB009FDF0382,CREDIT,NEFT,13087.13,Employer / Salary,Salary
80330286380,David Jain,1991-03-23,"848 Main St, Delhi, DL, 110001",PAN5683C,2023-10-05,6CDE733835B5,CREDIT,NEFT,12978.62,Employer / Salary,Salary
45334322348,Karan Verma,1971-09-10,"984 High St, London, UK, EC1A 1BB",PAN7344B,2023-10-05,BBD41EA2A0A8,DEBIT,POS,11096.75,Amazon,Shopping
68027852646,Rohan Mehta,1963-05-21,"416 Park Ave, Mumbai, MH, 400001",PAN7912D,2023-10-05,69953C7D2200,CREDIT,NEFT,12997.26,Employer / Salary,Salary
70624341550,Rohan Verma,1969-05-17,"839 Park Ave, Delhi, DL, 110001",PAN3034D,2023-10-05,F3ACA6CECA38,DEBIT,POS,4089.44,Amazon,Shopping
76410032652,Anjali Kumar,1998-08-07,"548 Main St, Mumbai, MH, 400001",PAN3436D,2023-10-05,720FA935A975,CREDIT,NEFT,16902.14,Employer / Salary,Salary
50234132436,David Singh,1984-07-19,"561 MG Road, New York, NY, 10001",PAN2179A,2023-10-05,BEED43CDF174,CREDIT,NEFT,5427.48,Employer / Salary,Salary
84547616074,John Mehta,1976-11-20,"149 High St, New York, NY, 10001",PAN1582D,2023-10-05,7EC6D844B946,DEBIT,POS,12687.55,Amazon,Shopping
97733443388,David Brown,1972-10-24,"231 Main St, Mumbai, MH, 400001",PAN2683A,2023-10-05,C028C244BE54,DEBIT,POS,14875.62,Amazon,Shopping
54281383264,David Gupta,1993-09-08,"364 Park Ave, New York, NY, 10001",PAN5423C,2023-10-05,AA3C810D20F7,CREDIT,NEFT,8974.69,Employer / Salary,Salary
52267998461,John Smith,1966-01-16,"456 MG Road, New York, NY, 10001",PAN2705E,2023-10-05,3D636D29EE7B,CREDIT,NEFT,6061.46,Employer / Salary,Salary
62586375682,Anjali Brown,1973-06-23,"270 MG Road, Delhi, DL, 110001",PAN1838A,2023-10-05,BC88C6C4293C,DEBIT,POS,7191.88,Amazon,Shopping
65530184501,Pooja Doe,1991-11-18,"104 Main St, New York, NY, 10001",PAN5117B,2023-10-06,FD2F27F75435,CREDIT,NEFT,24796.4,Employer / Salary,Salary
12598902645,Michael Verma,1979-02-05,"30 MG Road, Bangalore, KA, 560001",PAN7630A,2023-10-06,5445B6071A8C,DEBIT,POS,4052.28,Amazon,Shopping
15423350995,Sneha Sharma,1975-03-13,"788 High St, Delhi, DL, 110001",PAN4344B,2023-10-06,23AFA1B3B1FD,DEBIT,POS,12545.64,Amazon,Shopping
46103679233,Pooja Jain,1969-04-22,"916 Park Ave, London, UK, EC1A 1BB",PAN8087D,2023-10-06,9E949F7810A9,CREDIT,NEFT,16325.61,Employer / Salary,Salary
26899345501,Sarah Verma,1975-06-16,"691 High St, London, UK, EC1A 1BB",PAN5595E,2023-10-06,9B7CA47FA0BA,CREDIT,NEFT,25669.72,Employer / Salary,Salary
52920365658,Karan Brown,1975-12-23,"844 Park Ave, Bangalore, KA, 560001",PAN2694A,2023-10-06,2B211D170C32,DEBIT,POS,10227.81,Amazon,Shopping
75000099430,Pooja Gupta,1961-07-24,"467 MG Road, New York, NY, 10001",PAN2512C,2023-10-06,FBAE0D38BAFD,CREDIT,NEFT,26797.13,Employer / Salary,Salary
51928945157,Rohan Taylor,1995-02-16,"162 Park Ave, Mumbai, MH, 400001",PAN8925A,2023-10-06,ACBF6F22A0A9,DEBIT,POS,10777.26,Amazon,Shopping
69774016847,Sneha Doe,1978-09-25,"317 Park Ave, Bangalore, KA, 560001",PAN8031B,2023-10-06,5BF7DB43C6FB,CREDIT,NEFT,6789.13,Employer / Salary,Salary
53686720781,Michael Verma,1957-09-28,"606 Main St, Delhi, DL, 110001",PAN7271E,2023-10-06,9A8B624CE202,CREDIT,NEFT,33659.54,Employer / Salary,Salary
33233889749,Sarah Taylor,1960-09-15,"294 Park Ave, Delhi, DL, 110001",PAN6247D,2023-10-06,7A820738279B,DEBIT,POS,2532.76,Amazon,Shopping
16978135670,Sarah Johnson,1970-09-20,"81 Park Ave, New York, NY, 10001",PAN8594C,2023-10-06,BA0BD551A245,DEBIT,POS,9159.41,Amazon,Shopping
70624341550,Rohan Verma,1969-05-17,"839 Park Ave, Delhi, DL, 110001",PAN3034D,2023-10-06,277E42264295,CREDIT,NEFT,6878.61,Employer / Salary,Salary
55427318669,John Jain,1966-05-24,"373 MG Road, London, UK, EC1A 1BB",PAN4668A,2023-10-06,A858164B28B2,CREDIT,NEFT,11064.04,Employer / Salary,Salary
51408605578,David Johnson,1970-01-05,"579 Park Ave, Bangalore, KA, 560001",PAN4083E,2023-10-06,C1B4C5EC2E53,CREDIT,NEFT,29148.4,Employer / Salary,Salary
49843457405,Rohan Sharma,1974-04-27,"231 Park Ave, Bangalore, KA, 560001",PAN6734B,2023-10-06,B61D6F451F9E,CREDIT,NEFT,26255.09,Employer / Salary,Salary
72943537134,Rahul Patel,1998-08-07,"330 MG Road, Delhi, DL, 110001",PAN6497D,2023-10-06,D75793D6C5CC,CREDIT,NEFT,20384.71,Employer / Salary,Salary
89208281088,Vikram Patel,1999-11-05,"13 High St, Mumbai, MH, 400001",PAN1478B,2023-10-06,1CDC99EE3F03,CREDIT,NEFT,7153.85,Employer / Salary,Salary
16978135670,Sarah Johnson,1970-09-20,"81 Park Ave, New York, NY, 10001",PAN8594C,2023-10-07,BB1A7AF0CDC6,DEBIT,POS,51.68,Amazon,Shopping
27074076211,Vikram Kumar,1973-04-11,"992 Park Ave, Delhi, DL, 110001",PAN5679A,2023-10-07,496F78EDBE86,DEBIT,POS,8317.9,Amazon,Shopping
27074076211,Vikram Kumar,1973-04-11,"992 Park Ave, Delhi, DL, 110001",PAN5679A,2023-10-07,9600E07170E3,DEBIT,POS,13245.74,Amazon,Shopping
99129617972,Karan Taylor,1979-01-01,"237 Park Ave, Bangalore, KA, 560001",PAN7496A,2023-10-07,FC842EFA76D1,CREDIT,NEFT,10102.53,Employer / Salary,Salary
88134083024,Priya Smith,1994-06-01,"474 High St, London, UK, EC1A 1BB",PAN3539C,2023-10-07,485C3033C0F7,DEBIT,POS,6756.45,Amazon,Shopping
68027852646,Rohan Mehta,1963-05-21,"416 Park Ave, Mumbai, MH, 400001",PAN7912D,2023-10-07,52B4B8369739,DEBIT,POS,4159.23,Amazon,Shopping
21215636661,Priya Gupta,1971-12-11,"507 Park Ave, Mumbai, MH, 400001",PAN7805D,2023-10-07,F6110F0DD69A,DEBIT,POS,6356.7,Amazon,Shopping
37120342693,Priya Singh,1978-04-11,"132 MG Road, London, UK, EC1A 1BB",PAN9121D,2023-10-07,BE38F56F95DC,CREDIT,NEFT,28920.32,Employer / Salary,Salary
80330286380,David Jain,1991-03-23,"848 Main St, Delhi, DL, 110001",PAN5683C,2023-10-07,89C09E0E6CA1,DEBIT,POS,8175.27,Amazon,Shopping
26899345501,Sarah Verma,1975-06-16,"691 High St, London, UK, EC1A 1BB",PAN5595E,2023-10-07,45CA627162D8,DEBIT,POS,11920.22,Amazon,Shopping
74594585356,Michael Doe,1984-12-22,"639 Main St, Mumbai, MH, 400001",PAN1830C,2023-10-07,3DBC02DF260B,CREDIT,NEFT,13654.65,Employer / Salary,Salary
23077763372,Sneha Johnson,1967-04-10,"876 MG Road, Delhi, DL, 110001",PAN6792E,2023-10-07,1858B31E1C5F,DEBIT,POS,8312.8,Amazon,Shopping
56072115380,John Sharma,1964-05-09,"935 Main St, Bangalore, KA, 560001",PAN1745B,2023-10-07,C9ED5D595833,CREDIT,NEFT,23380.27,Employer / Salary,Salary
12598902645,Michael Verma,1979-02-05,"30 MG Road, Bangalore, KA, 560001",PAN7630A,2023-10-07,88D54E73179A,CREDIT,NEFT,16104.95,Employer / Salary,Salary
81329539066,David Doe,1967-03-26,"445 Park Ave, Bangalore, KA, 560001",PAN5000A,2023-10-07,35FA37683375,DEBIT,POS,12458.09,Amazon,Shopping
69173296540,Rahul Patel,1954-07-01,"438 MG Road, Mumbai, MH, 400001",PAN8917C,2023-10-07,59AE06F5FEE8,DEBIT,POS,10405.99,Amazon,Shopping
65923802905,Karan Kumar,1977-01-13,"52 Main St, Mumbai, MH, 400001",PAN7114B,2023-10-07,F5C69E56A4F7,CREDIT,NEFT,20141.65,Employer / Salary,Salary
69173296540,Rahul Patel,1954-07-01,"438 MG Road, Mumbai, MH, 400001",PAN8917C,2023-10-07,95E8481CA7A5,DEBIT,POS,13993.44,Amazon,Shopping
10757283255,Rahul Smith,1998-07-09,"289 MG Road, Delhi, DL, 110001",PAN8763C,2023-10-07,4BF58B1F6648,DEBIT,POS,3660.51,Amazon,Shopping
78820846537,David Johnson,1967-07-10,"64 Main St, Delhi, DL, 110001",PAN2024B,2023-10-07,F1576198AEA1,CREDIT,IMPS,48000.0,UNKNOWN P2P,P2P Transfer
66997558634,Anjali Gupta,1991-06-20,"955 MG Road, New York, NY, 10001",PAN1543E,2023-10-07,92C49DCDC483,DEBIT,POS,8872.93,Amazon,Shopping
22455298608,Neha Taylor,1975-02-01,"287 High St, Delhi, DL, 110001",PAN2068C,2023-10-07,5AC6C8EFE625,DEBIT,POS,345.45,Amazon,Shopping
49294722421,Sarah Kumar,1997-06-10,"650 Park Ave, Delhi, DL, 110001",PAN2473A,2023-10-07,78CBD830FCAD,CREDIT,NEFT,21491.1,Employer / Salary,Salary
80052658840,John Patel,1962-04-09,"119 MG Road, London, UK, EC1A 1BB",PAN1711C,2023-10-07,5FD5FE45B5FB,CREDIT,NEFT,34512.23,Employer / Salary,Salary
81472727188,David Kumar,1975-10-26,"646 High St, Delhi, DL, 110001",PAN9295B,2023-10-07,73AD753B5C5F,DEBIT,POS,5751.91,Amazon,Shopping
55427318669,John Jain,1966-05-24,"373 MG Road, London, UK, EC1A 1BB",PAN4668A,2023-10-07,B5F57A40FA44,CREDIT,NEFT,32077.99,Employer / Salary,Salary
10757283255,Rahul Smith,1998-07-09,"289 MG Road, Delhi, DL, 110001",PAN8763C,2023-10-07,963F6F6F35C6,CREDIT,NEFT,26857.45,Employer / Salary,Salary
33952148511,Rahul Mehta,1996-08-17,"45 Park Ave, Bangalore, KA, 560001",PAN1721B,2023-10-07,2845F6C27899,DEBIT,POS,14015.41,Amazon,Shopping
54505115023,Neha Singh,1964-07-12,"119 MG Road, Mumbai, MH, 400001",PAN7485B,2023-10-07,3E2F69F902BF,DEBIT,POS,14487.18,Amazon,Shopping
37120342693,Priya Singh,1978-04-11,"132 MG Road, London, UK, EC1A 1BB",PAN9121D,2023-10-07,E55B92F91A42,CREDIT,NEFT,15672.66,Employer / Salary,Salary
18336101465,Emma Jain,1977-03-22,"18 Park Ave, London, UK, EC1A 1BB",PAN4876B,2023-10-07,DB6FF853DE8C,DEBIT,POS,10152.07,Amazon,Shopping
52920365658,Karan Brown,1975-12-23,"844 Park Ave, Bangalore, KA, 560001",PAN2694A,2023-10-07,4CC914DE432D,DEBIT,POS,9039.53,Amazon,Shopping
10757283255,Rahul Smith,1998-07-09,"289 MG Road, Delhi, DL, 110001",PAN8763C,2023-10-08,07741135FF5A,CREDIT,NEFT,3963.65,Employer / Salary,Salary
39692996882,Karan Gupta,1976-06-08,"188 Park Ave, Bangalore, KA, 560001",PAN3965B,2023-10-08,C8AC87F286D9,DEBIT,POS,2923.37,Amazon,Shopping
33233889749,Sarah Taylor,1960-09-15,"294 Park Ave, Delhi, DL, 110001",PAN6247D,2023-10-08,D89278ED48F0,DEBIT,POS,13841.09,Amazon,Shopping
54281383264,David Gupta,1993-09-08,"364 Park Ave, New York, NY, 10001",PAN5423C,2023-10-08,2025BED29E04,CREDIT,NEFT,15863.13,Employer / Salary,Salary
37664188145,David Smith,1993-10-16,"167 Park Ave, New York, NY, 10001",PAN9192E,2023-10-08,9CB2A5ADC5F2,DEBIT,POS,9223.41,Amazon,Shopping
65014010617,Karan Patel,1975-03-19,"134 MG Road, Bangalore, KA, 560001",PAN4209D,2023-10-08,B08402D101A0,CREDIT,NEFT,10271.51,Employer / Salary,Salary
61589809483,Rahul Gupta,1952-04-05,"499 Main St, Delhi, DL, 110001",PAN8328E,2023-10-08,6C136D9C118A,CREDIT,NEFT,9051.88,Employer / Salary,Salary
37089997609,Pooja Gupta,1987-12-01,"479 MG Road, Delhi, DL, 110001",PAN3886A,2023-10-08,95E737D3AFAD,DEBIT,POS,7194.56,Amazon,Shopping
11860997897,Amit Singh,1993-11-16,"118 MG Road, London, UK, EC1A 1BB",PAN1977D,2023-10-08,BBDA29C42AFE,DEBIT,POS,1258.62,Amazon,Shopping
61589809483,Rahul Gupta,1952-04-05,"499 Main St, Delhi, DL, 110001",PAN8328E,2023-10-08,0FFDF6C040CB,CREDIT,NEFT,18692.1,Employer / Salary,Salary
84149855424,Sarah Doe,1953-08-27,"515 Park Ave, London, UK, EC1A 1BB",PAN7408B,2023-10-08,FA7629B17F41,CREDIT,NEFT,17397.41,Employer / Salary,Salary
33233889749,Sarah Taylor,1960-09-15,"294 Park Ave, Delhi, DL, 110001",PAN6247D,2023-10-08,51FC3B49D59E,CREDIT,NEFT,10177.17,Employer / Salary,Salary
43331834024,Amit Kumar,1982-09-07,"449 High St, Bangalore, KA, 560001",PAN3595B,2023-10-08,EABB22CB4987,DEBIT,POS,11821.1,Amazon,Shopping
23849431352,Sarah Taylor,1953-11-27,"464 High St, New York, NY, 10001",PAN7877B,2023-10-08,9C02DE0A8416,DEBIT,POS,12852.86,Amazon,Shopping
68536258506,Rahul Kumar,1960-09-25,"917 High St, New York, NY, 10001",PAN5061C,2023-10-08,1D5F46418E47,DEBIT,POS,11106.09,Amazon,Shopping
66997558634,Anjali Gupta,1991-06-20,"955 MG Road, New York, NY, 10001",PAN1543E,2023-10-08,EC1658ABF95D,DEBIT,POS,5005.0,Amazon,Shopping
21858846381,Pooja Taylor,1967-02-13,"903 High St, New York, NY, 10001",PAN9349A,2023-10-08,1B3926C6CEC8,CREDIT,NEFT,31718.93,Employer / Salary,Salary
74594585356,Michael Doe,1984-12-22,"639 Main St, Mumbai, MH, 400001",PAN1830C,2023-10-08,6D1DD3D86978,DEBIT,POS,13955.72,Amazon,Shopping
37120342693,Priya Singh,1978-04-11,"132 MG Road, London, UK, EC1A 1BB",PAN9121D,2023-10-08,EBFFEAC9DF5B,DEBIT,POS,5378.88,Amazon,Shopping
72764946459,John Mehta,1962-07-09,"538 High St, Mumbai, MH, 400001",PAN2928E,2023-10-08,39A32FA70423,CREDIT,NEFT,17298.1,Employer / Salary,Salary
54789362237,Vikram Sharma,1994-01-15,"136 MG Road, Mumbai, MH, 400001",PAN5415C,2023-10-08,DBAACF811BC9,CREDIT,NEFT,9213.81,Employer / Salary,Salary
59993877563,Anjali Taylor,1961-10-20,"798 Main St, Delhi, DL, 110001",PAN9661B,2023-10-08,26F24A0D87E6,CREDIT,NEFT,31311.05,Employer / Salary,Salary
68536258506,Rahul Kumar,1960-09-25,"917 High St, New York, NY, 10001",PAN5061C,2023-10-08,86C2E5AD3CC6,CREDIT,NEFT,10379.24,Employer / Salary,Salary
70624341550,Rohan Verma,1969-05-17,"839 Park Ave, Delhi, DL, 110001",PAN3034D,2023-10-08,C96A76F767C2,CREDIT,NEFT,21920.81,Employer / Salary,Salary
17906362380,Anjali Singh,1961-02-21,"675 High St, Delhi, DL, 110001",PAN8219D,2023-10-08,5DF6AEB7C6DC,DEBIT,POS,11295.74,Amazon,Shopping
66664912329,Emma Kumar,1974-09-03,"342 MG Road, Delhi, DL, 110001",PAN9958B,2023-10-08,18311366E76B,DEBIT,POS,14419.65,Amazon,Shopping
39692996882,Karan Gupta,1976-06-08,"188 Park Ave, Bangalore, KA, 560001",PAN3965B,2023-10-08,A0C52B8A80B5,CREDIT,NEFT,20119.9,Employer / Salary,Salary
39692996882,Karan Gupta,1976-06-08,"188 Park Ave, Bangalore, KA, 560001",PAN3965B,2023-10-09,DDFD7C8D0CE9,DEBIT,POS,287.82,Amazon,Shopping
68892713352,John Singh,1977-08-11,"980 Main St, Mumbai, MH, 400001",PAN7057B,2023-10-09,069F816BD7A4,CREDIT,NEFT,25885.32,Employer / Salary,Salary
59506668561,Rohan Johnson,1962-02-26,"342 MG Road, Mumbai, MH, 400001",PAN6422D,2023-10-09,7F8E14747CF2,CREDIT,NEFT,3596.68,Employer / Salary,Salary
80052658840,John Patel,1962-04-09,"119 MG Road, London, UK, EC1A 1BB",PAN1711C,2023-10-09,5ABFB399E001,DEBIT,POS,4601.34,Amazon,Shopping
93842987268,Karan Smith,1952-12-02,"318 Main St, New York, NY, 10001",PAN1776B,2023-10-09,59F9551775BE,DEBIT,POS,12411.78,Amazon,Shopping
80330286380,David Jain,1991-03-23,"848 Main St, Delhi, DL, 110001",PAN5683C,2023-10-09,579FA733BC64,DEBIT,POS,1665.27,Amazon,Shopping
93831496319,Priya Singh,1994-08-04,"559 Main St, London, UK, EC1A 1BB",PAN6436C,2023-10-09,674845353BDF,CREDIT,NEFT,3344.54,Employer / Salary,Salary
37664188145,David Smith,1993-10-16,"167 Park Ave, New York, NY, 10001",PAN9192E,2023-10-09,6A33C9D0BF43,DEBIT,POS,6001.02,Amazon,Shopping
80583668037,Pooja Smith,1964-03-10,"219 High St, Bangalore, KA, 560001",PAN3422E,2023-10-09,9B082927C242,DEBIT,POS,13376.0,Amazon,Shopping
61589809483,Rahul Gupta,1952-04-05,"499 Main St, Delhi, DL, 110001",PAN8328E,2023-10-09,CC678998C0DD,CREDIT,NEFT,34437.79,Employer / Salary,Salary
21858846381,Pooja Taylor,1967-02-13,"903 High St, New York, NY, 10001",PAN9349A,2023-10-09,EB5EA5673FE3,DEBIT,POS,1020.73,Amazon,Shopping
30372053124,Karan Verma,1993-06-09,"843 Main St, London, UK, EC1A 1BB",PAN9418D,2023-10-09,CBA6E1593152,CREDIT,NEFT,16457.55,Employer / Salary,Salary
66997558634,Anjali Gupta,1991-06-20,"955 MG Road, New York, NY, 10001",PAN1543E,2023-10-09,F7F71542BAE1,CREDIT,NEFT,32935.64,Employer / Salary,Salary
21215636661,Priya Gupta,1971-12-11,"507 Park Ave, Mumbai, MH, 400001",PAN7805D,2023-10-09,FA55FA146AA2,DEBIT,POS,3225.6,Amazon,Shopping
51928945157,Rohan Taylor,1995-02-16,"162 Park Ave, Mumbai, MH, 400001",PAN8925A,2023-10-09,C773FC4C760F,DEBIT,POS,12955.7,Amazon,Shopping
28959444719,Neha Brown,2000-02-09,"866 High St, Mumbai, MH, 400001",PAN7064A,2023-10-09,A5BDB9B87DFB,DEBIT,POS,13888.88,Amazon,Shopping
39432607639,Vikram Johnson,1981-03-24,"127 MG Road, Delhi, DL, 110001",PAN8184B,2023-10-09,FC8A4E0D0A83,CREDIT,NEFT,11016.26,Employer / Salary,Salary
99129617972,Karan Taylor,1979-01-01,"237 Park Ave, Bangalore, KA, 560001",PAN7496A,2023-10-09,210A10541D5D,CREDIT,NEFT,6199.69,Employer / Salary,Salary
12598902645,Michael Verma,1979-02-05,"30 MG Road, Bangalore, KA, 560001",PAN7630A,2023-10-09,44939E616642,DEBIT,POS,8545.62,Amazon,Shopping
28959444719,Neha Brown,2000-02-09,"866 High St, Mumbai, MH, 400001",PAN7064A,2023-10-09,1649BCF077DA,CREDIT,NEFT,31654.13,Employer / Salary,Salary
61589809483,Rahul Gupta,1952-04-05,"499 Main St, Delhi, DL, 110001",PAN8328E,2023-10-09,A8D281D3E0E6,DEBIT,POS,5949.91,Amazon,Shopping
26046654712,Vikram Mehta,1979-01-12,"939 High St, Bangalore, KA, 560001",PAN7217D,2023-10-09,FACDB5A0EBF3,DEBIT,POS,13434.16,Amazon,Shopping
91062313268,Amit Sharma,1965-01-23,"88 Park Ave, Mumbai, MH, 400001",PAN3261B,2023-10-09,300B996F6D69,CREDIT,NEFT,27849.4,Employer / Salary,Salary
27074076211,Vikram Kumar,1973-04-11,"992 Park Ave, Delhi, DL, 110001",PAN5679A,2023-10-09,AA4C292CE3FE,DEBIT,POS,10128.67,Amazon,Shopping
78560339461,Neha Mehta,1961-12-16,"393 MG Road, Delhi, DL, 110001",PAN2009A,2023-10-09,8793F37603BF,DEBIT,POS,2796.24,Amazon,Shopping
50234132436,David Singh,1984-07-19,"561 MG Road, New York, NY, 10001",PAN2179A,2023-10-09,C7BCE789C5CF,DEBIT,POS,6104.16,Amazon,Shopping
78820846537,David Johnson,1967-07-10,"64 Main St, Delhi, DL, 110001",PAN2024B,2023-10-09,E3025632F987,CREDIT,IMPS,48000.0,UNKNOWN P2P,P2P Transfer
80330286380,David Jain,1991-03-23,"848 Main St, Delhi, DL, 110001",PAN5683C,2023-10-09,F06AEFC97507,CREDIT,NEFT,18234.88,Employer / Salary,Salary
35483108722,John Singh,1961-10-28,"529 High St, Delhi, DL, 110001",PAN5734A,2023-10-09,7691BB7005DA,DEBIT,POS,12398.2,Amazon,Shopping
43331834024,Amit Kumar,1982-09-07,"449 High St, Bangalore, KA, 560001",PAN3595B,2023-10-09,975925AE62BC,DEBIT,POS,2308.72,Amazon,Shopping
45334322348,Karan Verma,1971-09-10,"984 High St, London, UK, EC1A 1BB",PAN7344B,2023-10-10,AE1F32C751A5,CREDIT,NEFT,15452.42,Employer / Salary,Salary
52920365658,Karan Brown,1975-12-23,"844 Park Ave, Bangalore, KA, 560001",PAN2694A,2023-10-10,6CA81527D497,CREDIT,NEFT,12109.37,Employer / Salary,Salary
80583668037,Pooja Smith,1964-03-10,"219 High St, Bangalore, KA, 560001",PAN3422E,2023-10-10,1A71450148C5,DEBIT,POS,13099.22,Amazon,Shopping
21215636661,Priya Gupta,1971-12-11,"507 Park Ave, Mumbai, MH, 400001",PAN7805D,2023-10-10,74727A85961A,DEBIT,POS,7341.16,Amazon,Shopping
21858846381,Pooja Taylor,1967-02-13,"903 High St, New York, NY, 10001",PAN9349A,2023-10-10,967D19B03A3D,DEBIT,POS,6740.01,Amazon,Shopping
84149855424,Sarah Doe,1953-08-27,"515 Park Ave, London, UK, EC1A 1BB",PAN7408B,2023-10-10,0E60B2BC8257,DEBIT,POS,8104.29,Amazon,Shopping
80583668037,Pooja Smith,1964-03-10,"219 High St, Bangalore, KA, 560001",PAN3422E,2023-10-10,365D680C3B13,DEBIT,POS,7368.13,Amazon,Shopping
97733443388,David Brown,1972-10-24,"231 Main St, Mumbai, MH, 400001",PAN2683A,2023-10-10,8DE32CBBD901,DEBIT,POS,14258.12,Amazon,Shopping
76630989226,Rahul Johnson,1993-09-01,"744 Main St, Mumbai, MH, 400001",PAN9113C,2023-10-10,7E231C23D778,DEBIT,POS,5849.82,Amazon,Shopping
27074076211,Vikram Kumar,1973-04-11,"992 Park Ave, Delhi, DL, 110001",PAN5679A,2023-10-10,6FB5A64F45CA,DEBIT,POS,4334.94,Amazon,Shopping
70624341550,Rohan Verma,1969-05-17,"839 Park Ave, Delhi, DL, 110001",PAN3034D,2023-10-10,A29B516339AF,CREDIT,NEFT,13686.07,Employer / Salary,Salary
21858846381,Pooja Taylor,1967-02-13,"903 High St, New York, NY, 10001",PAN9349A,2023-10-10,C4439EF035E5,DEBIT,POS,8068.48,Amazon,Shopping
69804455360,Rohan Taylor,1984-03-14,"248 High St, New York, NY, 10001",PAN5394D,2023-10-10,153CFBFAAAE4,CREDIT,NEFT,16760.78,Employer / Salary,Salary
38820936246,Sneha Brown,1964-01-01,"280 Park Ave, Delhi, DL, 110001",PAN3274C,2023-10-10,F702BBCFA3F6,DEBIT,SWIFT,195000.0,GLOBAL TRADING LLC (Dubai),Invoice Payment
52267998461,John Smith,1966-01-16,"456 MG Road, New York, NY, 10001",PAN2705E,2023-10-10,02F4FE536BDE,DEBIT,POS,10725.2,Amazon,Shopping
94284184355,Anjali Patel,1997-03-08,"542 High St, Delhi, DL, 110001",PAN7701B,2023-10-10,C7BBD0480F3E,DEBIT,POS,12781.29,Amazon,Shopping
65923802905,Karan Kumar,1977-01-13,"52 Main St, Mumbai, MH, 400001",PAN7114B,2023-10-10,39908C4CB4FF,CREDIT,NEFT,18065.53,Employer / Salary,Salary
98003483004,Vikram Brown,1984-10-24,"571 Park Ave, New York, NY, 10001",PAN1088D,2023-10-10,870AF48BC3DC,CREDIT,NEFT,8804.09,Employer / Salary,Salary
61589809483,Rahul Gupta,1952-04-05,"499 Main St, Delhi, DL, 110001",PAN8328E,2023-10-10,77FF1EEA12CC,DEBIT,POS,10302.43,Amazon,Shopping
38391968766,David Gupta,1959-02-12,"839 High St, New York, NY, 10001",PAN4368E,2023-10-10,0326B738FF17,CREDIT,NEFT,4396.14,Employer / Salary,Salary
93842987268,Karan Smith,1952-12-02,"318 Main St, New York, NY, 10001",PAN1776B,2023-10-10,31240C9A3F6B,CREDIT,NEFT,13272.34,Employer / Salary,Salary
89297439330,David Mehta,1965-09-23,"620 Main St, Mumbai, MH, 400001",PAN7508B,2023-10-10,22F97833064B,CREDIT,NEFT,7082.4,Employer / Salary,Salary
52920365658,Karan Brown,1975-12-23,"844 Park Ave, Bangalore, KA, 560001",PAN2694A,2023-10-10,FAAD57ACB0C3,DEBIT,POS,2165.08,Amazon,Shopping
20994992968,Pooja Taylor,1976-11-28,"103 High St, New York, NY, 10001",PAN9782C,2023-10-10,FD8D3F34ECF7,CREDIT,NEFT,34335.74,Employer / Salary,Salary
66997558634,Anjali Gupta,1991-06-20,"955 MG Road, New York, NY, 10001",PAN1543E,2023-10-11,54C84E459357,DEBIT,POS,10023.15,Amazon,Shopping
13657793309,Rohan Smith,1992-04-09,"585 MG Road, Mumbai, MH, 400001",PAN7405A,2023-10-11,624EFF273715,CREDIT,NEFT,11503.55,Employer / Salary,Salary
76630989226,Rahul Johnson,1993-09-01,"744 Main St, Mumbai, MH, 400001",PAN9113C,2023-10-11,8C7E93501F0D,DEBIT,POS,10427.1,Amazon,Shopping
56072115380,John Sharma,1964-05-09,"935 Main St, Bangalore, KA, 560001",PAN1745B,2023-10-11,DBB50935FBFE,CREDIT,NEFT,3630.37,Employer / Salary,Salary
28959444719,Neha Brown,2000-02-09,"866 High St, Mumbai, MH, 400001",PAN7064A,2023-10-11,C851DA35A23E,CREDIT,NEFT,7380.05,Employer / Salary,Salary
51928945157,Rohan Taylor,1995-02-16,"162 Park Ave, Mumbai, MH, 400001",PAN8925A,2023-10-11,F9AFC6DF0590,DEBIT,POS,10203.19,Amazon,Shopping
23878170594,Priya Doe,1961-05-15,"822 Main St, New York, NY, 10001",PAN7763E,2023-10-11,2332B5D1514D,CREDIT,NEFT,1626.88,Employer / Salary,Salary
10915709191,Sneha Sharma,1984-08-25,"151 MG Road, New York, NY, 10001",PAN9120C,2023-10-11,F725C4D480FA,CREDIT,NEFT,7366.5,Employer / Salary,Salary
99129617972,Karan Taylor,1979-01-01,"237 Park Ave, Bangalore, KA, 560001",PAN7496A,2023-10-11,F33408547EBA,DEBIT,POS,2032.43,Amazon,Shopping
55427318669,John Jain,1966-05-24,"373 MG Road, London, UK, EC1A 1BB",PAN4668A,2023-10-11,1D9BF80F1489,DEBIT,POS,6649.83,Amazon,Shopping
26899345501,Sarah Verma,1975-06-16,"691 High St, London, UK, EC1A 1BB",PAN5595E,2023-10-11,8CD84D06BDE0,CREDIT,NEFT,17434.5,Employer / Salary,Salary
38657767535,David Kumar,1986-10-10,"253 MG Road, Delhi, DL, 110001",PAN2032A,2023-10-11,7F74162D4B15,DEBIT,POS,1171.76,Amazon,Shopping
55427318669,John Jain,1966-05-24,"373 MG Road, London, UK, EC1A 1BB",PAN4668A,2023-10-11,FC44B1F8C9E3,CREDIT,NEFT,21723.44,Employer / Salary,Salary
35483108722,John Singh,1961-10-28,"529 High St, Delhi, DL, 110001",PAN5734A,2023-10-11,AACB2C886B34,CREDIT,NEFT,20242.36,Employer / Salary,Salary
15423350995,Sneha Sharma,1975-03-13,"788 High St, Delhi, DL, 110001",PAN4344B,2023-10-11,C21D082A3BF5,DEBIT,POS,8035.44,Amazon,Shopping
29917034761,David Kumar,1958-11-03,"386 High St, Delhi, DL, 110001",PAN7751C,2023-10-11,D46A6597DFAD,CREDIT,NEFT,22246.07,Employer / Salary,Salary
65923802905,Karan Kumar,1977-01-13,"52 Main St, Mumbai, MH, 400001",PAN7114B,2023-10-11,FAEABD50C641,DEBIT,POS,11098.93,Amazon,Shopping
94284184355,Anjali Patel,1997-03-08,"542 High St, Delhi, DL, 110001",PAN7701B,2023-10-11,51B5E5CDC5D2,DEBIT,POS,1080.86,Amazon,Shopping
18336101465,Emma Jain,1977-03-22,"18 Park Ave, London, UK, EC1A 1BB",PAN4876B,2023-10-11,FF5DE65A163B,CREDIT,NEFT,28252.21,Employer / Salary,Salary
93831496319,Priya Singh,1994-08-04,"559 Main St, London, UK, EC1A 1BB",PAN6436C,2023-10-11,F47E88F8DF30,CREDIT,NEFT,16459.5,Employer / Salary,Salary
67611548402,David Gupta,1994-01-26,"700 MG Road, London, UK, EC1A 1BB",PAN5908B,2023-10-11,8260E5558076,CREDIT,NEFT,23320.22,Employer / Salary,Salary
18634233392,John Johnson,1977-01-18,"223 Main St, London, UK, EC1A 1BB",PAN7462A,2023-10-12,A76C1FF1999B,DEBIT,POS,14654.24,Amazon,Shopping
50946235198,Vikram Verma,1978-02-20,"551 High St, Bangalore, KA, 560001",PAN3935A,2023-10-12,13431C3D8619,CREDIT,NEFT,9998.6,Employer / Salary,Salary
13657793309,Rohan Smith,1992-04-09,"585 MG Road, Mumbai, MH, 400001",PAN7405A,2023-10-12,544CE699F958,CREDIT,NEFT,14422.43,Employer / Salary,Salary
85792174432,Pooja Johnson,1984-10-21,"146 Main St, New York, NY, 10001",PAN4632D,2023-10-12,82D008CAA1AC,DEBIT,POS,14595.24,Amazon,Shopping
39692996882,Karan Gupta,1976-06-08,"188 Park Ave, Bangalore, KA, 560001",PAN3965B,2023-10-12,035FD279EAFB,DEBIT,POS,11251.37,Amazon,Shopping
30143580171,Neha Gupta,1957-09-13,"759 Main St, Delhi, DL, 110001",PAN6997E,2023-10-12,C278A701B3CC,CREDIT,NEFT,32162.83,Employer / Salary,Salary
88372399312,Anjali Brown,1971-11-28,"850 High St, Bangalore, KA, 560001",PAN4990D,2023-10-12,C291FB054483,CREDIT,NEFT,27102.13,Employer / Salary,Salary
37664188145,David Smith,1993-10-16,"167 Park Ave, New York, NY, 10001",PAN9192E,2023-10-12,31A243FA2ECB,DEBIT,POS,14587.97,Amazon,Shopping
56847251402,Sneha Verma,1979-11-23,"441 Park Ave, Mumbai, MH, 400001",PAN1501B,2023-10-12,86D1D1C516B7,CREDIT,NEFT,14980.46,Employer / Salary,Salary
51408605578,David Johnson,1970-01-05,"579 Park Ave, Bangalore, KA, 560001",PAN4083E,2023-10-12,9F01D2C9A08E,CREDIT,NEFT,24228.74,Employer / Salary,Salary
69804455360,Rohan Taylor,1984-03-14,"248 High St, New York, NY, 10001",PAN5394D,2023-10-12,E0A8FC6E5B6F,CREDIT,NEFT,28133.47,Employer / Salary,Salary
14325166398,Priya Smith,1951-05-07,"341 High St, Bangalore, KA, 560001",PAN1416D,2023-10-12,47F70B3E7904,CREDIT,NEFT,33981.25,Employer / Salary,Salary
76810697063,Pooja Singh,1993-03-16,"593 MG Road, Mumbai, MH, 400001",PAN1734E,2023-10-12,8C07C576F3CD,DEBIT,POS,5029.13,Amazon,Shopping
76810697063,Pooja Singh,1993-03-16,"593 MG Road, Mumbai, MH, 400001",PAN1734E,2023-10-12,0070C37AC997,DEBIT,POS,5808.79,Amazon,Shopping
26046654712,Vikram Mehta,1979-01-12,"939 High St, Bangalore, KA, 560001",PAN7217D,2023-10-12,9DB940FAE73C,CREDIT,NEFT,4898.53,Employer / Salary,Salary
17292873443,Rohan Sharma,1981-02-25,"153 High St, New York, NY, 10001",PAN6178D,2023-10-12,1432B1BA6A6B,DEBIT,POS,10389.87,Amazon,Shopping
80330286380,David Jain,1991-03-23,"848 Main St, Delhi, DL, 110001",PAN5683C,2023-10-12,625235449203,DEBIT,POS,3586.74,Amazon,Shopping
74594585356,Michael Doe,1984-12-22,"639 Main St, Mumbai, MH, 400001",PAN1830C,2023-10-12,87FF748EEDCE,DEBIT,POS,1203.88,Amazon,Shopping
80330286380,David Jain,1991-03-23,"848 Main St, Delhi, DL, 110001",PAN5683C,2023-10-12,CF3C532DD453,CREDIT,NEFT,18166.02,Employer / Salary,Salary
30372053124,Karan Verma,1993-06-09,"843 Main St, London, UK, EC1A 1BB",PAN9418D,2023-10-12,EDE4B98F3570,DEBIT,POS,4210.15,Amazon,Shopping
99129617972,Karan Taylor,1979-01-01,"237 Park Ave, Bangalore, KA, 560001",PAN7496A,2023-10-12,49BEAB5E8DC3,DEBIT,POS,2659.54,Amazon,Shopping
76410032652,Anjali Kumar,1998-08-07,"548 Main St, Mumbai, MH, 400001",PAN3436D,2023-10-12,7A45DBB7B26F,DEBIT,POS,12369.92,Amazon,Shopping
72764946459,John Mehta,1962-07-09,"538 High St, Mumbai, MH, 400001",PAN2928E,2023-10-12,A89AA5A41A48,CREDIT,NEFT,28247.72,Employer / Salary,Salary
80583668037,Pooja Smith,1964-03-10,"219 High St, Bangalore, KA, 560001",PAN3422E,2023-10-12,DC2E034AD362,DEBIT,POS,641.89,Amazon,Shopping
76630989226,Rahul Johnson,1993-09-01,"744 Main St, Mumbai, MH, 400001",PAN9113C,2023-10-12,5E001F158FF2,CREDIT,NEFT,19146.82,Employer / Salary,Salary
73458045960,Karan Gupta,1985-05-24,"996 High St, Mumbai, MH, 400001",PAN4247A,2023-10-12,4B10EB87EB40,CREDIT,NEFT,32200.23,Employer / Salary,Salary
75000099430,Pooja Gupta,1961-07-24,"467 MG Road, New York, NY, 10001",PAN2512C,2023-10-12,AFBC55F054BE,DEBIT,POS,3753.66,Amazon,Shopping
94284184355,Anjali Patel,1997-03-08,"542 High St, Delhi, DL, 110001",PAN7701B,2023-10-12,ABC89E59EBAA,DEBIT,POS,8514.63,Amazon,Shopping
49294722421,Sarah Kumar,1997-06-10,"650 Park Ave, Delhi, DL, 110001",PAN2473A,2023-10-12,215B5910A05F,CREDIT,NEFT,15578.75,Employer / Salary,Salary
65014010617,Karan Patel,1975-03-19,"134 MG Road, Bangalore, KA, 560001",PAN4209D,2023-10-12,B4235ED0B046,CREDIT,NEFT,5135.82,Employer / Salary,Salary
15423350995,Sneha Sharma,1975-03-13,"788 High St, Delhi, DL, 110001",PAN4344B,2023-10-12,355D4220CFF2,CREDIT,NEFT,14145.19,Employer / Salary,Salary
97733443388,David Brown,1972-10-24,"231 Main St, Mumbai, MH, 400001",PAN2683A,2023-10-12,949E10F17003,DEBIT,POS,3058.45,Amazon,Shopping
68536258506,Rahul Kumar,1960-09-25,"917 High St, New York, NY, 10001",PAN5061C,2023-10-12,D7591D7B4066,DEBIT,POS,14684.0,Amazon,Shopping
11860997897,Amit Singh,1993-11-16,"118 MG Road, London, UK, EC1A 1BB",PAN1977D,2023-10-12,68144D05588B,DEBIT,POS,12215.02,Amazon,Shopping
15888736841,Rohan Gupta,1985-04-03,"186 MG Road, Delhi, DL, 110001",PAN9057E,2023-10-12,C7C345D8A494,CREDIT,NEFT,6651.78,Employer / Salary,Salary
74511864590,Emma Johnson,1950-08-20,"847 High St, Delhi, DL, 110001",PAN3558A,2023-10-13,97F4F0880261,DEBIT,POS,3603.25,Amazon,Shopping
75811844427,David Patel,1984-06-14,"695 Main St, Mumbai, MH, 400001",PAN3516A,2023-10-13,A42520299CCE,DEBIT,POS,13928.81,Amazon,Shopping
38657767535,David Kumar,1986-10-10,"253 MG Road, Delhi, DL, 110001",PAN2032A,2023-10-13,D7FC0B2FDF0E,CREDIT,NEFT,17687.41,Employer / Salary,Salary
66072419808,Amit Taylor,1958-06-08,"653 Park Ave, Bangalore, KA, 560001",PAN1176A,2023-10-13,80B7FF0DF761,DEBIT,POS,10651.48,Amazon,Shopping
23760786709,Pooja Smith,1995-12-25,"308 Main St, New York, NY, 10001",PAN6248E,2023-10-13,A36C48C98CDE,CREDIT,NEFT,17608.98,Employer / Salary,Salary
29917034761,David Kumar,1958-11-03,"386 High St, Delhi, DL, 110001",PAN7751C,2023-10-13,050C0D8FBA6E,CREDIT,NEFT,22355.82,Employer / Salary,Salary
65923802905,Karan Kumar,1977-01-13,"52 Main St, Mumbai, MH, 400001",PAN7114B,2023-10-13,F00AA7BBB4FE,DEBIT,POS,3227.85,Amazon,Shopping
78606049757,Karan Mehta,1998-02-21,"306 High St, Mumbai, MH, 400001",PAN1332D,2023-10-13,F29D853D33FB,CREDIT,NEFT,18098.45,Employer / Salary,Salary
17292873443,Rohan Sharma,1981-02-25,"153 High St, New York, NY, 10001",PAN6178D,2023-10-13,5642B724E559,DEBIT,POS,14919.94,Amazon,Shopping
93401732918,Karan Taylor,1992-03-25,"153 Park Ave, New York, NY, 10001",PAN2492A,2023-10-13,7CEBC5912EBA,CREDIT,NEFT,13120.93,Employer / Salary,Salary
65530184501,Pooja Doe,1991-11-18,"104 Main St, New York, NY, 10001",PAN5117B,2023-10-13,FD881693B534,DEBIT,POS,12401.28,Amazon,Shopping
54281383264,David Gupta,1993-09-08,"364 Park Ave, New York, NY, 10001",PAN5423C,2023-10-13,8DCCB03BFE8C,DEBIT,POS,10456.74,Amazon,Shopping
37089997609,Pooja Gupta,1987-12-01,"479 MG Road, Delhi, DL, 110001",PAN3886A,2023-10-13,6B79AF056005,CREDIT,NEFT,19250.21,Employer / Salary,Salary
16978135670,Sarah Johnson,1970-09-20,"81 Park Ave, New York, NY, 10001",PAN8594C,2023-10-13,9990D1C3336F,CREDIT,NEFT,17142.87,Employer / Salary,Salary
84286033961,John Taylor,1965-05-18,"841 MG Road, Bangalore, KA, 560001",PAN4969D,2023-10-13,A4582DCE1EED,DEBIT,POS,11216.53,Amazon,Shopping
39432607639,Vikram Johnson,1981-03-24,"127 MG Road, Delhi, DL, 110001",PAN8184B,2023-10-13,9EB6A39BFDCE,DEBIT,POS,14673.28,Amazon,Shopping
81329539066,David Doe,1967-03-26,"445 Park Ave, Bangalore, KA, 560001",PAN5000A,2023-10-13,5FC6D7EB6935,CREDIT,NEFT,32476.57,Employer / Salary,Salary
51408605578,David Johnson,1970-01-05,"579 Park Ave, Bangalore, KA, 560001",PAN4083E,2023-10-13,BB320039F2A0,CREDIT,NEFT,14625.41,Employer / Salary,Salary
85792174432,Pooja Johnson,1984-10-21,"146 Main St, New York, NY, 10001",PAN4632D,2023-10-13,951373D75DA9,DEBIT,POS,10730.6,Amazon,Shopping
52920365658,Karan Brown,1975-12-23,"844 Park Ave, Bangalore, KA, 560001",PAN2694A,2023-10-13,E8A8E131205D,CREDIT,NEFT,18006.37,Employer / Salary,Salary
16978135670,Sarah Johnson,1970-09-20,"81 Park Ave, New York, NY, 10001",PAN8594C,2023-10-13,E1B62650BFC4,CREDIT,NEFT,10534.0,Employer / Salary,Salary
54281383264,David Gupta,1993-09-08,"364 Park Ave, New York, NY, 10001",PAN5423C,2023-10-13,12C6BB71DC0F,CREDIT,NEFT,14437.96,Employer / Salary,Salary
49294722421,Sarah Kumar,1997-06-10,"650 Park Ave, Delhi, DL, 110001",PAN2473A,2023-10-13,2C171AA8BE85,DEBIT,POS,568.99,Amazon,Shopping
61589809483,Rahul Gupta,1952-04-05,"499 Main St, Delhi, DL, 110001",PAN8328E,2023-10-14,452DB96FFA6D,CREDIT,NEFT,13881.47,Employer / Salary,Salary
74594585356,Michael Doe,1984-12-22,"639 Main St, Mumbai, MH, 400001",PAN1830C,2023-10-14,DA299DAA16E4,CREDIT,NEFT,7130.83,Employer / Salary,Salary
89208281088,Vikram Patel,1999-11-05,"13 High St, Mumbai, MH, 400001",PAN1478B,2023-10-14,8A407C5F54E7,CREDIT,NEFT,2474.29,Employer / Salary,Salary
93831496319,Priya Singh,1994-08-04,"559 Main St, London, UK, EC1A 1BB",PAN6436C,2023-10-14,DED3F4222D35,CREDIT,NEFT,23691.53,Employer / Salary,Salary
10757283255,Rahul Smith,1998-07-09,"289 MG Road, Delhi, DL, 110001",PAN8763C,2023-10-14,1A240675EAFC,DEBIT,POS,1904.1,Amazon,Shopping
47134623182,Karan Patel,1950-03-16,"721 MG Road, Bangalore, KA, 560001",PAN4234D,2023-10-14,DB258737D058,DEBIT,POS,5469.34,Amazon,Shopping
66072419808,Amit Taylor,1958-06-08,"653 Park Ave, Bangalore, KA, 560001",PAN1176A,2023-10-14,1427F7DDCE03,DEBIT,POS,4046.03,Amazon,Shopping
88134083024,Priya Smith,1994-06-01,"474 High St, London, UK, EC1A 1BB",PAN3539C,2023-10-14,5BB7D5B0A88D,DEBIT,POS,8795.44,Amazon,Shopping
17906362380,Anjali Singh,1961-02-21,"675 High St, Delhi, DL, 110001",PAN8219D,2023-10-14,E698B8CA45A3,CREDIT,NEFT,7071.31,Employer / Salary,Salary
66664912329,Emma Kumar,1974-09-03,"342 MG Road, Delhi, DL, 110001",PAN9958B,2023-10-14,EE44D08F241D,CREDIT,NEFT,22807.19,Employer / Salary,Salary
60893495800,Neha Verma,1971-09-05,"373 Park Ave, Mumbai, MH, 400001",PAN2472E,2023-10-14,76ECD5C2881F,DEBIT,POS,7368.56,Amazon,Shopping
76410032652,Anjali Kumar,1998-08-07,"548 Main St, Mumbai, MH, 400001",PAN3436D,2023-10-14,C48C27B73BE6,CREDIT,NEFT,2806.05,Employer / Salary,Salary
66664912329,Emma Kumar,1974-09-03,"342 MG Road, Delhi, DL, 110001",PAN9958B,2023-10-14,A160EFC891E7,CREDIT,NEFT,28235.7,Employer / Salary,Salary
46807880988,David Doe,1951-02-22,"330 Main St, Bangalore, KA, 560001",PAN5379B,2023-10-14,A0B3A2029586,DEBIT,POS,1236.14,Amazon,Shopping
47134623182,Karan Patel,1950-03-16,"721 MG Road, Bangalore, KA, 560001",PAN4234D,2023-10-14,F3521C29A82E,CREDIT,NEFT,2936.6,Employer / Salary,Salary
87073586854,Vikram Smith,1969-06-24,"229 MG Road, Bangalore, KA, 560001",PAN8845D,2023-10-14,DB7109BDA713,DEBIT,POS,12606.17,Amazon,Shopping
89208281088,Vikram Patel,1999-11-05,"13 High St, Mumbai, MH, 400001",PAN1478B,2023-10-14,CEDCD688D743,CREDIT,NEFT,13901.15,Employer / Salary,Salary
94284184355,Anjali Patel,1997-03-08,"542 High St, Delhi, DL, 110001",PAN7701B,2023-10-14,0FC801DF6DCA,DEBIT,POS,10392.36,Amazon,Shopping
11860997897,Amit Singh,1993-11-16,"118 MG Road, London, UK, EC1A 1BB",PAN1977D,2023-10-14,9608B4C13AD0,CREDIT,NEFT,20281.51,Employer / Salary,Salary
93842987268,Karan Smith,1952-12-02,"318 Main St, New York, NY, 10001",PAN1776B,2023-10-15,E5AC1AF52707,CREDIT,NEFT,16548.9,Employer / Salary,Salary
97733443388,David Brown,1972-10-24,"231 Main St, Mumbai, MH, 400001",PAN2683A,2023-10-15,E0A5DEB74B41,CREDIT,NEFT,11348.66,Employer / Salary,Salary
15423350995,Sneha Sharma,1975-03-13,"788 High St, Delhi, DL, 110001",PAN4344B,2023-10-15,86691BA3119E,CREDIT,NEFT,1138.42,Employer / Salary,Salary
78098709516,Pooja Taylor,1956-11-09,"926 Park Ave, Bangalore, KA, 560001",PAN1092A,2023-10-15,EFF0E00B2898,DEBIT,POS,3659.85,Amazon,Shopping
59993877563,Anjali Taylor,1961-10-20,"798 Main St, Delhi, DL, 110001",PAN9661B,2023-10-15,5C2AA7C789E9,DEBIT,POS,1547.94,Amazon,Shopping
12598902645,Michael Verma,1979-02-05,"30 MG Road, Bangalore, KA, 560001",PAN7630A,2023-10-15,98CB89995092,DEBIT,POS,12844.52,Amazon,Shopping
65923802905,Karan Kumar,1977-01-13,"52 Main St, Mumbai, MH, 400001",PAN7114B,2023-10-15,0A6A22103CBF,DEBIT,POS,9556.19,Amazon,Shopping
60893495800,Neha Verma,1971-09-05,"373 Park Ave, Mumbai, MH, 400001",PAN2472E,2023-10-15,B755E26EEB0F,DEBIT,POS,8535.68,Amazon,Shopping
75000099430,Pooja Gupta,1961-07-24,"467 MG Road, New York, NY, 10001",PAN2512C,2023-10-15,F10021A1F513,CREDIT,NEFT,1500.67,Employer / Salary,Salary
33233889749,Sarah Taylor,1960-09-15,"294 Park Ave, Delhi, DL, 110001",PAN6247D,2023-10-15,FABF8E5DC889,DEBIT,POS,12194.76,Amazon,Shopping
54884929551,Sneha Doe,1998-03-09,"467 Park Ave, New York, NY, 10001",PAN8185D,2023-10-15,1FDAA731D58B,CREDIT,WIRE,3000000.0,APEX HOLDINGS LTD,Consulting Retainer
78098709516,Pooja Taylor,1956-11-09,"926 Park Ave, Bangalore, KA, 560001",PAN1092A,2023-10-15,93FEEF6CEA3C,DEBIT,POS,5417.51,Amazon,Shopping
80330286380,David Jain,1991-03-23,"848 Main St, Delhi, DL, 110001",PAN5683C,2023-10-15,6949E9781647,DEBIT,POS,12752.95,Amazon,Shopping
93831496319,Priya Singh,1994-08-04,"559 Main St, London, UK, EC1A 1BB",PAN6436C,2023-10-15,21A13F48AC9C,DEBIT,POS,4683.09,Amazon,Shopping
90572286434,Rahul Jain,1994-01-11,"563 High St, Bangalore, KA, 560001",PAN8506B,2023-10-15,0E12A899133C,CREDIT,NEFT,7782.12,Employer / Salary,Salary
69804455360,Rohan Taylor,1984-03-14,"248 High St, New York, NY, 10001",PAN5394D,2023-10-15,A58C4D567587,DEBIT,POS,1045.03,Amazon,Shopping
98003483004,Vikram Brown,1984-10-24,"571 Park Ave, New York, NY, 10001",PAN1088D,2023-10-15,637A2DEE3701,CREDIT,NEFT,20751.04,Employer / Salary,Salary
52267998461,John Smith,1966-01-16,"456 MG Road, New York, NY, 10001",PAN2705E,2023-10-15,1961035979CD,CREDIT,NEFT,21917.92,Employer / Salary,Salary
80583668037,Pooja Smith,1964-03-10,"219 High St, Bangalore, KA, 560001",PAN3422E,2023-10-15,FB9A4AF75976,CREDIT,NEFT,13823.45,Employer / Salary,Salary
45334322348,Karan Verma,1971-09-10,"984 High St, London, UK, EC1A 1BB",PAN7344B,2023-10-15,938D130A511A,DEBIT,POS,10474.02,Amazon,Shopping
81329539066,David Doe,1967-03-26,"445 Park Ave, Bangalore, KA, 560001",PAN5000A,2023-10-15,43C7736666DC,DEBIT,POS,3842.92,Amazon,Shopping
80330286380,David Jain,1991-03-23,"848 Main St, Delhi, DL, 110001",PAN5683C,2023-10-15,BD52EFE56ED6,DEBIT,POS,6876.43,Amazon,Shopping
45712503172,Emma Smith,1959-06-28,"846 Park Ave, Mumbai, MH, 400001",PAN8778D,2023-10-15,8F95310BDD6D,CREDIT,NEFT,21957.67,Employer / Salary,Salary
54884929551,Sneha Doe,1998-03-09,"467 Park Ave, New York, NY, 10001",PAN8185D,2023-10-16,6B244F3F4B35,DEBIT,SWIFT,590000.0,SHELL CORP 3 (Cayman Islands),Logistics Services
80583668037,Pooja Smith,1964-03-10,"219 High St, Bangalore, KA, 560001",PAN3422E,2023-10-16,1139976B7E7A,DEBIT,POS,2980.77,Amazon,Shopping
10757283255,Rahul Smith,1998-07-09,"289 MG Road, Delhi, DL, 110001",PAN8763C,2023-10-16,36B38E072FBF,DEBIT,POS,3495.43,Amazon,Shopping
54884929551,Sneha Doe,1998-03-09,"467 Park Ave, New York, NY, 10001",PAN8185D,2023-10-16,D4723E23ED2D,DEBIT,SWIFT,590000.0,SHELL CORP 1 (Cayman Islands),Logistics Services
56847251402,Sneha Verma,1979-11-23,"441 Park Ave, Mumbai, MH, 400001",PAN1501B,2023-10-16,445EE34299DC,CREDIT,NEFT,33910.29,Employer / Salary,Salary
88372399312,Anjali Brown,1971-11-28,"850 High St, Bangalore, KA, 560001",PAN4990D,2023-10-16,DD9E1C9EF7D8,DEBIT,POS,1649.51,Amazon,Shopping
74212078458,Vikram Patel,1980-01-20,"752 Main St, London, UK, EC1A 1BB",PAN6821D,2023-10-16,0715FD26D263,CREDIT,NEFT,23814.01,Employer / Salary,Salary
18634233392,John Johnson,1977-01-18,"223 Main St, London, UK, EC1A 1BB",PAN7462A,2023-10-16,AECB1C1F900D,CREDIT,NEFT,6742.4,Employer / Salary,Salary
84286033961,John Taylor,1965-05-18,"841 MG Road, Bangalore, KA, 560001",PAN4969D,2023-10-16,44B81A15AE9B,CREDIT,NEFT,26753.53,Employer / Salary,Salary
23878170594,Priya Doe,1961-05-15,"822 Main St, New York, NY, 10001",PAN7763E,2023-10-16,FCEF76A4B187,CREDIT,NEFT,8241.42,Employer / Salary,Salary
78560339461,Neha Mehta,1961-12-16,"393 MG Road, Delhi, DL, 110001",PAN2009A,2023-10-16,351F5E1D5615,CREDIT,NEFT,25344.62,Employer / Salary,Salary
16978135670,Sarah Johnson,1970-09-20,"81 Park Ave, New York, NY, 10001",PAN8594C,2023-10-16,CDB4064A1EDB,DEBIT,POS,9204.66,Amazon,Shopping
54884929551,Sneha Doe,1998-03-09,"467 Park Ave, New York, NY, 10001",PAN8185D,2023-10-16,03BF2D93A303,DEBIT,SWIFT,590000.0,SHELL CORP 2 (Cayman Islands),Logistics Services
54884929551,Sneha Doe,1998-03-09,"467 Park Ave, New York, NY, 10001",PAN8185D,2023-10-16,F5C0465AC413,DEBIT,SWIFT,590000.0,SHELL CORP 4 (Cayman Islands),Logistics Services
75000099430,Pooja Gupta,1961-07-24,"467 MG Road, New York, NY, 10001",PAN2512C,2023-10-16,F40604D5386F,DEBIT,POS,8232.27,Amazon,Shopping
68892713352,John Singh,1977-08-11,"980 Main St, Mumbai, MH, 400001",PAN7057B,2023-10-16,3A9F2E9D2044,CREDIT,NEFT,20156.18,Employer / Salary,Salary
23760786709,Pooja Smith,1995-12-25,"308 Main St, New York, NY, 10001",PAN6248E,2023-10-16,2E6EF3553E71,DEBIT,POS,14974.21,Amazon,Shopping
46807880988,David Doe,1951-02-22,"330 Main St, Bangalore, KA, 560001",PAN5379B,2023-10-16,EBDAF0B837FD,CREDIT,NEFT,16673.92,Employer / Salary,Salary
98003483004,Vikram Brown,1984-10-24,"571 Park Ave, New York, NY, 10001",PAN1088D,2023-10-16,ABEC57E64983,CREDIT,NEFT,6145.19,Employer / Salary,Salary
20994992968,Pooja Taylor,1976-11-28,"103 High St, New York, NY, 10001",PAN9782C,2023-10-16,B55DBDEA2893,DEBIT,POS,5708.23,Amazon,Shopping
42035385933,Rahul Doe,1971-03-01,"877 MG Road, Bangalore, KA, 560001",PAN4352A,2023-10-16,3D5AE4E59593,CREDIT,NEFT,5106.28,Employer / Salary,Salary
19487935036,John Sharma,1981-02-18,"216 Park Ave, Mumbai, MH, 400001",PAN9734A,2023-10-16,47B667E0E038,DEBIT,POS,4281.44,Amazon,Shopping
88372399312,Anjali Brown,1971-11-28,"850 High St, Bangalore, KA, 560001",PAN4990D,2023-10-16,6E31C9210949,CREDIT,NEFT,28184.48,Employer / Salary,Salary
51928945157,Rohan Taylor,1995-02-16,"162 Park Ave, Mumbai, MH, 400001",PAN8925A,2023-10-16,5970B78B414C,CREDIT,NEFT,11361.48,Employer / Salary,Salary
74212078458,Vikram Patel,1980-01-20,"752 Main St, London, UK, EC1A 1BB",PAN6821D,2023-10-16,0C8B8FB66599,CREDIT,NEFT,15460.62,Employer / Salary,Salary
72764946459,John Mehta,1962-07-09,"538 High St, Mumbai, MH, 400001",PAN2928E,2023-10-16,6B923BA7675B,DEBIT,POS,4055.56,Amazon,Shopping
87073586854,Vikram Smith,1969-06-24,"229 MG Road, Bangalore, KA, 560001",PAN8845D,2023-10-16,4D539C976819,DEBIT,POS,537.53,Amazon,Shopping
28959444719,Neha Brown,2000-02-09,"866 High St, Mumbai, MH, 400001",PAN7064A,2023-10-16,FEB2AB03AFCD,CREDIT,NEFT,30683.88,Employer / Salary,Salary
52267998461,John Smith,1966-01-16,"456 MG Road, New York, NY, 10001",PAN2705E,2023-10-16,D93CC8654111,CREDIT,NEFT,5186.15,Employer / Salary,Salary
54884929551,Sneha Doe,1998-03-09,"467 Park Ave, New York, NY, 10001",PAN8185D,2023-10-16,FF9EB3E85A43,DEBIT,SWIFT,590000.0,SHELL CORP 0 (Cayman Islands),Logistics Services
17906362380,Anjali Singh,1961-02-21,"675 High St, Delhi, DL, 110001",PAN8219D,2023-10-16,9D95E4290F4A,CREDIT,NEFT,9932.55,Employer / Salary,Salary
65014010617,Karan Patel,1975-03-19,"134 MG Road, Bangalore, KA, 560001",PAN4209D,2023-10-16,11AE4A430962,CREDIT,NEFT,22242.17,Employer / Salary,Salary
74511864590,Emma Johnson,1950-08-20,"847 High St, Delhi, DL, 110001",PAN3558A,2023-10-16,BEE743B02B1C,CREDIT,NEFT,21092.93,Employer / Salary,Salary
75000099430,Pooja Gupta,1961-07-24,"467 MG Road, New York, NY, 10001",PAN2512C,2023-10-17,AE4E876E7677,DEBIT,POS,12792.17,Amazon,Shopping
16804367297,Pooja Doe,1998-12-04,"889 High St, New York, NY, 10001",PAN2260E,2023-10-17,C5BD937D4A62,CREDIT,NEFT,21882.75,Employer / Salary,Salary
51408605578,David Johnson,1970-01-05,"579 Park Ave, Bangalore, KA, 560001",PAN4083E,2023-10-17,3D16EE66909C,CREDIT,NEFT,10382.24,Employer / Salary,Salary
50234132436,David Singh,1984-07-19,"561 MG Road, New York, NY, 10001",PAN2179A,2023-10-17,10865D84C9B4,DEBIT,POS,533.79,Amazon,Shopping
84286033961,John Taylor,1965-05-18,"841 MG Road, Bangalore, KA, 560001",PAN4969D,2023-10-17,6B5CAE764E52,CREDIT,NEFT,19510.68,Employer / Salary,Salary
72943537134,Rahul Patel,1998-08-07,"330 MG Road, Delhi, DL, 110001",PAN6497D,2023-10-17,6AE3178A2F49,DEBIT,POS,11859.18,Amazon,Shopping
78606049757,Karan Mehta,1998-02-21,"306 High St, Mumbai, MH, 400001",PAN1332D,2023-10-17,41815231A1D3,CREDIT,NEFT,22875.56,Employer / Salary,Salary
59506668561,Rohan Johnson,1962-02-26,"342 MG Road, Mumbai, MH, 400001",PAN6422D,2023-10-17,6C053FFE4F6C,CREDIT,NEFT,30919.22,Employer / Salary,Salary
21858846381,Pooja Taylor,1967-02-13,"903 High St, New York, NY, 10001",PAN9349A,2023-10-17,E939A7883A3C,CREDIT,NEFT,31503.78,Employer / Salary,Salary
15888736841,Rohan Gupta,1985-04-03,"186 MG Road, Delhi, DL, 110001",PAN9057E,2023-10-17,E38D326F8CB7,CREDIT,NEFT,7901.03,Employer / Salary,Salary
74212078458,Vikram Patel,1980-01-20,"752 Main St, London, UK, EC1A 1BB",PAN6821D,2023-10-17,DA9C8EC2B485,CREDIT,NEFT,31585.01,Employer / Salary,Salary
18634233392,John Johnson,1977-01-18,"223 Main St, London, UK, EC1A 1BB",PAN7462A,2023-10-17,23B114781409,DEBIT,POS,14907.91,Amazon,Shopping
62586375682,Anjali Brown,1973-06-23,"270 MG Road, Delhi, DL, 110001",PAN1838A,2023-10-17,07F7CE8BEB0B,CREDIT,NEFT,4476.29,Employer / Salary,Salary
81329539066,David Doe,1967-03-26,"445 Park Ave, Bangalore, KA, 560001",PAN5000A,2023-10-17,2567B5FCDCA1,DEBIT,POS,10415.15,Amazon,Shopping
11860997897,Amit Singh,1993-11-16,"118 MG Road, London, UK, EC1A 1BB",PAN1977D,2023-10-17,6F80127700AA,DEBIT,POS,12668.55,Amazon,Shopping
17292873443,Rohan Sharma,1981-02-25,"153 High St, New York, NY, 10001",PAN6178D,2023-10-17,A97DC5F8A390,DEBIT,POS,7779.31,Amazon,Shopping
85792174432,Pooja Johnson,1984-10-21,"146 Main St, New York, NY, 10001",PAN4632D,2023-10-17,47EFC23E423D,DEBIT,POS,7813.2,Amazon,Shopping
89297439330,David Mehta,1965-09-23,"620 Main St, Mumbai, MH, 400001",PAN7508B,2023-10-18,6517F6CF4F7C,CREDIT,NEFT,17235.26,Employer / Salary,Salary
15423350995,Sneha Sharma,1975-03-13,"788 High St, Delhi, DL, 110001",PAN4344B,2023-10-18,98B0524E4D1D,DEBIT,POS,9133.62,Amazon,Shopping
84547616074,John Mehta,1976-11-20,"149 High St, New York, NY, 10001",PAN1582D,2023-10-18,7D06A2C0D131,DEBIT,POS,10350.39,Amazon,Shopping
38657767535,David Kumar,1986-10-10,"253 MG Road, Delhi, DL, 110001",PAN2032A,2023-10-18,F3F2BF7EA91E,DEBIT,POS,10224.2,Amazon,Shopping
51928945157,Rohan Taylor,1995-02-16,"162 Park Ave, Mumbai, MH, 400001",PAN8925A,2023-10-18,39BD4CE222B4,DEBIT,POS,2707.53,Amazon,Shopping
76410032652,Anjali Kumar,1998-08-07,"548 Main St, Mumbai, MH, 400001",PAN3436D,2023-10-18,75313ED94C87,CREDIT,NEFT,2293.37,Employer / Salary,Salary
74594585356,Michael Doe,1984-12-22,"639 Main St, Mumbai, MH, 400001",PAN1830C,2023-10-18,31996D16D4FE,CREDIT,NEFT,4158.41,Employer / Salary,Salary
80052658840,John Patel,1962-04-09,"119 MG Road, London, UK, EC1A 1BB",PAN1711C,2023-10-18,3362E27B9FC0,DEBIT,POS,4662.81,Amazon,Shopping
56072115380,John Sharma,1964-05-09,"935 Main St, Bangalore, KA, 560001",PAN1745B,2023-10-18,793BBEBE9590,CREDIT,NEFT,34552.01,Employer / Salary,Salary
72764946459,John Mehta,1962-07-09,"538 High St, Mumbai, MH, 400001",PAN2928E,2023-10-18,4EC495F2C97C,DEBIT,POS,11393.83,Amazon,Shopping
93401732918,Karan Taylor,1992-03-25,"153 Park Ave, New York, NY, 10001",PAN2492A,2023-10-18,F4D39CEC8587,CREDIT,NEFT,33978.24,Employer / Salary,Salary
60893495800,Neha Verma,1971-09-05,"373 Park Ave, Mumbai, MH, 400001",PAN2472E,2023-10-18,315FB3CA4851,CREDIT,NEFT,20868.66,Employer / Salary,Salary
85792174432,Pooja Johnson,1984-10-21,"146 Main St, New York, NY, 10001",PAN4632D,2023-10-18,2E0BE6461A62,CREDIT,NEFT,3490.47,Employer / Salary,Salary
54789362237,Vikram Sharma,1994-01-15,"136 MG Road, Mumbai, MH, 400001",PAN5415C,2023-10-18,A15435E45052,DEBIT,POS,14331.83,Amazon,Shopping
62586375682,Anjali Brown,1973-06-23,"270 MG Road, Delhi, DL, 110001",PAN1838A,2023-10-18,E3DAEAE6C787,CREDIT,NEFT,7342.51,Employer / Salary,Salary
60893495800,Neha Verma,1971-09-05,"373 Park Ave, Mumbai, MH, 400001",PAN2472E,2023-10-18,211A0B3492F9,CREDIT,NEFT,8625.09,Employer / Salary,Salary
17906362380,Anjali Singh,1961-02-21,"675 High St, Delhi, DL, 110001",PAN8219D,2023-10-18,49FFE9676E78,CREDIT,NEFT,23034.67,Employer / Salary,Salary
72764946459,John Mehta,1962-07-09,"538 High St, Mumbai, MH, 400001",PAN2928E,2023-10-19,A90BEE44015C,DEBIT,POS,8737.61,Amazon,Shopping
81172125330,Rohan Verma,1958-09-05,"425 Park Ave, Bangalore, KA, 560001",PAN8394D,2023-10-19,5DD8BF94D8DB,DEBIT,POS,8558.87,Amazon,Shopping
66664912329,Emma Kumar,1974-09-03,"342 MG Road, Delhi, DL, 110001",PAN9958B,2023-10-19,9C5C093F5811,CREDIT,NEFT,34364.21,Employer / Salary,Salary
65923802905,Karan Kumar,1977-01-13,"52 Main St, Mumbai, MH, 400001",PAN7114B,2023-10-19,44FCD9DDFAF1,CREDIT,NEFT,1206.4,Employer / Salary,Salary
98003483004,Vikram Brown,1984-10-24,"571 Park Ave, New York, NY, 10001",PAN1088D,2023-10-19,5F7124D11044,CREDIT,NEFT,2671.9,Employer / Salary,Salary
35447120237,Neha Doe,1965-07-20,"861 High St, London, UK, EC1A 1BB",PAN7836E,2023-10-19,674C62CE4AFE,DEBIT,POS,10004.93,Amazon,Shopping
51408605578,David Johnson,1970-01-05,"579 Park Ave, Bangalore, KA, 560001",PAN4083E,2023-10-19,93DDC87E648F,CREDIT,NEFT,13481.64,Employer / Salary,Salary
74594585356,Michael Doe,1984-12-22,"639 Main St, Mumbai, MH, 400001",PAN1830C,2023-10-19,D63E50AF7395,DEBIT,POS,10103.19,Amazon,Shopping
90572286434,Rahul Jain,1994-01-11,"563 High St, Bangalore, KA, 560001",PAN8506B,2023-10-19,4BA7357023BD,DEBIT,POS,5420.23,Amazon,Shopping
97733443388,David Brown,1972-10-24,"231 Main St, Mumbai, MH, 400001",PAN2683A,2023-10-19,A63846015087,DEBIT,POS,2246.21,Amazon,Shopping
65014010617,Karan Patel,1975-03-19,"134 MG Road, Bangalore, KA, 560001",PAN4209D,2023-10-19,30C6D3460006,CREDIT,NEFT,29191.67,Employer / Salary,Salary
97030995635,Pooja Kumar,1961-05-15,"40 High St, Mumbai, MH, 400001",PAN6651D,2023-10-19,BCBA5F2ACC11,CREDIT,NEFT,24499.91,Employer / Salary,Salary
93831496319,Priya Singh,1994-08-04,"559 Main St, London, UK, EC1A 1BB",PAN6436C,2023-10-19,670C69C06099,DEBIT,POS,3069.18,Amazon,Shopping
66072419808,Amit Taylor,1958-06-08,"653 Park Ave, Bangalore, KA, 560001",PAN1176A,2023-10-19,DF54C5C43EA0,DEBIT,POS,2309.42,Amazon,Shopping
68892713352,John Singh,1977-08-11,"980 Main St, Mumbai, MH, 400001",PAN7057B,2023-10-19,3DE79322044D,DEBIT,POS,14539.68,Amazon,Shopping
76410032652,Anjali Kumar,1998-08-07,"548 Main St, Mumbai, MH, 400001",PAN3436D,2023-10-19,B73BAA7B6B80,DEBIT,POS,9961.13,Amazon,Shopping
72943537134,Rahul Patel,1998-08-07,"330 MG Road, Delhi, DL, 110001",PAN6497D,2023-10-19,6171C2B569C2,DEBIT,POS,11610.11,Amazon,Shopping
33952148511,Rahul Mehta,1996-08-17,"45 Park Ave, Bangalore, KA, 560001",PAN1721B,2023-10-19,B09E46C9BC6C,DEBIT,POS,5534.83,Amazon,Shopping
81172125330,Rohan Verma,1958-09-05,"425 Park Ave, Bangalore, KA, 560001",PAN8394D,2023-10-19,BBA992A7EA3A,CREDIT,NEFT,33233.53,Employer / Salary,Salary
50946235198,Vikram Verma,1978-02-20,"551 High St, Bangalore, KA, 560001",PAN3935A,2023-10-19,CA71BED26A83,DEBIT,POS,5457.12,Amazon,Shopping
26899345501,Sarah Verma,1975-06-16,"691 High St, London, UK, EC1A 1BB",PAN5595E,2023-10-19,8A47BF9A4CC3,CREDIT,NEFT,30556.66,Employer / Salary,Salary
49843457405,Rohan Sharma,1974-04-27,"231 Park Ave, Bangalore, KA, 560001",PAN6734B,2023-10-19,2989183EA180,CREDIT,NEFT,27441.65,Employer / Salary,Salary
97030995635,Pooja Kumar,1961-05-15,"40 High St, Mumbai, MH, 400001",PAN6651D,2023-10-19,2DE554C53A00,DEBIT,POS,6159.21,Amazon,Shopping
43331834024,Amit Kumar,1982-09-07,"449 High St, Bangalore, KA, 560001",PAN3595B,2023-10-19,D6453F383701,CREDIT,NEFT,25480.25,Employer / Salary,Salary
59506668561,Rohan Johnson,1962-02-26,"342 MG Road, Mumbai, MH, 400001",PAN6422D,2023-10-19,09BB937CA8D3,DEBIT,POS,8686.11,Amazon,Shopping
69173296540,Rahul Patel,1954-07-01,"438 MG Road, Mumbai, MH, 400001",PAN8917C,2023-10-19,DFCDD09393B8,DEBIT,POS,14222.95,Amazon,Shopping
35483108722,John Singh,1961-10-28,"529 High St, Delhi, DL, 110001",PAN5734A,2023-10-20,7279EAD752E4,CREDIT,NEFT,13996.62,Employer / Salary,Salary
61589809483,Rahul Gupta,1952-04-05,"499 Main St, Delhi, DL, 110001",PAN8328E,2023-10-20,0F632A287999,DEBIT,POS,30.21,Amazon,Shopping
63592349141,Amit Patel,1969-05-14,"259 High St, Delhi, DL, 110001",PAN6402C,2023-10-20,B3787713A14D,DEBIT,POS,8544.22,Amazon,Shopping
59993877563,Anjali Taylor,1961-10-20,"798 Main St, Delhi, DL, 110001",PAN9661B,2023-10-20,4A2B62B99E9F,DEBIT,POS,10850.73,Amazon,Shopping
10757283255,Rahul Smith,1998-07-09,"289 MG Road, Delhi, DL, 110001",PAN8763C,2023-10-20,0FA34D695301,DEBIT,POS,14403.9,Amazon,Shopping
51928945157,Rohan Taylor,1995-02-16,"162 Park Ave, Mumbai, MH, 400001",PAN8925A,2023-10-20,3C00A1FE4BF2,CREDIT,NEFT,19653.83,Employer / Salary,Salary
51618949921,Michael Smith,1981-09-14,"989 MG Road, New York, NY, 10001",PAN4299A,2023-10-20,EF82326DF1F5,DEBIT,POS,1682.71,Amazon,Shopping
65923802905,Karan Kumar,1977-01-13,"52 Main St, Mumbai, MH, 400001",PAN7114B,2023-10-20,6E5E10A2C9FD,DEBIT,POS,11110.82,Amazon,Shopping
94284184355,Anjali Patel,1997-03-08,"542 High St, Delhi, DL, 110001",PAN7701B,2023-10-20,E0C807A7F884,DEBIT,POS,3572.72,Amazon,Shopping
78560339461,Neha Mehta,1961-12-16,"393 MG Road, Delhi, DL, 110001",PAN2009A,2023-10-20,6DD4969334FD,CREDIT,NEFT,28434.31,Employer / Salary,Salary
21858846381,Pooja Taylor,1967-02-13,"903 High St, New York, NY, 10001",PAN9349A,2023-10-20,50970B3D6EE4,CREDIT,NEFT,25059.86,Employer / Salary,Salary
50234132436,David Singh,1984-07-19,"561 MG Road, New York, NY, 10001",PAN2179A,2023-10-20,90D39AB600F8,CREDIT,NEFT,21810.18,Employer / Salary,Salary
93842987268,Karan Smith,1952-12-02,"318 Main St, New York, NY, 10001",PAN1776B,2023-10-20,6C464784F8A1,DEBIT,POS,9498.65,Amazon,Shopping
78820846537,David Johnson,1967-07-10,"64 Main St, Delhi, DL, 110001",PAN2024B,2023-10-20,D83F04FF8800,DEBIT,WIRE,235000.0,BINANCE HOLDINGS,Crypto Funding
20994992968,Pooja Taylor,1976-11-28,"103 High St, New York, NY, 10001",PAN9782C,2023-10-20,68CC17D62F6A,CREDIT,NEFT,15741.86,Employer / Salary,Salary
21215636661,Priya Gupta,1971-12-11,"507 Park Ave, Mumbai, MH, 400001",PAN7805D,2023-10-20,785B90DDB731,DEBIT,POS,11800.47,Amazon,Shopping
10915709191,Sneha Sharma,1984-08-25,"151 MG Road, New York, NY, 10001",PAN9120C,2023-10-20,50FD064CFE38,DEBIT,POS,2925.78,Amazon,Shopping
84547616074,John Mehta,1976-11-20,"149 High St, New York, NY, 10001",PAN1582D,2023-10-20,27CA9F8349C1,DEBIT,POS,12939.4,Amazon,Shopping
68892713352,John Singh,1977-08-11,"980 Main St, Mumbai, MH, 400001",PAN7057B,2023-10-20,02F6F741864F,DEBIT,POS,1209.87,Amazon,Shopping
75811844427,David Patel,1984-06-14,"695 Main St, Mumbai, MH, 400001",PAN3516A,2023-10-21,80CF179ECB0B,CREDIT,NEFT,17228.7,Employer / Salary,Salary
93831496319,Priya Singh,1994-08-04,"559 Main St, London, UK, EC1A 1BB",PAN6436C,2023-10-21,DEE85D85604A,DEBIT,POS,8003.45,Amazon,Shopping
38657767535,David Kumar,1986-10-10,"253 MG Road, Delhi, DL, 110001",PAN2032A,2023-10-21,22B63DF6BA4B,CREDIT,NEFT,32914.31,Employer / Salary,Salary
12216942157,Sneha Smith,1998-01-26,"535 Main St, Delhi, DL, 110001",PAN3127A,2023-10-21,2A4E09E22DDB,CREDIT,NEFT,11571.96,Employer / Salary,Salary
30143580171,Neha Gupta,1957-09-13,"759 Main St, Delhi, DL, 110001",PAN6997E,2023-10-21,B7D564507BB1,DEBIT,POS,6139.91,Amazon,Shopping
20994992968,Pooja Taylor,1976-11-28,"103 High St, New York, NY, 10001",PAN9782C,2023-10-21,F853D95CA827,DEBIT,POS,14085.03,Amazon,Shopping
45712503172,Emma Smith,1959-06-28,"846 Park Ave, Mumbai, MH, 400001",PAN8778D,2023-10-21,34DE8821EECF,CREDIT,NEFT,24454.16,Employer / Salary,Salary
76630989226,Rahul Johnson,1993-09-01,"744 Main St, Mumbai, MH, 400001",PAN9113C,2023-10-21,B3733F1C5572,CREDIT,NEFT,8651.7,Employer / Salary,Salary
33233889749,Sarah Taylor,1960-09-15,"294 Park Ave, Delhi, DL, 110001",PAN6247D,2023-10-21,DBE5D0F9B44F,CREDIT,NEFT,15376.02,Employer / Salary,Salary
70624341550,Rohan Verma,1969-05-17,"839 Park Ave, Delhi, DL, 110001",PAN3034D,2023-10-21,93460F6C972D,CREDIT,NEFT,10220.67,Employer / Salary,Salary
54281383264,David Gupta,1993-09-08,"364 Park Ave, New York, NY, 10001",PAN5423C,2023-10-21,BF6255BA4182,DEBIT,POS,12643.78,Amazon,Shopping
21215636661,Priya Gupta,1971-12-11,"507 Park Ave, Mumbai, MH, 400001",PAN7805D,2023-10-21,E7A5A4F7F404,DEBIT,POS,2091.85,Amazon,Shopping
78560339461,Neha Mehta,1961-12-16,"393 MG Road, Delhi, DL, 110001",PAN2009A,2023-10-21,4C9EA33046D1,CREDIT,NEFT,21420.88,Employer / Salary,Salary
50946235198,Vikram Verma,1978-02-20,"551 High St, Bangalore, KA, 560001",PAN3935A,2023-10-21,534A51B719C4,DEBIT,POS,5594.75,Amazon,Shopping
35447120237,Neha Doe,1965-07-20,"861 High St, London, UK, EC1A 1BB",PAN7836E,2023-10-21,530A708A8D1C,CREDIT,NEFT,22763.57,Employer / Salary,Salary
53686720781,Michael Verma,1957-09-28,"606 Main St, Delhi, DL, 110001",PAN7271E,2023-10-21,BAC3CC2957CC,CREDIT,NEFT,31927.79,Employer / Salary,Salary
89297439330,David Mehta,1965-09-23,"620 Main St, Mumbai, MH, 400001",PAN7508B,2023-10-21,D6282E57FFB8,DEBIT,POS,4204.79,Amazon,Shopping
39692996882,Karan Gupta,1976-06-08,"188 Park Ave, Bangalore, KA, 560001",PAN3965B,2023-10-21,1F52E458996B,CREDIT,NEFT,13232.63,Employer / Salary,Salary
30372053124,Karan Verma,1993-06-09,"843 Main St, London, UK, EC1A 1BB",PAN9418D,2023-10-21,D9916D6EA1E6,DEBIT,POS,7975.35,Amazon,Shopping
26046654712,Vikram Mehta,1979-01-12,"939 High St, Bangalore, KA, 560001",PAN7217D,2023-10-21,4E93F319349D,DEBIT,POS,13889.63,Amazon,Shopping
56847251402,Sneha Verma,1979-11-23,"441 Park Ave, Mumbai, MH, 400001",PAN1501B,2023-10-21,5CBF57412DDF,CREDIT,NEFT,3699.76,Employer / Salary,Salary
23760786709,Pooja Smith,1995-12-25,"308 Main St, New York, NY, 10001",PAN6248E,2023-10-21,6D976E67AA70,CREDIT,NEFT,4152.53,Employer / Salary,Salary
85792174432,Pooja Johnson,1984-10-21,"146 Main St, New York, NY, 10001",PAN4632D,2023-10-21,A52D038F329D,DEBIT,POS,12903.87,Amazon,Shopping
65923802905,Karan Kumar,1977-01-13,"52 Main St, Mumbai, MH, 400001",PAN7114B,2023-10-22,CBF886FFB2F8,CREDIT,NEFT,30285.86,Employer / Salary,Salary
72943537134,Rahul Patel,1998-08-07,"330 MG Road, Delhi, DL, 110001",PAN6497D,2023-10-22,03036345E323,DEBIT,POS,4297.86,Amazon,Shopping
67611548402,David Gupta,1994-01-26,"700 MG Road, London, UK, EC1A 1BB",PAN5908B,2023-10-22,28F7A8486968,DEBIT,POS,6919.44,Amazon,Shopping
42035385933,Rahul Doe,1971-03-01,"877 MG Road, Bangalore, KA, 560001",PAN4352A,2023-10-22,001E8AD5323D,DEBIT,POS,271.22,Amazon,Shopping
90572286434,Rahul Jain,1994-01-11,"563 High St, Bangalore, KA, 560001",PAN8506B,2023-10-22,7BD85F4FE435,CREDIT,NEFT,5678.6,Employer / Salary,Salary
30143580171,Neha Gupta,1957-09-13,"759 Main St, Delhi, DL, 110001",PAN6997E,2023-10-22,EBBA791DDC8E,CREDIT,NEFT,20099.85,Employer / Salary,Salary
15888736841,Rohan Gupta,1985-04-03,"186 MG Road, Delhi, DL, 110001",PAN9057E,2023-10-22,19D998D8739E,DEBIT,POS,2929.8,Amazon,Shopping
93401732918,Karan Taylor,1992-03-25,"153 Park Ave, New York, NY, 10001",PAN2492A,2023-10-22,5BB9F27B158C,CREDIT,NEFT,4327.88,Employer / Salary,Salary
23760786709,Pooja Smith,1995-12-25,"308 Main St, New York, NY, 10001",PAN6248E,2023-10-22,AE5919DCDFBF,CREDIT,NEFT,25225.82,Employer / Salary,Salary
23849431352,Sarah Taylor,1953-11-27,"464 High St, New York, NY, 10001",PAN7877B,2023-10-22,0C79616380C4,CREDIT,NEFT,29504.27,Employer / Salary,Salary
23077763372,Sneha Johnson,1967-04-10,"876 MG Road, Delhi, DL, 110001",PAN6792E,2023-10-22,EA998AD3BBC7,CREDIT,NEFT,12763.38,Employer / Salary,Salary
28959444719,Neha Brown,2000-02-09,"866 High St, Mumbai, MH, 400001",PAN7064A,2023-10-22,909F28E30095,DEBIT,POS,9103.19,Amazon,Shopping
20994992968,Pooja Taylor,1976-11-28,"103 High St, New York, NY, 10001",PAN9782C,2023-10-22,9E92E7BDF9F4,DEBIT,POS,2942.39,Amazon,Shopping
23077763372,Sneha Johnson,1967-04-10,"876 MG Road, Delhi, DL, 110001",PAN6792E,2023-10-22,1B09716B9B2E,CREDIT,NEFT,19000.98,Employer / Salary,Salary
38391968766,David Gupta,1959-02-12,"839 High St, New York, NY, 10001",PAN4368E,2023-10-22,8C2E4F247618,DEBIT,POS,2509.77,Amazon,Shopping
63592349141,Amit Patel,1969-05-14,"259 High St, Delhi, DL, 110001",PAN6402C,2023-10-22,052AA4A91923,DEBIT,POS,4341.75,Amazon,Shopping
22455298608,Neha Taylor,1975-02-01,"287 High St, Delhi, DL, 110001",PAN2068C,2023-10-22,3FC86E5C15B6,DEBIT,POS,14495.68,Amazon,Shopping
21215636661,Priya Gupta,1971-12-11,"507 Park Ave, Mumbai, MH, 400001",PAN7805D,2023-10-22,E5CC872D0427,DEBIT,POS,14608.54,Amazon,Shopping
97733443388,David Brown,1972-10-24,"231 Main St, Mumbai, MH, 400001",PAN2683A,2023-10-22,260817E5047E,DEBIT,POS,9712.74,Amazon,Shopping
68027852646,Rohan Mehta,1963-05-21,"416 Park Ave, Mumbai, MH, 400001",PAN7912D,2023-10-22,636D08DA3124,CREDIT,NEFT,25560.09,Employer / Salary,Salary
94284184355,Anjali Patel,1997-03-08,"542 High St, Delhi, DL, 110001",PAN7701B,2023-10-22,08AD8709AEF2,DEBIT,POS,4506.29,Amazon,Shopping
78606049757,Karan Mehta,1998-02-21,"306 High St, Mumbai, MH, 400001",PAN1332D,2023-10-22,C252FBF58B33,DEBIT,POS,10643.25,Amazon,Shopping
18634233392,John Johnson,1977-01-18,"223 Main St, London, UK, EC1A 1BB",PAN7462A,2023-10-22,28183B949204,CREDIT,NEFT,3272.09,Employer / Salary,Salary
65530184501,Pooja Doe,1991-11-18,"104 Main St, New York, NY, 10001",PAN5117B,2023-10-22,1E2FCB9F2296,CREDIT,NEFT,4314.63,Employer / Salary,Salary
62586375682,Anjali Brown,1973-06-23,"270 MG Road, Delhi, DL, 110001",PAN1838A,2023-10-22,1B2D589E432B,DEBIT,POS,3196.76,Amazon,Shopping
31179939410,Amit Patel,1974-08-15,"862 MG Road, London, UK, EC1A 1BB",PAN2395A,2023-10-22,E60AE2278034,DEBIT,POS,5610.85,Amazon,Shopping
66072419808,Amit Taylor,1958-06-08,"653 Park Ave, Bangalore, KA, 560001",PAN1176A,2023-10-22,ED8A1359CFD8,CREDIT,NEFT,1215.61,Employer / Salary,Salary
52267998461,John Smith,1966-01-16,"456 MG Road, New York, NY, 10001",PAN2705E,2023-10-22,2BEBDAF4C618,CREDIT,NEFT,30945.23,Employer / Salary,Salary
68892713352,John Singh,1977-08-11,"980 Main St, Mumbai, MH, 400001",PAN7057B,2023-10-22,F13BF6FDB387,DEBIT,POS,10444.48,Amazon,Shopping
37089997609,Pooja Gupta,1987-12-01,"479 MG Road, Delhi, DL, 110001",PAN3886A,2023-10-23,97A4BA599E5E,DEBIT,POS,5186.09,Amazon,Shopping
74212078458,Vikram Patel,1980-01-20,"752 Main St, London, UK, EC1A 1BB",PAN6821D,2023-10-23,69D47DA0EA11,CREDIT,NEFT,11019.36,Employer / Salary,Salary
56072115380,John Sharma,1964-05-09,"935 Main St, Bangalore, KA, 560001",PAN1745B,2023-10-23,C7969B0BE49F,DEBIT,POS,12820.93,Amazon,Shopping
56072115380,John Sharma,1964-05-09,"935 Main St, Bangalore, KA, 560001",PAN1745B,2023-10-23,977F832D1B86,DEBIT,POS,9533.34,Amazon,Shopping
68027852646,Rohan Mehta,1963-05-21,"416 Park Ave, Mumbai, MH, 400001",PAN7912D,2023-10-23,D311987F78F9,DEBIT,POS,12680.22,Amazon,Shopping
76630989226,Rahul Johnson,1993-09-01,"744 Main St, Mumbai, MH, 400001",PAN9113C,2023-10-23,4AD79B110C20,DEBIT,POS,389.34,Amazon,Shopping
94284184355,Anjali Patel,1997-03-08,"542 High St, Delhi, DL, 110001",PAN7701B,2023-10-23,74ECE8FB5F9B,DEBIT,POS,14891.59,Amazon,Shopping
85792174432,Pooja Johnson,1984-10-21,"146 Main St, New York, NY, 10001",PAN4632D,2023-10-23,125F657234B0,DEBIT,POS,10258.88,Amazon,Shopping
54505115023,Neha Singh,1964-07-12,"119 MG Road, Mumbai, MH, 400001",PAN7485B,2023-10-23,EC59EB9D0644,DEBIT,POS,3045.67,Amazon,Shopping
69774016847,Sneha Doe,1978-09-25,"317 Park Ave, Bangalore, KA, 560001",PAN8031B,2023-10-23,D7EDA51993E2,CREDIT,NEFT,23037.47,Employer / Salary,Salary
15888736841,Rohan Gupta,1985-04-03,"186 MG Road, Delhi, DL, 110001",PAN9057E,2023-10-23,700E2149F69D,CREDIT,NEFT,19634.38,Employer / Salary,Salary
30143580171,Neha Gupta,1957-09-13,"759 Main St, Delhi, DL, 110001",PAN6997E,2023-10-23,0463B1C04975,CREDIT,NEFT,11924.35,Employer / Salary,Salary
78098709516,Pooja Taylor,1956-11-09,"926 Park Ave, Bangalore, KA, 560001",PAN1092A,2023-10-23,F96AA84BAB84,CREDIT,NEFT,31950.77,Employer / Salary,Salary
23077763372,Sneha Johnson,1967-04-10,"876 MG Road, Delhi, DL, 110001",PAN6792E,2023-10-23,B52EF83B198B,DEBIT,POS,14572.57,Amazon,Shopping
23750367692,John Mehta,1962-11-28,"409 Main St, Bangalore, KA, 560001",PAN3892C,2023-10-23,5A0B691E77E9,CREDIT,NEFT,26568.51,Employer / Salary,Salary
86418769212,Karan Smith,1983-04-13,"841 MG Road, New York, NY, 10001",PAN7414E,2023-10-23,63E4DEE9538E,DEBIT,POS,3841.34,Amazon,Shopping
23849431352,Sarah Taylor,1953-11-27,"464 High St, New York, NY, 10001",PAN7877B,2023-10-23,627BF0CDAD73,DEBIT,POS,8964.77,Amazon,Shopping
37089997609,Pooja Gupta,1987-12-01,"479 MG Road, Delhi, DL, 110001",PAN3886A,2023-10-23,6669D2E47112,CREDIT,NEFT,10062.04,Employer / Salary,Salary
13657793309,Rohan Smith,1992-04-09,"585 MG Road, Mumbai, MH, 400001",PAN7405A,2023-10-23,D8F5BB282AFE,DEBIT,POS,14341.12,Amazon,Shopping
43331834024,Amit Kumar,1982-09-07,"449 High St, Bangalore, KA, 560001",PAN3595B,2023-10-23,BA833B6FC665,CREDIT,NEFT,15562.53,Employer / Salary,Salary
33952148511,Rahul Mehta,1996-08-17,"45 Park Ave, Bangalore, KA, 560001",PAN1721B,2023-10-23,CE9666D41D6A,CREDIT,NEFT,4556.19,Employer / Salary,Salary
89297439330,David Mehta,1965-09-23,"620 Main St, Mumbai, MH, 400001",PAN7508B,2023-10-23,7CB1827DF0DE,CREDIT,NEFT,25587.83,Employer / Salary,Salary
59506668561,Rohan Johnson,1962-02-26,"342 MG Road, Mumbai, MH, 400001",PAN6422D,2023-10-23,0F3B2FCC6F8F,CREDIT,NEFT,34972.42,Employer / Salary,Salary
61589809483,Rahul Gupta,1952-04-05,"499 Main St, Delhi, DL, 110001",PAN8328E,2023-10-23,B6612743C6E1,CREDIT,NEFT,9802.0,Employer / Salary,Salary
70624341550,Rohan Verma,1969-05-17,"839 Park Ave, Delhi, DL, 110001",PAN3034D,2023-10-23,82AE757A95E0,DEBIT,POS,14873.8,Amazon,Shopping
42035385933,Rahul Doe,1971-03-01,"877 MG Road, Bangalore, KA, 560001",PAN4352A,2023-10-23,F0AD22D65936,DEBIT,POS,994.9,Amazon,Shopping
98003483004,Vikram Brown,1984-10-24,"571 Park Ave, New York, NY, 10001",PAN1088D,2023-10-23,3E6374EB1EF4,DEBIT,POS,211.91,Amazon,Shopping
31179939410,Amit Patel,1974-08-15,"862 MG Road, London, UK, EC1A 1BB",PAN2395A,2023-10-23,50596EA7201E,DEBIT,POS,2279.94,Amazon,Shopping
81172125330,Rohan Verma,1958-09-05,"425 Park Ave, Bangalore, KA, 560001",PAN8394D,2023-10-23,8DF89F1106DD,CREDIT,NEFT,15368.26,Employer / Salary,Salary
39432607639,Vikram Johnson,1981-03-24,"127 MG Road, Delhi, DL, 110001",PAN8184B,2023-10-23,1888A894AD48,CREDIT,NEFT,5248.43,Employer / Salary,Salary
63592349141,Amit Patel,1969-05-14,"259 High St, Delhi, DL, 110001",PAN6402C,2023-10-23,0DACE22CE02F,CREDIT,NEFT,27236.96,Employer / Salary,Salary
86418769212,Karan Smith,1983-04-13,"841 MG Road, New York, NY, 10001",PAN7414E,2023-10-23,DDBFB49E678F,CREDIT,NEFT,5688.54,Employer / Salary,Salary
49843457405,Rohan Sharma,1974-04-27,"231 Park Ave, Bangalore, KA, 560001",PAN6734B,2023-10-23,7C4CB812631E,CREDIT,NEFT,17670.0,Employer / Salary,Salary
73458045960,Karan Gupta,1985-05-24,"996 High St, Mumbai, MH, 400001",PAN4247A,2023-10-23,E6E0633E13D7,DEBIT,POS,5511.1,Amazon,Shopping
76630989226,Rahul Johnson,1993-09-01,"744 Main St, Mumbai, MH, 400001",PAN9113C,2023-10-23,67A6AC555F5D,CREDIT,NEFT,22738.27,Employer / Salary,Salary
87073586854,Vikram Smith,1969-06-24,"229 MG Road, Bangalore, KA, 560001",PAN8845D,2023-10-24,C3FB4017AC0F,CREDIT,NEFT,30011.72,Employer / Salary,Salary
31179939410,Amit Patel,1974-08-15,"862 MG Road, London, UK, EC1A 1BB",PAN2395A,2023-10-24,718B4BBA5857,CREDIT,NEFT,31701.54,Employer / Salary,Salary
70624341550,Rohan Verma,1969-05-17,"839 Park Ave, Delhi, DL, 110001",PAN3034D,2023-10-24,B125AEAC2BA4,DEBIT,POS,11810.81,Amazon,Shopping
62351855940,David Patel,1981-02-12,"283 High St, Delhi, DL, 110001",PAN6354E,2023-10-24,43EC4CA21A74,CREDIT,NEFT,18692.18,Employer / Salary,Salary
66664912329,Emma Kumar,1974-09-03,"342 MG Road, Delhi, DL, 110001",PAN9958B,2023-10-24,8925E0AA6B4E,DEBIT,POS,14035.52,Amazon,Shopping
35447120237,Neha Doe,1965-07-20,"861 High St, London, UK, EC1A 1BB",PAN7836E,2023-10-24,A6FC1C701692,CREDIT,NEFT,6916.3,Employer / Salary,Salary
67611548402,David Gupta,1994-01-26,"700 MG Road, London, UK, EC1A 1BB",PAN5908B,2023-10-24,D8EA299C1BE1,DEBIT,POS,2350.59,Amazon,Shopping
81472727188,David Kumar,1975-10-26,"646 High St, Delhi, DL, 110001",PAN9295B,2023-10-24,03ED06B50FC2,CREDIT,NEFT,24954.69,Employer / Salary,Salary
65530184501,Pooja Doe,1991-11-18,"104 Main St, New York, NY, 10001",PAN5117B,2023-10-24,0F9AE205C304,DEBIT,POS,5122.4,Amazon,Shopping
59161678059,John Sharma,1960-04-23,"49 High St, Delhi, DL, 110001",PAN2713C,2023-10-24,4990BFE002CF,CREDIT,NEFT,13318.38,Employer / Salary,Salary
97733443388,David Brown,1972-10-24,"231 Main St, Mumbai, MH, 400001",PAN2683A,2023-10-24,9B735DF15172,CREDIT,NEFT,32977.65,Employer / Salary,Salary
45334322348,Karan Verma,1971-09-10,"984 High St, London, UK, EC1A 1BB",PAN7344B,2023-10-24,52F088920A14,CREDIT,NEFT,32211.12,Employer / Salary,Salary
69774016847,Sneha Doe,1978-09-25,"317 Park Ave, Bangalore, KA, 560001",PAN8031B,2023-10-24,965F600A405C,CREDIT,NEFT,23505.2,Employer / Salary,Salary
81472727188,David Kumar,1975-10-26,"646 High St, Delhi, DL, 110001",PAN9295B,2023-10-24,B48FE8E78992,DEBIT,POS,10542.84,Amazon,Shopping
80583668037,Pooja Smith,1964-03-10,"219 High St, Bangalore, KA, 560001",PAN3422E,2023-10-24,51F2DEF723AC,CREDIT,NEFT,21795.6,Employer / Salary,Salary
60893495800,Neha Verma,1971-09-05,"373 Park Ave, Mumbai, MH, 400001",PAN2472E,2023-10-24,8A8AF99A30B9,DEBIT,POS,13508.24,Amazon,Shopping
46807880988,David Doe,1951-02-22,"330 Main St, Bangalore, KA, 560001",PAN5379B,2023-10-24,90E042C38B71,CREDIT,NEFT,21457.76,Employer / Salary,Salary
74594585356,Michael Doe,1984-12-22,"639 Main St, Mumbai, MH, 400001",PAN1830C,2023-10-24,8C764A7BA960,DEBIT,POS,5344.74,Amazon,Shopping
47134623182,Karan Patel,1950-03-16,"721 MG Road, Bangalore, KA, 560001",PAN4234D,2023-10-24,5318895BDB6E,DEBIT,POS,4561.31,Amazon,Shopping
65014010617,Karan Patel,1975-03-19,"134 MG Road, Bangalore, KA, 560001",PAN4209D,2023-10-24,856745E66D90,DEBIT,POS,13721.42,Amazon,Shopping
65530184501,Pooja Doe,1991-11-18,"104 Main St, New York, NY, 10001",PAN5117B,2023-10-24,AAD761C5DFC1,DEBIT,POS,3820.7,Amazon,Shopping
59993877563,Anjali Taylor,1961-10-20,"798 Main St, Delhi, DL, 110001",PAN9661B,2023-10-24,8552330EDA70,CREDIT,NEFT,2588.2,Employer / Salary,Salary
72764946459,John Mehta,1962-07-09,"538 High St, Mumbai, MH, 400001",PAN2928E,2023-10-24,22D85A10F27C,CREDIT,NEFT,3439.86,Employer / Salary,Salary
56847251402,Sneha Verma,1979-11-23,"441 Park Ave, Mumbai, MH, 400001",PAN1501B,2023-10-24,F9B050460ED2,DEBIT,POS,3188.37,Amazon,Shopping
55427318669,John Jain,1966-05-24,"373 MG Road, London, UK, EC1A 1BB",PAN4668A,2023-10-25,22D39ADA490B,DEBIT,POS,9747.37,Amazon,Shopping
89297439330,David Mehta,1965-09-23,"620 Main St, Mumbai, MH, 400001",PAN7508B,2023-10-25,70CF748B507F,DEBIT,POS,13292.22,Amazon,Shopping
13657793309,Rohan Smith,1992-04-09,"585 MG Road, Mumbai, MH, 400001",PAN7405A,2023-10-25,6C14217797E2,CREDIT,NEFT,31720.62,Employer / Salary,Salary
76810697063,Pooja Singh,1993-03-16,"593 MG Road, Mumbai, MH, 400001",PAN1734E,2023-10-25,0EED864A6529,CREDIT,NEFT,2127.33,Employer / Salary,Salary
45334322348,Karan Verma,1971-09-10,"984 High St, London, UK, EC1A 1BB",PAN7344B,2023-10-25,5F5B4542E2A0,DEBIT,POS,2126.2,Amazon,Shopping
59161678059,John Sharma,1960-04-23,"49 High St, Delhi, DL, 110001",PAN2713C,2023-10-25,252CD8D6FE22,CREDIT,NEFT,29737.71,Employer / Salary,Salary
22455298608,Neha Taylor,1975-02-01,"287 High St, Delhi, DL, 110001",PAN2068C,2023-10-25,BBFFB1152C4E,DEBIT,POS,12850.59,Amazon,Shopping
89208281088,Vikram Patel,1999-11-05,"13 High St, Mumbai, MH, 400001",PAN1478B,2023-10-25,242F97004465,CREDIT,NEFT,15928.07,Employer / Salary,Salary
26046654712,Vikram Mehta,1979-01-12,"939 High St, Bangalore, KA, 560001",PAN7217D,2023-10-25,5C1C3CF7E209,DEBIT,POS,3999.94,Amazon,Shopping
83683863636,Rohan Taylor,1995-08-21,"948 High St, Bangalore, KA, 560001",PAN2966B,2023-10-25,B2AAE62370A6,DEBIT,RTGS,5500000.0,DLF REAL ESTATE DEVELOPERS,Downpayment for new house property Unit 4B
63592349141,Amit Patel,1969-05-14,"259 High St, Delhi, DL, 110001",PAN6402C,2023-10-25,972B1FE7BC67,DEBIT,POS,10329.92,Amazon,Shopping
33233889749,Sarah Taylor,1960-09-15,"294 Park Ave, Delhi, DL, 110001",PAN6247D,2023-10-25,97E45F0FC627,DEBIT,POS,8740.56,Amazon,Shopping
17292873443,Rohan Sharma,1981-02-25,"153 High St, New York, NY, 10001",PAN6178D,2023-10-25,F425FBA79CE6,CREDIT,NEFT,27950.67,Employer / Salary,Salary
45712503172,Emma Smith,1959-06-28,"846 Park Ave, Mumbai, MH, 400001",PAN8778D,2023-10-25,E6D3B4EC72B4,CREDIT,NEFT,22801.01,Employer / Salary,Salary
84547616074,John Mehta,1976-11-20,"149 High St, New York, NY, 10001",PAN1582D,2023-10-25,4C94C5BED2D7,CREDIT,NEFT,31346.62,Employer / Salary,Salary
93831496319,Priya Singh,1994-08-04,"559 Main St, London, UK, EC1A 1BB",PAN6436C,2023-10-25,065EE7882DE0,CREDIT,NEFT,27871.73,Employer / Salary,Salary
26046654712,Vikram Mehta,1979-01-12,"939 High St, Bangalore, KA, 560001",PAN7217D,2023-10-25,6984AC441EF6,CREDIT,NEFT,22155.14,Employer / Salary,Salary
66072419808,Amit Taylor,1958-06-08,"653 Park Ave, Bangalore, KA, 560001",PAN1176A,2023-10-25,F18BC954DCC3,DEBIT,POS,3085.91,Amazon,Shopping
89297439330,David Mehta,1965-09-23,"620 Main St, Mumbai, MH, 400001",PAN7508B,2023-10-25,7A588C39AEEE,DEBIT,POS,10456.53,Amazon,Shopping
77489880671,Amit Gupta,1989-08-04,"961 Park Ave, Bangalore, KA, 560001",PAN7985E,2023-10-25,E9B32790116C,DEBIT,POS,10221.73,Amazon,Shopping
59993877563,Anjali Taylor,1961-10-20,"798 Main St, Delhi, DL, 110001",PAN9661B,2023-10-25,7A9B820BE476,CREDIT,NEFT,33953.18,Employer / Salary,Salary
35483108722,John Singh,1961-10-28,"529 High St, Delhi, DL, 110001",PAN5734A,2023-10-25,70EFAA79A509,CREDIT,NEFT,30503.88,Employer / Salary,Salary
45334322348,Karan Verma,1971-09-10,"984 High St, London, UK, EC1A 1BB",PAN7344B,2023-10-26,473E0FD2DE95,DEBIT,POS,7542.07,Amazon,Shopping
17906362380,Anjali Singh,1961-02-21,"675 High St, Delhi, DL, 110001",PAN8219D,2023-10-26,2D48A4806305,DEBIT,POS,13339.36,Amazon,Shopping
80052658840,John Patel,1962-04-09,"119 MG Road, London, UK, EC1A 1BB",PAN1711C,2023-10-26,EEE7B4DFFDE4,DEBIT,POS,10448.28,Amazon,Shopping
33952148511,Rahul Mehta,1996-08-17,"45 Park Ave, Bangalore, KA, 560001",PAN1721B,2023-10-26,A919BFDA55D5,CREDIT,NEFT,6801.07,Employer / Salary,Salary
23849431352,Sarah Taylor,1953-11-27,"464 High St, New York, NY, 10001",PAN7877B,2023-10-26,61A00EDAB8CB,DEBIT,POS,2957.86,Amazon,Shopping
65923802905,Karan Kumar,1977-01-13,"52 Main St, Mumbai, MH, 400001",PAN7114B,2023-10-26,2607D1446246,DEBIT,POS,10680.94,Amazon,Shopping
29917034761,David Kumar,1958-11-03,"386 High St, Delhi, DL, 110001",PAN7751C,2023-10-26,CD9DEE36DB6A,DEBIT,POS,2241.48,Amazon,Shopping
30372053124,Karan Verma,1993-06-09,"843 Main St, London, UK, EC1A 1BB",PAN9418D,2023-10-26,E17F799969E5,DEBIT,POS,5656.44,Amazon,Shopping
28959444719,Neha Brown,2000-02-09,"866 High St, Mumbai, MH, 400001",PAN7064A,2023-10-26,79425D8262EB,DEBIT,POS,3727.57,Amazon,Shopping
51618949921,Michael Smith,1981-09-14,"989 MG Road, New York, NY, 10001",PAN4299A,2023-10-26,DE199AA8F619,DEBIT,POS,2621.32,Amazon,Shopping
23750367692,John Mehta,1962-11-28,"409 Main St, Bangalore, KA, 560001",PAN3892C,2023-10-26,9425F210A005,DEBIT,POS,8875.14,Amazon,Shopping
93842987268,Karan Smith,1952-12-02,"318 Main St, New York, NY, 10001",PAN1776B,2023-10-26,754A068C4C46,CREDIT,NEFT,12522.9,Employer / Salary,Salary
10757283255,Rahul Smith,1998-07-09,"289 MG Road, Delhi, DL, 110001",PAN8763C,2023-10-26,ACB83E832D53,DEBIT,POS,4035.08,Amazon,Shopping
69804455360,Rohan Taylor,1984-03-14,"248 High St, New York, NY, 10001",PAN5394D,2023-10-26,2605FD54531F,CREDIT,NEFT,22123.54,Employer / Salary,Salary
61589809483,Rahul Gupta,1952-04-05,"499 Main St, Delhi, DL, 110001",PAN8328E,2023-10-26,5CBF1D54693E,CREDIT,NEFT,18169.46,Employer / Salary,Salary
21215636661,Priya Gupta,1971-12-11,"507 Park Ave, Mumbai, MH, 400001",PAN7805D,2023-10-26,E90B0CC470CB,DEBIT,POS,9706.22,Amazon,Shopping
43331834024,Amit Kumar,1982-09-07,"449 High St, Bangalore, KA, 560001",PAN3595B,2023-10-26,5004B0C25D93,CREDIT,NEFT,30435.97,Employer / Salary,Salary
21215636661,Priya Gupta,1971-12-11,"507 Park Ave, Mumbai, MH, 400001",PAN7805D,2023-10-26,7A975FE65C39,DEBIT,POS,13872.1,Amazon,Shopping
37089997609,Pooja Gupta,1987-12-01,"479 MG Road, Delhi, DL, 110001",PAN3886A,2023-10-26,C690D6C5E7FA,CREDIT,NEFT,31226.61,Employer / Salary,Salary
78606049757,Karan Mehta,1998-02-21,"306 High St, Mumbai, MH, 400001",PAN1332D,2023-10-26,9258C5715758,CREDIT,NEFT,14316.96,Employer / Salary,Salary
69774016847,Sneha Doe,1978-09-25,"317 Park Ave, Bangalore, KA, 560001",PAN8031B,2023-10-26,F5AC0343626F,DEBIT,POS,12966.92,Amazon,Shopping
43331834024,Amit Kumar,1982-09-07,"449 High St, Bangalore, KA, 560001",PAN3595B,2023-10-27,0BE2C8494D02,DEBIT,POS,2091.55,Amazon,Shopping
35447120237,Neha Doe,1965-07-20,"861 High St, London, UK, EC1A 1BB",PAN7836E,2023-10-27,8437B45F2CEB,DEBIT,POS,2588.65,Amazon,Shopping
33952148511,Rahul Mehta,1996-08-17,"45 Park Ave, Bangalore, KA, 560001",PAN1721B,2023-10-27,57D68880AF03,CREDIT,NEFT,28017.82,Employer / Salary,Salary
10757283255,Rahul Smith,1998-07-09,"289 MG Road, Delhi, DL, 110001",PAN8763C,2023-10-27,C1908D7230DD,CREDIT,NEFT,11200.59,Employer / Salary,Salary
10915709191,Sneha Sharma,1984-08-25,"151 MG Road, New York, NY, 10001",PAN9120C,2023-10-27,EBE78ABEE90F,DEBIT,POS,3447.2,Amazon,Shopping
61589809483,Rahul Gupta,1952-04-05,"499 Main St, Delhi, DL, 110001",PAN8328E,2023-10-27,C1D0E99585BF,CREDIT,NEFT,27625.74,Employer / Salary,Salary
26046654712,Vikram Mehta,1979-01-12,"939 High St, Bangalore, KA, 560001",PAN7217D,2023-10-27,47D729E22CB5,CREDIT,NEFT,16952.64,Employer / Salary,Salary
23849431352,Sarah Taylor,1953-11-27,"464 High St, New York, NY, 10001",PAN7877B,2023-10-27,3B53A6C360F2,DEBIT,POS,11179.72,Amazon,Shopping
18336101465,Emma Jain,1977-03-22,"18 Park Ave, London, UK, EC1A 1BB",PAN4876B,2023-10-27,89C23D941435,CREDIT,NEFT,19682.13,Employer / Salary,Salary
60893495800,Neha Verma,1971-09-05,"373 Park Ave, Mumbai, MH, 400001",PAN2472E,2023-10-27,F846E351377E,DEBIT,POS,5015.68,Amazon,Shopping
23077763372,Sneha Johnson,1967-04-10,"876 MG Road, Delhi, DL, 110001",PAN6792E,2023-10-27,8893F4D2F40F,CREDIT,NEFT,18718.36,Employer / Salary,Salary
43331834024,Amit Kumar,1982-09-07,"449 High St, Bangalore, KA, 560001",PAN3595B,2023-10-27,E912AB1D4E07,CREDIT,NEFT,33603.51,Employer / Salary,Salary
15423350995,Sneha Sharma,1975-03-13,"788 High St, Delhi, DL, 110001",PAN4344B,2023-10-27,6701BCA89035,CREDIT,NEFT,10282.76,Employer / Salary,Salary
20994992968,Pooja Taylor,1976-11-28,"103 High St, New York, NY, 10001",PAN9782C,2023-10-27,3A9AF539F157,CREDIT,NEFT,14093.56,Employer / Salary,Salary
93842987268,Karan Smith,1952-12-02,"318 Main St, New York, NY, 10001",PAN1776B,2023-10-28,786CBF0AD9A7,CREDIT,NEFT,1317.68,Employer / Salary,Salary
86418769212,Karan Smith,1983-04-13,"841 MG Road, New York, NY, 10001",PAN7414E,2023-10-28,9DA09D9821E6,CREDIT,NEFT,2508.91,Employer / Salary,Salary
35483108722,John Singh,1961-10-28,"529 High St, Delhi, DL, 110001",PAN5734A,2023-10-28,E0EE93C229CC,CREDIT,NEFT,19396.14,Employer / Salary,Salary
70624341550,Rohan Verma,1969-05-17,"839 Park Ave, Delhi, DL, 110001",PAN3034D,2023-10-28,7FF5BF41F94B,CREDIT,NEFT,1129.89,Employer / Salary,Salary
39432607639,Vikram Johnson,1981-03-24,"127 MG Road, Delhi, DL, 110001",PAN8184B,2023-10-28,D22BE6EE172E,DEBIT,POS,8942.07,Amazon,Shopping
59993877563,Anjali Taylor,1961-10-20,"798 Main St, Delhi, DL, 110001",PAN9661B,2023-10-28,A3C95AAFCE09,CREDIT,NEFT,13981.01,Employer / Salary,Salary
17292873443,Rohan Sharma,1981-02-25,"153 High St, New York, NY, 10001",PAN6178D,2023-10-28,3EA20D9E6718,CREDIT,NEFT,27195.95,Employer / Salary,Salary
59161678059,John Sharma,1960-04-23,"49 High St, Delhi, DL, 110001",PAN2713C,2023-10-28,D2C5AACD92B8,CREDIT,NEFT,7124.66,Employer / Salary,Salary
85792174432,Pooja Johnson,1984-10-21,"146 Main St, New York, NY, 10001",PAN4632D,2023-10-28,D55E07EA4F08,DEBIT,POS,12807.66,Amazon,Shopping
17906362380,Anjali Singh,1961-02-21,"675 High St, Delhi, DL, 110001",PAN8219D,2023-10-28,7CA85E17B4A4,CREDIT,NEFT,3146.27,Employer / Salary,Salary
75000099430,Pooja Gupta,1961-07-24,"467 MG Road, New York, NY, 10001",PAN2512C,2023-10-28,B050B9FECDA0,CREDIT,NEFT,21684.91,Employer / Salary,Salary
45712503172,Emma Smith,1959-06-28,"846 Park Ave, Mumbai, MH, 400001",PAN8778D,2023-10-28,494E81B60A0A,CREDIT,NEFT,30641.46,Employer / Salary,Salary
54281383264,David Gupta,1993-09-08,"364 Park Ave, New York, NY, 10001",PAN5423C,2023-10-28,93453782D584,DEBIT,POS,12941.33,Amazon,Shopping
18634233392,John Johnson,1977-01-18,"223 Main St, London, UK, EC1A 1BB",PAN7462A,2023-10-28,B91AD478B31E,DEBIT,POS,9768.56,Amazon,Shopping
50946235198,Vikram Verma,1978-02-20,"551 High St, Bangalore, KA, 560001",PAN3935A,2023-10-28,E4A65153863C,DEBIT,POS,4073.56,Amazon,Shopping
88134083024,Priya Smith,1994-06-01,"474 High St, London, UK, EC1A 1BB",PAN3539C,2023-10-28,859A10045AD7,CREDIT,NEFT,11906.52,Employer / Salary,Salary
66997558634,Anjali Gupta,1991-06-20,"955 MG Road, New York, NY, 10001",PAN1543E,2023-10-28,9D8F804A6E94,CREDIT,NEFT,10312.2,Employer / Salary,Salary
74212078458,Vikram Patel,1980-01-20,"752 Main St, London, UK, EC1A 1BB",PAN6821D,2023-10-28,AE583BEB96EA,CREDIT,NEFT,27158.45,Employer / Salary,Salary
98003483004,Vikram Brown,1984-10-24,"571 Park Ave, New York, NY, 10001",PAN1088D,2023-10-28,B5B9A6DEED3E,CREDIT,NEFT,9083.65,Employer / Salary,Salary
30372053124,Karan Verma,1993-06-09,"843 Main St, London, UK, EC1A 1BB",PAN9418D,2023-10-28,B90142C21394,CREDIT,NEFT,34960.32,Employer / Salary,Salary
28959444719,Neha Brown,2000-02-09,"866 High St, Mumbai, MH, 400001",PAN7064A,2023-10-28,9F34D88C225B,DEBIT,POS,10328.96,Amazon,Shopping
52267998461,John Smith,1966-01-16,"456 MG Road, New York, NY, 10001",PAN2705E,2023-10-28,47EE085D9D9C,DEBIT,POS,2954.64,Amazon,Shopping
62351855940,David Patel,1981-02-12,"283 High St, Delhi, DL, 110001",PAN6354E,2023-10-29,806BA95D4FCE,DEBIT,POS,3998.51,Amazon,Shopping
59993877563,Anjali Taylor,1961-10-20,"798 Main St, Delhi, DL, 110001",PAN9661B,2023-10-29,E6C96BC11E98,CREDIT,NEFT,26163.84,Employer / Salary,Salary
12216942157,Sneha Smith,1998-01-26,"535 Main St, Delhi, DL, 110001",PAN3127A,2023-10-29,88465C31ED3B,CREDIT,NEFT,34259.32,Employer / Salary,Salary
47134623182,Karan Patel,1950-03-16,"721 MG Road, Bangalore, KA, 560001",PAN4234D,2023-10-29,966EDDF2D6FE,CREDIT,NEFT,6236.93,Employer / Salary,Salary
72764946459,John Mehta,1962-07-09,"538 High St, Mumbai, MH, 400001",PAN2928E,2023-10-29,BD589E161F14,DEBIT,POS,8907.55,Amazon,Shopping
75000099430,Pooja Gupta,1961-07-24,"467 MG Road, New York, NY, 10001",PAN2512C,2023-10-29,8FB0EE016E88,DEBIT,POS,12600.81,Amazon,Shopping
85792174432,Pooja Johnson,1984-10-21,"146 Main St, New York, NY, 10001",PAN4632D,2023-10-29,BDACF0C3179F,DEBIT,POS,6441.52,Amazon,Shopping
77489880671,Amit Gupta,1989-08-04,"961 Park Ave, Bangalore, KA, 560001",PAN7985E,2023-10-29,AAA173DCDD2F,DEBIT,POS,8955.46,Amazon,Shopping
14325166398,Priya Smith,1951-05-07,"341 High St, Bangalore, KA, 560001",PAN1416D,2023-10-29,3CCE762135AD,CREDIT,NEFT,3681.36,Employer / Salary,Salary
16804367297,Pooja Doe,1998-12-04,"889 High St, New York, NY, 10001",PAN2260E,2023-10-29,C134AD73412A,CREDIT,NEFT,7430.28,Employer / Salary,Salary
26046654712,Vikram Mehta,1979-01-12,"939 High St, Bangalore, KA, 560001",PAN7217D,2023-10-29,AE9B2B36509F,DEBIT,POS,12736.21,Amazon,Shopping
37120342693,Priya Singh,1978-04-11,"132 MG Road, London, UK, EC1A 1BB",PAN9121D,2023-10-29,FF9F641502EA,DEBIT,POS,11919.15,Amazon,Shopping
81172125330,Rohan Verma,1958-09-05,"425 Park Ave, Bangalore, KA, 560001",PAN8394D,2023-10-29,AF701AA730C1,DEBIT,POS,7932.25,Amazon,Shopping
55427318669,John Jain,1966-05-24,"373 MG Road, London, UK, EC1A 1BB",PAN4668A,2023-10-29,54A2F4B76B66,DEBIT,POS,6406.99,Amazon,Shopping
11860997897,Amit Singh,1993-11-16,"118 MG Road, London, UK, EC1A 1BB",PAN1977D,2023-10-29,028A41EC127B,DEBIT,POS,4206.14,Amazon,Shopping
38391968766,David Gupta,1959-02-12,"839 High St, New York, NY, 10001",PAN4368E,2023-10-29,4680B44E90A4,CREDIT,NEFT,23642.81,Employer / Salary,Salary
50234132436,David Singh,1984-07-19,"561 MG Road, New York, NY, 10001",PAN2179A,2023-10-29,D9900BB815A8,CREDIT,NEFT,10975.79,Employer / Salary,Salary
75000099430,Pooja Gupta,1961-07-24,"467 MG Road, New York, NY, 10001",PAN2512C,2023-10-29,68D934D8C41D,CREDIT,NEFT,21154.93,Employer / Salary,Salary
15888736841,Rohan Gupta,1985-04-03,"186 MG Road, Delhi, DL, 110001",PAN9057E,2023-10-29,792502913843,CREDIT,NEFT,12048.41,Employer / Salary,Salary
66664912329,Emma Kumar,1974-09-03,"342 MG Road, Delhi, DL, 110001",PAN9958B,2023-10-29,9B90B154EC64,DEBIT,POS,13176.27,Amazon,Shopping
35483108722,John Singh,1961-10-28,"529 High St, Delhi, DL, 110001",PAN5734A,2023-10-29,35CD7C684861,DEBIT,POS,14005.43,Amazon,Shopping
39432607639,Vikram Johnson,1981-03-24,"127 MG Road, Delhi, DL, 110001",PAN8184B,2023-10-29,65E487C7380B,CREDIT,NEFT,18808.74,Employer / Salary,Salary
72764946459,John Mehta,1962-07-09,"538 High St, Mumbai, MH, 400001",PAN2928E,2023-10-29,CB32E0B09A5D,DEBIT,POS,13178.8,Amazon,Shopping
76810697063,Pooja Singh,1993-03-16,"593 MG Road, Mumbai, MH, 400001",PAN1734E,2023-10-29,135DA22DD5BB,DEBIT,POS,6602.97,Amazon,Shopping
78560339461,Neha Mehta,1961-12-16,"393 MG Road, Delhi, DL, 110001",PAN2009A,2023-10-29,2C5AB0C0D632,DEBIT,POS,10695.94,Amazon,Shopping
84149855424,Sarah Doe,1953-08-27,"515 Park Ave, London, UK, EC1A 1BB",PAN7408B,2023-10-29,E84832354A2C,DEBIT,POS,11377.67,Amazon,Shopping
89297439330,David Mehta,1965-09-23,"620 Main St, Mumbai, MH, 400001",PAN7508B,2023-10-29,8BE879A031CB,DEBIT,POS,2610.58,Amazon,Shopping
81472727188,David Kumar,1975-10-26,"646 High St, Delhi, DL, 110001",PAN9295B,2023-10-29,0E3A2C3D9F41,DEBIT,POS,4167.33,Amazon,Shopping
76410032652,Anjali Kumar,1998-08-07,"548 Main St, Mumbai, MH, 400001",PAN3436D,2023-10-29,10BDC0ED2D17,CREDIT,NEFT,28782.86,Employer / Salary,Salary
65923802905,Karan Kumar,1977-01-13,"52 Main St, Mumbai, MH, 400001",PAN7114B,2023-10-29,CB936CD95B8C,CREDIT,NEFT,20765.38,Employer / Salary,Salary
27074076211,Vikram Kumar,1973-04-11,"992 Park Ave, Delhi, DL, 110001",PAN5679A,2023-10-29,031FF17102F3,CREDIT,NEFT,26515.87,Employer / Salary,Salary
11860997897,Amit Singh,1993-11-16,"118 MG Road, London, UK, EC1A 1BB",PAN1977D,2023-10-29,0D023253CF28,DEBIT,POS,7252.99,Amazon,Shopping
66072419808,Amit Taylor,1958-06-08,"653 Park Ave, Bangalore, KA, 560001",PAN1176A,2023-10-29,022091E19432,DEBIT,POS,10299.31,Amazon,Shopping
72943537134,Rahul Patel,1998-08-07,"330 MG Road, Delhi, DL, 110001",PAN6497D,2023-10-30,5ACA0CA5A174,DEBIT,POS,14787.15,Amazon,Shopping
56072115380,John Sharma,1964-05-09,"935 Main St, Bangalore, KA, 560001",PAN1745B,2023-10-30,E4BAC954D690,DEBIT,POS,13393.93,Amazon,Shopping
10757283255,Rahul Smith,1998-07-09,"289 MG Road, Delhi, DL, 110001",PAN8763C,2023-10-30,6E00832653FF,CREDIT,NEFT,17350.31,Employer / Salary,Salary
78098709516,Pooja Taylor,1956-11-09,"926 Park Ave, Bangalore, KA, 560001",PAN1092A,2023-10-30,79C0FBAD528B,DEBIT,POS,1898.93,Amazon,Shopping
93831496319,Priya Singh,1994-08-04,"559 Main St, London, UK, EC1A 1BB",PAN6436C,2023-10-30,478BD563DA98,CREDIT,NEFT,24826.2,Employer / Salary,Salary
39692996882,Karan Gupta,1976-06-08,"188 Park Ave, Bangalore, KA, 560001",PAN3965B,2023-10-30,DB037C2289B6,CREDIT,NEFT,7746.87,Employer / Salary,Salary
88134083024,Priya Smith,1994-06-01,"474 High St, London, UK, EC1A 1BB",PAN3539C,2023-10-30,E8602337D047,DEBIT,POS,2064.25,Amazon,Shopping
78098709516,Pooja Taylor,1956-11-09,"926 Park Ave, Bangalore, KA, 560001",PAN1092A,2023-10-30,4F4B4859635C,CREDIT,NEFT,28345.11,Employer / Salary,Salary
30372053124,Karan Verma,1993-06-09,"843 Main St, London, UK, EC1A 1BB",PAN9418D,2023-10-30,E26C2B1F0FDB,DEBIT,POS,8044.03,Amazon,Shopping
15888736841,Rohan Gupta,1985-04-03,"186 MG Road, Delhi, DL, 110001",PAN9057E,2023-10-30,D914A537240D,CREDIT,NEFT,29180.79,Employer / Salary,Salary
19487935036,John Sharma,1981-02-18,"216 Park Ave, Mumbai, MH, 400001",PAN9734A,2023-10-30,B9C0BEF0F587,CREDIT,NEFT,15152.05,Employer / Salary,Salary
77489880671,Amit Gupta,1989-08-04,"961 Park Ave, Bangalore, KA, 560001",PAN7985E,2023-10-30,BA187D06F77F,CREDIT,NEFT,25362.59,Employer / Salary,Salary
59993877563,Anjali Taylor,1961-10-20,"798 Main St, Delhi, DL, 110001",PAN9661B,2023-10-30,D78AC3D85241,DEBIT,POS,14373.03,Amazon,Shopping
46807880988,David Doe,1951-02-22,"330 Main St, Bangalore, KA, 560001",PAN5379B,2023-10-30,C5AE2583B33E,DEBIT,POS,2212.87,Amazon,Shopping
54789362237,Vikram Sharma,1994-01-15,"136 MG Road, Mumbai, MH, 400001",PAN5415C,2023-10-30,566FB11C64FF,CREDIT,NEFT,19365.97,Employer / Salary,Salary
81472727188,David Kumar,1975-10-26,"646 High St, Delhi, DL, 110001",PAN9295B,2023-10-30,7F1AF07ED65A,CREDIT,NEFT,10622.83,Employer / Salary,Salary
35483108722,John Singh,1961-10-28,"529 High St, Delhi, DL, 110001",PAN5734A,2023-10-30,81A5C8F9F0BB,CREDIT,NEFT,29393.78,Employer / Salary,Salary
23849431352,Sarah Taylor,1953-11-27,"464 High St, New York, NY, 10001",PAN7877B,2023-10-30,6D2F7C7A14D1,CREDIT,NEFT,4271.42,Employer / Salary,Salary
37120342693,Priya Singh,1978-04-11,"132 MG Road, London, UK, EC1A 1BB",PAN9121D,2023-10-30,80E4B581B2B8,DEBIT,POS,11634.99,Amazon,Shopping
66072419808,Amit Taylor,1958-06-08,"653 Park Ave, Bangalore, KA, 560001",PAN1176A,2023-10-30,44D2E90DF41C,DEBIT,POS,11990.86,Amazon,Shopping
93831496319,Priya Singh,1994-08-04,"559 Main St, London, UK, EC1A 1BB",PAN6436C,2023-10-30,38C6A5B89B36,DEBIT,POS,9626.64,Amazon,Shopping
98003483004,Vikram Brown,1984-10-24,"571 Park Ave, New York, NY, 10001",PAN1088D,2023-10-30,6662FAC3F889,DEBIT,POS,5929.1,Amazon,Shopping
65014010617,Karan Patel,1975-03-19,"134 MG Road, Bangalore, KA, 560001",PAN4209D,2023-10-30,7B8658DE594B,CREDIT,NEFT,17571.08,Employer / Salary,Salary
85792174432,Pooja Johnson,1984-10-21,"146 Main St, New York, NY, 10001",PAN4632D,2023-10-30,107996DE1D81,DEBIT,POS,14541.9,Amazon,Shopping
16804367297,Pooja Doe,1998-12-04,"889 High St, New York, NY, 10001",PAN2260E,2023-10-30,A510F023EE9F,CREDIT,NEFT,8294.28,Employer / Salary,Salary
16978135670,Sarah Johnson,1970-09-20,"81 Park Ave, New York, NY, 10001",PAN8594C,2023-10-30,2A7BA99EC4C6,DEBIT,POS,1516.18,Amazon,Shopping
14325166398,Priya Smith,1951-05-07,"341 High St, Bangalore, KA, 560001",PAN1416D,2023-10-30,9FEA0F95492A,CREDIT,NEFT,17981.54,Employer / Salary,Salary
26899345501,Sarah Verma,1975-06-16,"691 High St, London, UK, EC1A 1BB",PAN5595E,2023-10-30,C099987042C5,CREDIT,NEFT,23902.68,Employer / Salary,Salary
97030995635,Pooja Kumar,1961-05-15,"40 High St, Mumbai, MH, 400001",PAN6651D,2023-10-30,53A071DA6F35,CREDIT,NEFT,18859.44,Employer / Salary,Salary
84547616074,John Mehta,1976-11-20,"149 High St, New York, NY, 10001",PAN1582D,2023-10-31,E929E5D80BD4,DEBIT,POS,11745.63,Amazon,Shopping
15888736841,Rohan Gupta,1985-04-03,"186 MG Road, Delhi, DL, 110001",PAN9057E,2023-10-31,0FD2C0173D9C,CREDIT,NEFT,29135.3,Employer / Salary,Salary
72764946459,John Mehta,1962-07-09,"538 High St, Mumbai, MH, 400001",PAN2928E,2023-10-31,6728B467A716,DEBIT,POS,2003.45,Amazon,Shopping
69804455360,Rohan Taylor,1984-03-14,"248 High St, New York, NY, 10001",PAN5394D,2023-10-31,885E86B284CB,DEBIT,POS,5547.13,Amazon,Shopping
52920365658,Karan Brown,1975-12-23,"844 Park Ave, Bangalore, KA, 560001",PAN2694A,2023-10-31,97C2334DEE34,CREDIT,NEFT,31721.89,Employer / Salary,Salary
11860997897,Amit Singh,1993-11-16,"118 MG Road, London, UK, EC1A 1BB",PAN1977D,2023-10-31,7D6D5362C3B4,CREDIT,NEFT,12166.43,Employer / Salary,Salary
15423350995,Sneha Sharma,1975-03-13,"788 High St, Delhi, DL, 110001",PAN4344B,2023-10-31,DAF2F7DDF7DA,DEBIT,POS,14194.34,Amazon,Shopping
20994992968,Pooja Taylor,1976-11-28,"103 High St, New York, NY, 10001",PAN9782C,2023-10-31,723AB9928178,CREDIT,NEFT,1669.72,Employer / Salary,Salary
23750367692,John Mehta,1962-11-28,"409 Main St, Bangalore, KA, 560001",PAN3892C,2023-10-31,515437FF1278,DEBIT,POS,13317.7,Amazon,Shopping
78098709516,Pooja Taylor,1956-11-09,"926 Park Ave, Bangalore, KA, 560001",PAN1092A,2023-10-31,1A335C75D788,CREDIT,NEFT,18923.93,Employer / Salary,Salary
13657793309,Rohan Smith,1992-04-09,"585 MG Road, Mumbai, MH, 400001",PAN7405A,2023-10-31,609751D8954C,DEBIT,POS,693.13,Amazon,Shopping
37120342693,Priya Singh,1978-04-11,"132 MG Road, London, UK, EC1A 1BB",PAN9121D,2023-10-31,F3CFF07A3084,CREDIT,NEFT,24450.83,Employer / Salary,Salary
67611548402,David Gupta,1994-01-26,"700 MG Road, London, UK, EC1A 1BB",PAN5908B,2023-10-31,90BA6D55E217,DEBIT,POS,14298.57,Amazon,Shopping
15888736841,Rohan Gupta,1985-04-03,"186 MG Road, Delhi, DL, 110001",PAN9057E,2023-10-31,049AAF549748,DEBIT,POS,7600.11,Amazon,Shopping
77489880671,Amit Gupta,1989-08-04,"961 Park Ave, Bangalore, KA, 560001",PAN7985E,2023-10-31,8B42D5C0B189,CREDIT,NEFT,1501.55,Employer / Salary,Salary
52267998461,John Smith,1966-01-16,"456 MG Road, New York, NY, 10001",PAN2705E,2023-10-31,99525766E211,CREDIT,NEFT,7104.93,Employer / Salary,Salary
80052658840,John Patel,1962-04-09,"119 MG Road, London, UK, EC1A 1BB",PAN1711C,2023-10-31,C85A604A1959,CREDIT,NEFT,1654.95,Employer / Salary,Salary
26899345501,Sarah Verma,1975-06-16,"691 High St, London, UK, EC1A 1BB",PAN5595E,2023-10-31,FAF9279D1C67,CREDIT,NEFT,8837.71,Employer / Salary,Salary
81172125330,Rohan Verma,1958-09-05,"425 Park Ave, Bangalore, KA, 560001",PAN8394D,2023-10-31,0ADCADB62682,CREDIT,NEFT,5336.84,Employer / Salary,Salary
13657793309,Rohan Smith,1992-04-09,"585 MG Road, Mumbai, MH, 400001",PAN7405A,2023-10-31,AD7C7F5121E7,DEBIT,POS,8411.66,Amazon,Shopping
61589809483,Rahul Gupta,1952-04-05,"499 Main St, Delhi, DL, 110001",PAN8328E,2023-10-31,7262D75DE9AC,DEBIT,POS,1283.82,Amazon,Shopping
38391968766,David Gupta,1959-02-12,"839 High St, New York, NY, 10001",PAN4368E,2023-11-01,7CEE5F8026ED,CREDIT,NEFT,6762.45,Employer / Salary,Salary
26046654712,Vikram Mehta,1979-01-12,"939 High St, Bangalore, KA, 560001",PAN7217D,2023-11-01,22EB79DC8712,DEBIT,POS,4866.0,Amazon,Shopping
50946235198,Vikram Verma,1978-02-20,"551 High St, Bangalore, KA, 560001",PAN3935A,2023-11-01,EF26B4267F06,DEBIT,POS,7704.32,Amazon,Shopping
14325166398,Priya Smith,1951-05-07,"341 High St, Bangalore, KA, 560001",PAN1416D,2023-11-01,E2040DE232E0,DEBIT,POS,2947.84,Amazon,Shopping
65014010617,Karan Patel,1975-03-19,"134 MG Road, Bangalore, KA, 560001",PAN4209D,2023-11-01,F04E30E559D7,CREDIT,NEFT,19006.14,Employer / Salary,Salary
86418769212,Karan Smith,1983-04-13,"841 MG Road, New York, NY, 10001",PAN7414E,2023-11-01,52FBE5CD4C76,CREDIT,NEFT,8747.61,Employer / Salary,Salary
65014010617,Karan Patel,1975-03-19,"134 MG Road, Bangalore, KA, 560001",PAN4209D,2023-11-01,E657FEF034B3,CREDIT,NEFT,14500.98,Employer / Salary,Salary
78098709516,Pooja Taylor,1956-11-09,"926 Park Ave, Bangalore, KA, 560001",PAN1092A,2023-11-01,F8345124295B,DEBIT,POS,5022.98,Amazon,Shopping
23077763372,Sneha Johnson,1967-04-10,"876 MG Road, Delhi, DL, 110001",PAN6792E,2023-11-01,40FC2D0CBA96,CREDIT,NEFT,20316.03,Employer / Salary,Salary
56847251402,Sneha Verma,1979-11-23,"441 Park Ave, Mumbai, MH, 400001",PAN1501B,2023-11-01,282969535582,DEBIT,POS,12775.32,Amazon,Shopping
12216942157,Sneha Smith,1998-01-26,"535 Main St, Delhi, DL, 110001",PAN3127A,2023-11-01,8A05AEC91160,DEBIT,POS,3624.08,Amazon,Shopping
77489880671,Amit Gupta,1989-08-04,"961 Park Ave, Bangalore, KA, 560001",PAN7985E,2023-11-01,507D62A4CD3E,CREDIT,NEFT,19929.83,Employer / Salary,Salary
38657767535,David Kumar,1986-10-10,"253 MG Road, Delhi, DL, 110001",PAN2032A,2023-11-01,5D74E07968D7,DEBIT,POS,2990.78,Amazon,Shopping
80330286380,David Jain,1991-03-23,"848 Main St, Delhi, DL, 110001",PAN5683C,2023-11-01,2600A7C3295D,CREDIT,NEFT,13229.71,Employer / Salary,Salary
55427318669,John Jain,1966-05-24,"373 MG Road, London, UK, EC1A 1BB",PAN4668A,2023-11-01,D1BDF8BAAC33,DEBIT,POS,14019.78,Amazon,Shopping
37089997609,Pooja Gupta,1987-12-01,"479 MG Road, Delhi, DL, 110001",PAN3886A,2023-11-01,A4E3EE22DC61,DEBIT,POS,2998.23,Amazon,Shopping
66072419808,Amit Taylor,1958-06-08,"653 Park Ave, Bangalore, KA, 560001",PAN1176A,2023-11-01,18B5FE234DAD,CREDIT,NEFT,27966.06,Employer / Salary,Salary
38657767535,David Kumar,1986-10-10,"253 MG Road, Delhi, DL, 110001",PAN2032A,2023-11-01,28B7740B4A78,CREDIT,NEFT,34928.5,Employer / Salary,Salary
70624341550,Rohan Verma,1969-05-17,"839 Park Ave, Delhi, DL, 110001",PAN3034D,2023-11-01,FAECCA7E1BEA,DEBIT,POS,2667.3,Amazon,Shopping
23878170594,Priya Doe,1961-05-15,"822 Main St, New York, NY, 10001",PAN7763E,2023-11-01,55DA9414FB4D,DEBIT,POS,2118.13,Amazon,Shopping
31179939410,Amit Patel,1974-08-15,"862 MG Road, London, UK, EC1A 1BB",PAN2395A,2023-11-01,F45DE6EF6E8D,DEBIT,POS,9888.94,Amazon,Shopping
77489880671,Amit Gupta,1989-08-04,"961 Park Ave, Bangalore, KA, 560001",PAN7985E,2023-11-01,7969DB15C7A2,CREDIT,NEFT,33098.35,Employer / Salary,Salary
46807880988,David Doe,1951-02-22,"330 Main St, Bangalore, KA, 560001",PAN5379B,2023-11-01,341224649BE8,CREDIT,NEFT,1677.6,Employer / Salary,Salary
88372399312,Anjali Brown,1971-11-28,"850 High St, Bangalore, KA, 560001",PAN4990D,2023-11-02,D1FF07258291,DEBIT,POS,475.59,Amazon,Shopping
84149855424,Sarah Doe,1953-08-27,"515 Park Ave, London, UK, EC1A 1BB",PAN7408B,2023-11-02,8FB73CEEBAE3,CREDIT,NEFT,24415.16,Employer / Salary,Salary
65923802905,Karan Kumar,1977-01-13,"52 Main St, Mumbai, MH, 400001",PAN7114B,2023-11-02,0C6652D02F56,DEBIT,POS,8385.24,Amazon,Shopping
39432607639,Vikram Johnson,1981-03-24,"127 MG Road, Delhi, DL, 110001",PAN8184B,2023-11-02,30D704E6978D,CREDIT,NEFT,10006.09,Employer / Salary,Salary
50234132436,David Singh,1984-07-19,"561 MG Road, New York, NY, 10001",PAN2179A,2023-11-02,1D14EACEF3C9,CREDIT,NEFT,34691.3,Employer / Salary,Salary
76810697063,Pooja Singh,1993-03-16,"593 MG Road, Mumbai, MH, 400001",PAN1734E,2023-11-02,E94F9EF235A0,DEBIT,POS,12006.1,Amazon,Shopping
15423350995,Sneha Sharma,1975-03-13,"788 High St, Delhi, DL, 110001",PAN4344B,2023-11-02,08528A54FCA7,DEBIT,POS,3344.5,Amazon,Shopping
10915709191,Sneha Sharma,1984-08-25,"151 MG Road, New York, NY, 10001",PAN9120C,2023-11-02,369AA70A06CE,CREDIT,NEFT,25563.95,Employer / Salary,Salary
39692996882,Karan Gupta,1976-06-08,"188 Park Ave, Bangalore, KA, 560001",PAN3965B,2023-11-02,E91987218BB3,DEBIT,POS,3188.72,Amazon,Shopping
93401732918,Karan Taylor,1992-03-25,"153 Park Ave, New York, NY, 10001",PAN2492A,2023-11-02,36AC0420BB35,CREDIT,NEFT,22181.03,Employer / Salary,Salary
49843457405,Rohan Sharma,1974-04-27,"231 Park Ave, Bangalore, KA, 560001",PAN6734B,2023-11-02,E70FF58424ED,DEBIT,POS,6075.01,Amazon,Shopping
15423350995,Sneha Sharma,1975-03-13,"788 High St, Delhi, DL, 110001",PAN4344B,2023-11-02,D13E2C85B718,DEBIT,POS,9531.0,Amazon,Shopping
74511864590,Emma Johnson,1950-08-20,"847 High St, Delhi, DL, 110001",PAN3558A,2023-11-02,EC0FCF1CE7E0,CREDIT,NEFT,10831.63,Employer / Salary,Salary
61589809483,Rahul Gupta,1952-04-05,"499 Main St, Delhi, DL, 110001",PAN8328E,2023-11-02,EC91CCFC3A0D,DEBIT,POS,7603.71,Amazon,Shopping
51408605578,David Johnson,1970-01-05,"579 Park Ave, Bangalore, KA, 560001",PAN4083E,2023-11-02,C5BAA165B9B8,CREDIT,NEFT,1934.12,Employer / Salary,Salary
23878170594,Priya Doe,1961-05-15,"822 Main St, New York, NY, 10001",PAN7763E,2023-11-02,CEB104C9ABB4,DEBIT,POS,7604.08,Amazon,Shopping
73458045960,Karan Gupta,1985-05-24,"996 High St, Mumbai, MH, 400001",PAN4247A,2023-11-02,D448AE1FE52E,DEBIT,POS,3306.96,Amazon,Shopping
76810697063,Pooja Singh,1993-03-16,"593 MG Road, Mumbai, MH, 400001",PAN1734E,2023-11-02,4B2C6B6DC109,DEBIT,POS,14928.02,Amazon,Shopping
15423350995,Sneha Sharma,1975-03-13,"788 High St, Delhi, DL, 110001",PAN4344B,2023-11-02,FEF01E735663,DEBIT,POS,12201.02,Amazon,Shopping
29917034761,David Kumar,1958-11-03,"386 High St, Delhi, DL, 110001",PAN7751C,2023-11-02,DB0B751958B8,CREDIT,NEFT,14855.77,Employer / Salary,Salary
38391968766,David Gupta,1959-02-12,"839 High St, New York, NY, 10001",PAN4368E,2023-11-02,071E38F853EF,DEBIT,POS,3391.11,Amazon,Shopping
26899345501,Sarah Verma,1975-06-16,"691 High St, London, UK, EC1A 1BB",PAN5595E,2023-11-02,DB288CFC36C1,DEBIT,POS,135.95,Amazon,Shopping
12598902645,Michael Verma,1979-02-05,"30 MG Road, Bangalore, KA, 560001",PAN7630A,2023-11-02,2AF47D7AAC97,DEBIT,POS,10579.12,Amazon,Shopping
94485698109,Karan Jain,1950-05-07,"76 Park Ave, Bangalore, KA, 560001",PAN1983E,2023-11-02,EAD3176D0364,DEBIT,BROKERAGE,1250000.0,INTERACTIVE BROKERS UK,"Purchase of 500,000 shares ISIN GB0031348658"
39432607639,Vikram Johnson,1981-03-24,"127 MG Road, Delhi, DL, 110001",PAN8184B,2023-11-02,D438E567818B,CREDIT,NEFT,10652.53,Employer / Salary,Salary
65530184501,Pooja Doe,1991-11-18,"104 Main St, New York, NY, 10001",PAN5117B,2023-11-02,CBA6272D18E4,CREDIT,NEFT,4423.96,Employer / Salary,Salary
20994992968,Pooja Taylor,1976-11-28,"103 High St, New York, NY, 10001",PAN9782C,2023-11-02,91A4D77B0C35,CREDIT,NEFT,22147.01,Employer / Salary,Salary
69774016847,Sneha Doe,1978-09-25,"317 Park Ave, Bangalore, KA, 560001",PAN8031B,2023-11-02,5B4AB6D242E8,CREDIT,NEFT,21688.28,Employer / Salary,Salary
76630989226,Rahul Johnson,1993-09-01,"744 Main St, Mumbai, MH, 400001",PAN9113C,2023-11-03,A08E0B3CCC78,CREDIT,NEFT,21778.24,Employer / Salary,Salary
45334322348,Karan Verma,1971-09-10,"984 High St, London, UK, EC1A 1BB",PAN7344B,2023-11-03,CE30AFD99E3B,CREDIT,NEFT,3062.99,Employer / Salary,Salary
81172125330,Rohan Verma,1958-09-05,"425 Park Ave, Bangalore, KA, 560001",PAN8394D,2023-11-03,6E361B9AB3FB,DEBIT,POS,6472.01,Amazon,Shopping
50234132436,David Singh,1984-07-19,"561 MG Road, New York, NY, 10001",PAN2179A,2023-11-03,ECA9EE2BDFAC,DEBIT,POS,8596.44,Amazon,Shopping
27074076211,Vikram Kumar,1973-04-11,"992 Park Ave, Delhi, DL, 110001",PAN5679A,2023-11-03,9362463CB046,CREDIT,NEFT,7484.17,Employer / Salary,Salary
54789362237,Vikram Sharma,1994-01-15,"136 MG Road, Mumbai, MH, 400001",PAN5415C,2023-11-03,3D514799BDDF,CREDIT,NEFT,15982.36,Employer / Salary,Salary
86418769212,Karan Smith,1983-04-13,"841 MG Road, New York, NY, 10001",PAN7414E,2023-11-03,11F584540D7F,DEBIT,POS,585.64,Amazon,Shopping
39432607639,Vikram Johnson,1981-03-24,"127 MG Road, Delhi, DL, 110001",PAN8184B,2023-11-03,09BCD66BF57A,DEBIT,POS,5026.62,Amazon,Shopping
74212078458,Vikram Patel,1980-01-20,"752 Main St, London, UK, EC1A 1BB",PAN6821D,2023-11-03,F353915315D0,DEBIT,POS,2617.05,Amazon,Shopping
72764946459,John Mehta,1962-07-09,"538 High St, Mumbai, MH, 400001",PAN2928E,2023-11-03,53B87B1A5E77,DEBIT,POS,6601.22,Amazon,Shopping
81472727188,David Kumar,1975-10-26,"646 High St, Delhi, DL, 110001",PAN9295B,2023-11-03,8E47A32DCD5F,CREDIT,NEFT,33015.07,Employer / Salary,Salary
23077763372,Sneha Johnson,1967-04-10,"876 MG Road, Delhi, DL, 110001",PAN6792E,2023-11-03,7F78AAC0E98F,CREDIT,NEFT,3341.15,Employer / Salary,Salary
15888736841,Rohan Gupta,1985-04-03,"186 MG Road, Delhi, DL, 110001",PAN9057E,2023-11-03,23D92D7A757A,DEBIT,POS,3170.93,Amazon,Shopping
47134623182,Karan Patel,1950-03-16,"721 MG Road, Bangalore, KA, 560001",PAN4234D,2023-11-03,B117A12DE0B6,DEBIT,POS,12466.04,Amazon,Shopping
46807880988,David Doe,1951-02-22,"330 Main St, Bangalore, KA, 560001",PAN5379B,2023-11-03,37DA8E1BDB92,DEBIT,POS,13229.36,Amazon,Shopping
23849431352,Sarah Taylor,1953-11-27,"464 High St, New York, NY, 10001",PAN7877B,2023-11-03,9CCF57B7D097,DEBIT,POS,14956.87,Amazon,Shopping
66664912329,Emma Kumar,1974-09-03,"342 MG Road, Delhi, DL, 110001",PAN9958B,2023-11-03,1C97798429D1,CREDIT,NEFT,1986.23,Employer / Salary,Salary
46103679233,Pooja Jain,1969-04-22,"916 Park Ave, London, UK, EC1A 1BB",PAN8087D,2023-11-04,3F686C681791,CREDIT,NEFT,5824.12,Employer / Salary,Salary
21215636661,Priya Gupta,1971-12-11,"507 Park Ave, Mumbai, MH, 400001",PAN7805D,2023-11-04,43DB5C7DAEC2,DEBIT,POS,13375.51,Amazon,Shopping
56072115380,John Sharma,1964-05-09,"935 Main St, Bangalore, KA, 560001",PAN1745B,2023-11-04,6452A9344C61,DEBIT,POS,8222.97,Amazon,Shopping
54789362237,Vikram Sharma,1994-01-15,"136 MG Road, Mumbai, MH, 400001",PAN5415C,2023-11-04,748058FE3344,CREDIT,NEFT,19461.82,Employer / Salary,Salary
89297439330,David Mehta,1965-09-23,"620 Main St, Mumbai, MH, 400001",PAN7508B,2023-11-04,C3729ECC24B9,CREDIT,NEFT,28393.35,Employer / Salary,Salary
77489880671,Amit Gupta,1989-08-04,"961 Park Ave, Bangalore, KA, 560001",PAN7985E,2023-11-04,C1D5D21DC031,CREDIT,NEFT,10134.09,Employer / Salary,Salary
93842987268,Karan Smith,1952-12-02,"318 Main St, New York, NY, 10001",PAN1776B,2023-11-04,5BEFAF3B15C7,CREDIT,NEFT,27371.44,Employer / Salary,Salary
18336101465,Emma Jain,1977-03-22,"18 Park Ave, London, UK, EC1A 1BB",PAN4876B,2023-11-04,87B63B579372,CREDIT,NEFT,7912.35,Employer / Salary,Salary
69804455360,Rohan Taylor,1984-03-14,"248 High St, New York, NY, 10001",PAN5394D,2023-11-04,1F008324B7C5,DEBIT,POS,7500.57,Amazon,Shopping
52267998461,John Smith,1966-01-16,"456 MG Road, New York, NY, 10001",PAN2705E,2023-11-04,3D055718AE83,DEBIT,POS,11088.43,Amazon,Shopping
39432607639,Vikram Johnson,1981-03-24,"127 MG Road, Delhi, DL, 110001",PAN8184B,2023-11-04,C6A26CF4438B,DEBIT,POS,1349.94,Amazon,Shopping
78606049757,Karan Mehta,1998-02-21,"306 High St, Mumbai, MH, 400001",PAN1332D,2023-11-04,60CC28714563,DEBIT,POS,14220.69,Amazon,Shopping
10757283255,Rahul Smith,1998-07-09,"289 MG Road, Delhi, DL, 110001",PAN8763C,2023-11-04,98674A93C821,CREDIT,NEFT,34986.82,Employer / Salary,Salary
35483108722,John Singh,1961-10-28,"529 High St, Delhi, DL, 110001",PAN5734A,2023-11-04,1C7043CD3355,CREDIT,NEFT,6980.58,Employer / Salary,Salary
66072419808,Amit Taylor,1958-06-08,"653 Park Ave, Bangalore, KA, 560001",PAN1176A,2023-11-04,0345A7F56B9E,DEBIT,POS,6692.25,Amazon,Shopping
93401732918,Karan Taylor,1992-03-25,"153 Park Ave, New York, NY, 10001",PAN2492A,2023-11-04,976D3BEB781D,DEBIT,POS,13281.82,Amazon,Shopping
17292873443,Rohan Sharma,1981-02-25,"153 High St, New York, NY, 10001",PAN6178D,2023-11-04,92AB6B5AFE72,DEBIT,POS,5611.04,Amazon,Shopping
15423350995,Sneha Sharma,1975-03-13,"788 High St, Delhi, DL, 110001",PAN4344B,2023-11-04,72633C2E2CD1,DEBIT,POS,8095.2,Amazon,Shopping
76810697063,Pooja Singh,1993-03-16,"593 MG Road, Mumbai, MH, 400001",PAN1734E,2023-11-04,CCBF0C4528A3,DEBIT,POS,4768.63,Amazon,Shopping
14325166398,Priya Smith,1951-05-07,"341 High St, Bangalore, KA, 560001",PAN1416D,2023-11-04,A1C5848B0AD1,DEBIT,POS,12129.66,Amazon,Shopping
23077763372,Sneha Johnson,1967-04-10,"876 MG Road, Delhi, DL, 110001",PAN6792E,2023-11-04,49A4F3D3A497,CREDIT,NEFT,15333.46,Employer / Salary,Salary
38391968766,David Gupta,1959-02-12,"839 High St, New York, NY, 10001",PAN4368E,2023-11-04,89ACDF8AD895,DEBIT,POS,13733.85,Amazon,Shopping
35483108722,John Singh,1961-10-28,"529 High St, Delhi, DL, 110001",PAN5734A,2023-11-04,C83D8A2982CF,DEBIT,POS,1993.51,Amazon,Shopping
49843457405,Rohan Sharma,1974-04-27,"231 Park Ave, Bangalore, KA, 560001",PAN6734B,2023-11-04,903CDD891DB6,DEBIT,POS,9710.97,Amazon,Shopping
23878170594,Priya Doe,1961-05-15,"822 Main St, New York, NY, 10001",PAN7763E,2023-11-04,705D05C46B03,CREDIT,NEFT,34791.95,Employer / Salary,Salary
14325166398,Priya Smith,1951-05-07,"341 High St, Bangalore, KA, 560001",PAN1416D,2023-11-05,D61EC2063D9B,CREDIT,NEFT,4105.0,Employer / Salary,Salary
59993877563,Anjali Taylor,1961-10-20,"798 Main St, Delhi, DL, 110001",PAN9661B,2023-11-05,561CA2CBAA24,CREDIT,NEFT,5018.99,Employer / Salary,Salary
21858846381,Pooja Taylor,1967-02-13,"903 High St, New York, NY, 10001",PAN9349A,2023-11-05,0E56CCC4E060,CREDIT,NEFT,3915.24,Employer / Salary,Salary
65923802905,Karan Kumar,1977-01-13,"52 Main St, Mumbai, MH, 400001",PAN7114B,2023-11-05,B36080FE91F8,CREDIT,NEFT,7833.91,Employer / Salary,Salary
75000099430,Pooja Gupta,1961-07-24,"467 MG Road, New York, NY, 10001",PAN2512C,2023-11-05,C4266070D408,CREDIT,NEFT,11335.94,Employer / Salary,Salary
94485698109,Karan Jain,1950-05-07,"76 Park Ave, Bangalore, KA, 560001",PAN1983E,2023-11-05,FD171D76C8CB,CREDIT,BROKERAGE,1850000.0,INTERACTIVE BROKERS UK,"Liquidation of 500,000 shares ISIN GB0031348658"
33233889749,Sarah Taylor,1960-09-15,"294 Park Ave, Delhi, DL, 110001",PAN6247D,2023-11-05,78B3E390D8C7,CREDIT,NEFT,5701.06,Employer / Salary,Salary
89208281088,Vikram Patel,1999-11-05,"13 High St, Mumbai, MH, 400001",PAN1478B,2023-11-05,DCF89C485A51,DEBIT,POS,7211.51,Amazon,Shopping
78098709516,Pooja Taylor,1956-11-09,"926 Park Ave, Bangalore, KA, 560001",PAN1092A,2023-11-05,B2948760E07D,CREDIT,NEFT,21386.51,Employer / Salary,Salary
74511864590,Emma Johnson,1950-08-20,"847 High St, Delhi, DL, 110001",PAN3558A,2023-11-05,7DD072C43783,CREDIT,NEFT,18750.48,Employer / Salary,Salary
30372053124,Karan Verma,1993-06-09,"843 Main St, London, UK, EC1A 1BB",PAN9418D,2023-11-05,308A895865F7,DEBIT,POS,12414.38,Amazon,Shopping
33233889749,Sarah Taylor,1960-09-15,"294 Park Ave, Delhi, DL, 110001",PAN6247D,2023-11-05,1053C8520CDE,CREDIT,NEFT,29704.64,Employer / Salary,Salary
76810697063,Pooja Singh,1993-03-16,"593 MG Road, Mumbai, MH, 400001",PAN1734E,2023-11-05,76A16E3FA5E9,DEBIT,POS,6980.56,Amazon,Shopping
69804455360,Rohan Taylor,1984-03-14,"248 High St, New York, NY, 10001",PAN5394D,2023-11-05,E2892DD08935,DEBIT,POS,4045.68,Amazon,Shopping
23077763372,Sneha Johnson,1967-04-10,"876 MG Road, Delhi, DL, 110001",PAN6792E,2023-11-05,D18F5F0CE00D,DEBIT,POS,8274.73,Amazon,Shopping
54281383264,David Gupta,1993-09-08,"364 Park Ave, New York, NY, 10001",PAN5423C,2023-11-05,B7F6A5EBECA2,DEBIT,POS,4749.28,Amazon,Shopping
68027852646,Rohan Mehta,1963-05-21,"416 Park Ave, Mumbai, MH, 400001",PAN7912D,2023-11-05,E1DF678DD4FF,DEBIT,POS,2312.77,Amazon,Shopping
31179939410,Amit Patel,1974-08-15,"862 MG Road, London, UK, EC1A 1BB",PAN2395A,2023-11-05,E63CA162E700,DEBIT,POS,291.65,Amazon,Shopping
60893495800,Neha Verma,1971-09-05,"373 Park Ave, Mumbai, MH, 400001",PAN2472E,2023-11-05,1A295DEF1585,CREDIT,NEFT,30647.09,Employer / Salary,Salary
49294722421,Sarah Kumar,1997-06-10,"650 Park Ave, Delhi, DL, 110001",PAN2473A,2023-11-05,9F9FC6E6939E,DEBIT,POS,13367.38,Amazon,Shopping
42035385933,Rahul Doe,1971-03-01,"877 MG Road, Bangalore, KA, 560001",PAN4352A,2023-11-05,33A9A31C58BC,CREDIT,NEFT,32917.51,Employer / Salary,Salary
38391968766,David Gupta,1959-02-12,"839 High St, New York, NY, 10001",PAN4368E,2023-11-05,F528DB68032D,DEBIT,POS,370.56,Amazon,Shopping
56072115380,John Sharma,1964-05-09,"935 Main St, Bangalore, KA, 560001",PAN1745B,2023-11-05,0B153F6C0131,CREDIT,NEFT,23145.55,Employer / Salary,Salary
89297439330,David Mehta,1965-09-23,"620 Main St, Mumbai, MH, 400001",PAN7508B,2023-11-05,E750C6EB6672,DEBIT,POS,2348.75,Amazon,Shopping
99129617972,Karan Taylor,1979-01-01,"237 Park Ave, Bangalore, KA, 560001",PAN7496A,2023-11-06,9269C2667F8C,CREDIT,NEFT,18158.31,Employer / Salary,Salary
70624341550,Rohan Verma,1969-05-17,"839 Park Ave, Delhi, DL, 110001",PAN3034D,2023-11-06,0FD9FF2E8CEB,DEBIT,POS,11208.67,Amazon,Shopping
86418769212,Karan Smith,1983-04-13,"841 MG Road, New York, NY, 10001",PAN7414E,2023-11-06,A6FC18F6A9C5,DEBIT,POS,951.57,Amazon,Shopping
62586375682,Anjali Brown,1973-06-23,"270 MG Road, Delhi, DL, 110001",PAN1838A,2023-11-06,0BBB2D5B9599,CREDIT,NEFT,30867.72,Employer / Salary,Salary
89208281088,Vikram Patel,1999-11-05,"13 High St, Mumbai, MH, 400001",PAN1478B,2023-11-06,DFCCD08B67D6,CREDIT,NEFT,25172.88,Employer / Salary,Salary
42035385933,Rahul Doe,1971-03-01,"877 MG Road, Bangalore, KA, 560001",PAN4352A,2023-11-06,9C80DC0BFC5F,DEBIT,POS,8795.93,Amazon,Shopping
93842987268,Karan Smith,1952-12-02,"318 Main St, New York, NY, 10001",PAN1776B,2023-11-06,E876DE5E822D,DEBIT,POS,10691.28,Amazon,Shopping
42035385933,Rahul Doe,1971-03-01,"877 MG Road, Bangalore, KA, 560001",PAN4352A,2023-11-06,BAC62724FD77,CREDIT,NEFT,30152.27,Employer / Salary,Salary
47134623182,Karan Patel,1950-03-16,"721 MG Road, Bangalore, KA, 560001",PAN4234D,2023-11-06,0F01D115E462,CREDIT,NEFT,33307.36,Employer / Salary,Salary
54789362237,Vikram Sharma,1994-01-15,"136 MG Road, Mumbai, MH, 400001",PAN5415C,2023-11-06,0AFBAAE7C76E,CREDIT,NEFT,2437.07,Employer / Salary,Salary
37664188145,David Smith,1993-10-16,"167 Park Ave, New York, NY, 10001",PAN9192E,2023-11-06,DDAED18DEEE7,DEBIT,POS,3742.85,Amazon,Shopping
15888736841,Rohan Gupta,1985-04-03,"186 MG Road, Delhi, DL, 110001",PAN9057E,2023-11-06,2F96C8B4B051,CREDIT,NEFT,8725.88,Employer / Salary,Salary
54789362237,Vikram Sharma,1994-01-15,"136 MG Road, Mumbai, MH, 400001",PAN5415C,2023-11-06,C75574B3A479,CREDIT,NEFT,3280.23,Employer / Salary,Salary
81329539066,David Doe,1967-03-26,"445 Park Ave, Bangalore, KA, 560001",PAN5000A,2023-11-06,A32C0D771EFE,DEBIT,POS,598.46,Amazon,Shopping
75811844427,David Patel,1984-06-14,"695 Main St, Mumbai, MH, 400001",PAN3516A,2023-11-06,8573DD4F0500,DEBIT,POS,14406.91,Amazon,Shopping
52920365658,Karan Brown,1975-12-23,"844 Park Ave, Bangalore, KA, 560001",PAN2694A,2023-11-06,C8ECB8F34DAA,CREDIT,NEFT,12076.54,Employer / Salary,Salary
88372399312,Anjali Brown,1971-11-28,"850 High St, Bangalore, KA, 560001",PAN4990D,2023-11-06,5F4D7875A105,CREDIT,NEFT,32516.82,Employer / Salary,Salary
59161678059,John Sharma,1960-04-23,"49 High St, Delhi, DL, 110001",PAN2713C,2023-11-06,1EA00E8113DB,CREDIT,NEFT,27543.66,Employer / Salary,Salary
56072115380,John Sharma,1964-05-09,"935 Main St, Bangalore, KA, 560001",PAN1745B,2023-11-06,A21E8460A169,CREDIT,NEFT,22075.74,Employer / Salary,Salary
21215636661,Priya Gupta,1971-12-11,"507 Park Ave, Mumbai, MH, 400001",PAN7805D,2023-11-06,36CFF63054F8,DEBIT,POS,594.65,Amazon,Shopping
23849431352,Sarah Taylor,1953-11-27,"464 High St, New York, NY, 10001",PAN7877B,2023-11-06,9E7565A976B9,DEBIT,POS,1795.38,Amazon,Shopping
51618949921,Michael Smith,1981-09-14,"989 MG Road, New York, NY, 10001",PAN4299A,2023-11-06,D2CA6B93B8FD,CREDIT,NEFT,1653.16,Employer / Salary,Salary
94284184355,Anjali Patel,1997-03-08,"542 High St, Delhi, DL, 110001",PAN7701B,2023-11-06,7390D8CD8BA8,DEBIT,POS,6010.12,Amazon,Shopping
43331834024,Amit Kumar,1982-09-07,"449 High St, Bangalore, KA, 560001",PAN3595B,2023-11-07,E3257A57CB97,DEBIT,POS,2558.88,Amazon,Shopping
89208281088,Vikram Patel,1999-11-05,"13 High St, Mumbai, MH, 400001",PAN1478B,2023-11-07,547C0ED4FC68,CREDIT,NEFT,24544.97,Employer / Salary,Salary
93401732918,Karan Taylor,1992-03-25,"153 Park Ave, New York, NY, 10001",PAN2492A,2023-11-07,091E6F7F87D9,CREDIT,NEFT,9919.39,Employer / Salary,Salary
62351855940,David Patel,1981-02-12,"283 High St, Delhi, DL, 110001",PAN6354E,2023-11-07,AFE9C1CB0800,CREDIT,NEFT,2200.94,Employer / Salary,Salary
33952148511,Rahul Mehta,1996-08-17,"45 Park Ave, Bangalore, KA, 560001",PAN1721B,2023-11-07,CEBD36ECCF30,CREDIT,NEFT,20916.74,Employer / Salary,Salary
39692996882,Karan Gupta,1976-06-08,"188 Park Ave, Bangalore, KA, 560001",PAN3965B,2023-11-07,7EC8C2D8F812,DEBIT,POS,990.92,Amazon,Shopping
23849431352,Sarah Taylor,1953-11-27,"464 High St, New York, NY, 10001",PAN7877B,2023-11-07,4D5E90561743,DEBIT,POS,3585.81,Amazon,Shopping
31179939410,Amit Patel,1974-08-15,"862 MG Road, London, UK, EC1A 1BB",PAN2395A,2023-11-07,89C9463A77CD,DEBIT,POS,3212.47,Amazon,Shopping
94284184355,Anjali Patel,1997-03-08,"542 High St, Delhi, DL, 110001",PAN7701B,2023-11-07,927AB3D0BE19,DEBIT,POS,4803.05,Amazon,Shopping
14325166398,Priya Smith,1951-05-07,"341 High St, Bangalore, KA, 560001",PAN1416D,2023-11-07,48B4EFDE5A82,CREDIT,NEFT,14405.78,Employer / Salary,Salary
50234132436,David Singh,1984-07-19,"561 MG Road, New York, NY, 10001",PAN2179A,2023-11-07,3F8C6E4E13BD,DEBIT,POS,13035.68,Amazon,Shopping
20994992968,Pooja Taylor,1976-11-28,"103 High St, New York, NY, 10001",PAN9782C,2023-11-07,5229D8FFDDCD,DEBIT,POS,14322.23,Amazon,Shopping
23849431352,Sarah Taylor,1953-11-27,"464 High St, New York, NY, 10001",PAN7877B,2023-11-07,338FF7D0E49A,CREDIT,NEFT,17092.65,Employer / Salary,Salary
22455298608,Neha Taylor,1975-02-01,"287 High St, Delhi, DL, 110001",PAN2068C,2023-11-07,F19AB7EBD540,CREDIT,NEFT,33631.82,Employer / Salary,Salary
76410032652,Anjali Kumar,1998-08-07,"548 Main St, Mumbai, MH, 400001",PAN3436D,2023-11-07,3EE84F8AF845,DEBIT,POS,9296.36,Amazon,Shopping
66072419808,Amit Taylor,1958-06-08,"653 Park Ave, Bangalore, KA, 560001",PAN1176A,2023-11-07,6D26FC14DEEB,CREDIT,NEFT,9569.77,Employer / Salary,Salary
19487935036,John Sharma,1981-02-18,"216 Park Ave, Mumbai, MH, 400001",PAN9734A,2023-11-07,2423903F9401,CREDIT,NEFT,30170.22,Employer / Salary,Salary
60893495800,Neha Verma,1971-09-05,"373 Park Ave, Mumbai, MH, 400001",PAN2472E,2023-11-07,023A5EC9094D,CREDIT,NEFT,19200.07,Employer / Salary,Salary
12598902645,Michael Verma,1979-02-05,"30 MG Road, Bangalore, KA, 560001",PAN7630A,2023-11-07,2632706EEBDE,CREDIT,NEFT,31837.22,Employer / Salary,Salary
72943537134,Rahul Patel,1998-08-07,"330 MG Road, Delhi, DL, 110001",PAN6497D,2023-11-07,5DDAEFD382C8,DEBIT,POS,13341.78,Amazon,Shopping
22455298608,Neha Taylor,1975-02-01,"287 High St, Delhi, DL, 110001",PAN2068C,2023-11-07,1ADFECC9FED1,CREDIT,NEFT,11414.09,Employer / Salary,Salary
93842987268,Karan Smith,1952-12-02,"318 Main St, New York, NY, 10001",PAN1776B,2023-11-07,B6E468C9B96E,DEBIT,POS,10193.41,Amazon,Shopping
98003483004,Vikram Brown,1984-10-24,"571 Park Ave, New York, NY, 10001",PAN1088D,2023-11-07,5B3B26DA8E20,CREDIT,NEFT,25559.03,Employer / Salary,Salary
62586375682,Anjali Brown,1973-06-23,"270 MG Road, Delhi, DL, 110001",PAN1838A,2023-11-07,F009CED45120,CREDIT,NEFT,2909.15,Employer / Salary,Salary
27074076211,Vikram Kumar,1973-04-11,"992 Park Ave, Delhi, DL, 110001",PAN5679A,2023-11-07,3530C52AE626,DEBIT,POS,7357.38,Amazon,Shopping
69774016847,Sneha Doe,1978-09-25,"317 Park Ave, Bangalore, KA, 560001",PAN8031B,2023-11-07,9CB058CDAF89,CREDIT,NEFT,20106.22,Employer / Salary,Salary
54281383264,David Gupta,1993-09-08,"364 Park Ave, New York, NY, 10001",PAN5423C,2023-11-07,63D327B40297,CREDIT,NEFT,4664.07,Employer / Salary,Salary
49843457405,Rohan Sharma,1974-04-27,"231 Park Ave, Bangalore, KA, 560001",PAN6734B,2023-11-07,C750CEDD969F,DEBIT,POS,10631.7,Amazon,Shopping
20994992968,Pooja Taylor,1976-11-28,"103 High St, New York, NY, 10001",PAN9782C,2023-11-07,E76017025CCC,CREDIT,NEFT,16791.27,Employer / Salary,Salary
55427318669,John Jain,1966-05-24,"373 MG Road, London, UK, EC1A 1BB",PAN4668A,2023-11-08,F8277B5CF974,DEBIT,POS,2487.73,Amazon,Shopping
69173296540,Rahul Patel,1954-07-01,"438 MG Road, Mumbai, MH, 400001",PAN8917C,2023-11-08,EFFA2325D514,CREDIT,NEFT,26671.28,Employer / Salary,Salary
53686720781,Michael Verma,1957-09-28,"606 Main St, Delhi, DL, 110001",PAN7271E,2023-11-08,1047A2B9F10E,CREDIT,NEFT,32944.51,Employer / Salary,Salary
63592349141,Amit Patel,1969-05-14,"259 High St, Delhi, DL, 110001",PAN6402C,2023-11-08,060E1918CE21,DEBIT,POS,6875.89,Amazon,Shopping
18634233392,John Johnson,1977-01-18,"223 Main St, London, UK, EC1A 1BB",PAN7462A,2023-11-08,7D5B4E54F0CD,DEBIT,POS,14026.83,Amazon,Shopping
27074076211,Vikram Kumar,1973-04-11,"992 Park Ave, Delhi, DL, 110001",PAN5679A,2023-11-08,D2014E9ABB20,CREDIT,NEFT,31311.46,Employer / Salary,Salary
74212078458,Vikram Patel,1980-01-20,"752 Main St, London, UK, EC1A 1BB",PAN6821D,2023-11-08,A43E8725CED1,DEBIT,POS,3567.09,Amazon,Shopping
19487935036,John Sharma,1981-02-18,"216 Park Ave, Mumbai, MH, 400001",PAN9734A,2023-11-08,FD9F68E701A3,CREDIT,NEFT,2227.37,Employer / Salary,Salary
85792174432,Pooja Johnson,1984-10-21,"146 Main St, New York, NY, 10001",PAN4632D,2023-11-08,3FA992C2F69D,CREDIT,NEFT,25404.61,Employer / Salary,Salary
35447120237,Neha Doe,1965-07-20,"861 High St, London, UK, EC1A 1BB",PAN7836E,2023-11-08,02B23469C221,CREDIT,NEFT,24192.5,Employer / Salary,Salary
74212078458,Vikram Patel,1980-01-20,"752 Main St, London, UK, EC1A 1BB",PAN6821D,2023-11-08,DDF8EFCF1F90,DEBIT,POS,36.35,Amazon,Shopping
51408605578,David Johnson,1970-01-05,"579 Park Ave, Bangalore, KA, 560001",PAN4083E,2023-11-08,537B5EEB0C05,DEBIT,POS,4004.99,Amazon,Shopping
17906362380,Anjali Singh,1961-02-21,"675 High St, Delhi, DL, 110001",PAN8219D,2023-11-08,ED31F77A8418,CREDIT,NEFT,19802.26,Employer / Salary,Salary
84149855424,Sarah Doe,1953-08-27,"515 Park Ave, London, UK, EC1A 1BB",PAN7408B,2023-11-08,463A1F9C1267,CREDIT,NEFT,13987.62,Employer / Salary,Salary
23077763372,Sneha Johnson,1967-04-10,"876 MG Road, Delhi, DL, 110001",PAN6792E,2023-11-08,8E1975BAADDE,DEBIT,POS,5193.35,Amazon,Shopping
59161678059,John Sharma,1960-04-23,"49 High St, Delhi, DL, 110001",PAN2713C,2023-11-08,9E9338018D37,DEBIT,POS,2770.49,Amazon,Shopping
23077763372,Sneha Johnson,1967-04-10,"876 MG Road, Delhi, DL, 110001",PAN6792E,2023-11-09,D27EED72280F,DEBIT,POS,7433.76,Amazon,Shopping
46103679233,Pooja Jain,1969-04-22,"916 Park Ave, London, UK, EC1A 1BB",PAN8087D,2023-11-09,213E6CF28859,DEBIT,POS,8921.14,Amazon,Shopping
35483108722,John Singh,1961-10-28,"529 High St, Delhi, DL, 110001",PAN5734A,2023-11-09,3E0BAB202049,DEBIT,POS,8877.21,Amazon,Shopping
30143580171,Neha Gupta,1957-09-13,"759 Main St, Delhi, DL, 110001",PAN6997E,2023-11-09,EF3B443A115F,DEBIT,POS,10257.98,Amazon,Shopping
11860997897,Amit Singh,1993-11-16,"118 MG Road, London, UK, EC1A 1BB",PAN1977D,2023-11-09,E28C50E94B6B,CREDIT,NEFT,12405.68,Employer / Salary,Salary
51618949921,Michael Smith,1981-09-14,"989 MG Road, New York, NY, 10001",PAN4299A,2023-11-09,2E34E41FC662,CREDIT,NEFT,32177.88,Employer / Salary,Salary
84149855424,Sarah Doe,1953-08-27,"515 Park Ave, London, UK, EC1A 1BB",PAN7408B,2023-11-09,14251ECA20FD,CREDIT,NEFT,20505.97,Employer / Salary,Salary
62351855940,David Patel,1981-02-12,"283 High St, Delhi, DL, 110001",PAN6354E,2023-11-09,1ECB9D2402F2,CREDIT,NEFT,23869.22,Employer / Salary,Salary
74511864590,Emma Johnson,1950-08-20,"847 High St, Delhi, DL, 110001",PAN3558A,2023-11-09,7DCAF37A7CAD,CREDIT,NEFT,1834.31,Employer / Salary,Salary
69804455360,Rohan Taylor,1984-03-14,"248 High St, New York, NY, 10001",PAN5394D,2023-11-09,2E71A532BE93,DEBIT,POS,12423.9,Amazon,Shopping
49294722421,Sarah Kumar,1997-06-10,"650 Park Ave, Delhi, DL, 110001",PAN2473A,2023-11-09,BBE5D0B3D286,DEBIT,POS,12829.95,Amazon,Shopping
84286033961,John Taylor,1965-05-18,"841 MG Road, Bangalore, KA, 560001",PAN4969D,2023-11-09,4F0A5D8A58AA,CREDIT,NEFT,26232.01,Employer / Salary,Salary
17292873443,Rohan Sharma,1981-02-25,"153 High St, New York, NY, 10001",PAN6178D,2023-11-09,52DC8CFE31EF,CREDIT,NEFT,14516.22,Employer / Salary,Salary
53686720781,Michael Verma,1957-09-28,"606 Main St, Delhi, DL, 110001",PAN7271E,2023-11-09,083780D5AE07,CREDIT,NEFT,7069.94,Employer / Salary,Salary
66997558634,Anjali Gupta,1991-06-20,"955 MG Road, New York, NY, 10001",PAN1543E,2023-11-09,895B6352E7FA,DEBIT,POS,5193.27,Amazon,Shopping
15423350995,Sneha Sharma,1975-03-13,"788 High St, Delhi, DL, 110001",PAN4344B,2023-11-09,C330455DB975,DEBIT,POS,13129.55,Amazon,Shopping
26899345501,Sarah Verma,1975-06-16,"691 High St, London, UK, EC1A 1BB",PAN5595E,2023-11-09,72A81A3D5A42,CREDIT,NEFT,12876.7,Employer / Salary,Salary
91062313268,Amit Sharma,1965-01-23,"88 Park Ave, Mumbai, MH, 400001",PAN3261B,2023-11-09,ECDB6CF07CEB,DEBIT,POS,8598.87,Amazon,Shopping
18336101465,Emma Jain,1977-03-22,"18 Park Ave, London, UK, EC1A 1BB",PAN4876B,2023-11-09,76EDDF17ACEC,DEBIT,POS,6490.09,Amazon,Shopping
50234132436,David Singh,1984-07-19,"561 MG Road, New York, NY, 10001",PAN2179A,2023-11-09,4C2DEB8288F6,CREDIT,NEFT,29038.51,Employer / Salary,Salary
99129617972,Karan Taylor,1979-01-01,"237 Park Ave, Bangalore, KA, 560001",PAN7496A,2023-11-10,B09FE7EF6490,CREDIT,NEFT,28518.5,Employer / Salary,Salary
94284184355,Anjali Patel,1997-03-08,"542 High St, Delhi, DL, 110001",PAN7701B,2023-11-10,4F5204EC26D2,CREDIT,NEFT,13858.53,Employer / Salary,Salary
54505115023,Neha Singh,1964-07-12,"119 MG Road, Mumbai, MH, 400001",PAN7485B,2023-11-10,AD6E8D010E4D,DEBIT,POS,226.12,Amazon,Shopping
27074076211,Vikram Kumar,1973-04-11,"992 Park Ave, Delhi, DL, 110001",PAN5679A,2023-11-10,B1BFC0F66271,CREDIT,NEFT,1102.47,Employer / Salary,Salary
69804455360,Rohan Taylor,1984-03-14,"248 High St, New York, NY, 10001",PAN5394D,2023-11-10,FDA24551FE02,CREDIT,NEFT,29238.43,Employer / Salary,Salary
51408605578,David Johnson,1970-01-05,"579 Park Ave, Bangalore, KA, 560001",PAN4083E,2023-11-10,23153F01E027,CREDIT,NEFT,10699.8,Employer / Salary,Salary
37089997609,Pooja Gupta,1987-12-01,"479 MG Road, Delhi, DL, 110001",PAN3886A,2023-11-10,3B8595A4751C,DEBIT,POS,10891.53,Amazon,Shopping
33952148511,Rahul Mehta,1996-08-17,"45 Park Ave, Bangalore, KA, 560001",PAN1721B,2023-11-10,DCB573A85045,CREDIT,NEFT,28510.54,Employer / Salary,Salary
46103679233,Pooja Jain,1969-04-22,"916 Park Ave, London, UK, EC1A 1BB",PAN8087D,2023-11-10,76B5959C817D,CREDIT,NEFT,32760.1,Employer / Salary,Salary
88372399312,Anjali Brown,1971-11-28,"850 High St, Bangalore, KA, 560001",PAN4990D,2023-11-10,3C7F687CBD62,CREDIT,NEFT,1943.19,Employer / Salary,Salary
11860997897,Amit Singh,1993-11-16,"118 MG Road, London, UK, EC1A 1BB",PAN1977D,2023-11-10,45605C76CF7C,CREDIT,NEFT,24914.17,Employer / Salary,Salary
56847251402,Sneha Verma,1979-11-23,"441 Park Ave, Mumbai, MH, 400001",PAN1501B,2023-11-10,41C4402C0288,DEBIT,POS,10660.94,Amazon,Shopping
84149855424,Sarah Doe,1953-08-27,"515 Park Ave, London, UK, EC1A 1BB",PAN7408B,2023-11-10,37552BCBF3A9,DEBIT,POS,9452.59,Amazon,Shopping
99129617972,Karan Taylor,1979-01-01,"237 Park Ave, Bangalore, KA, 560001",PAN7496A,2023-11-10,6CCF4B626CC9,DEBIT,POS,3429.42,Amazon,Shopping
80052658840,John Patel,1962-04-09,"119 MG Road, London, UK, EC1A 1BB",PAN1711C,2023-11-10,60A5CDA9ED2C,DEBIT,POS,14755.04,Amazon,Shopping
78098709516,Pooja Taylor,1956-11-09,"926 Park Ave, Bangalore, KA, 560001",PAN1092A,2023-11-10,B8C003C46E0C,DEBIT,POS,7384.64,Amazon,Shopping
55427318669,John Jain,1966-05-24,"373 MG Road, London, UK, EC1A 1BB",PAN4668A,2023-11-10,B16AD97492C4,DEBIT,POS,3077.13,Amazon,Shopping
97030995635,Pooja Kumar,1961-05-15,"40 High St, Mumbai, MH, 400001",PAN6651D,2023-11-10,88C9037CE48C,CREDIT,NEFT,12693.45,Employer / Salary,Salary
97733443388,David Brown,1972-10-24,"231 Main St, Mumbai, MH, 400001",PAN2683A,2023-11-11,6CAA6AD06A8E,CREDIT,NEFT,26034.06,Employer / Salary,Salary
45334322348,Karan Verma,1971-09-10,"984 High St, London, UK, EC1A 1BB",PAN7344B,2023-11-11,3CB10D2F1A67,CREDIT,NEFT,5597.58,Employer / Salary,Salary
38657767535,David Kumar,1986-10-10,"253 MG Road, Delhi, DL, 110001",PAN2032A,2023-11-11,E1B035827526,CREDIT,NEFT,14599.36,Employer / Salary,Salary
12216942157,Sneha Smith,1998-01-26,"535 Main St, Delhi, DL, 110001",PAN3127A,2023-11-11,54DD13ECFA83,CREDIT,NEFT,3762.79,Employer / Salary,Salary
85792174432,Pooja Johnson,1984-10-21,"146 Main St, New York, NY, 10001",PAN4632D,2023-11-11,E05281F05F2F,CREDIT,NEFT,34309.68,Employer / Salary,Salary
70624341550,Rohan Verma,1969-05-17,"839 Park Ave, Delhi, DL, 110001",PAN3034D,2023-11-11,6D12ACA49846,CREDIT,NEFT,33661.26,Employer / Salary,Salary
65014010617,Karan Patel,1975-03-19,"134 MG Road, Bangalore, KA, 560001",PAN4209D,2023-11-11,7D48381E2617,CREDIT,NEFT,20794.19,Employer / Salary,Salary
61589809483,Rahul Gupta,1952-04-05,"499 Main St, Delhi, DL, 110001",PAN8328E,2023-11-11,E5BA1CE3B2D8,CREDIT,NEFT,15685.48,Employer / Salary,Salary
16978135670,Sarah Johnson,1970-09-20,"81 Park Ave, New York, NY, 10001",PAN8594C,2023-11-11,13EBD8A19CCF,DEBIT,POS,455.86,Amazon,Shopping
30372053124,Karan Verma,1993-06-09,"843 Main St, London, UK, EC1A 1BB",PAN9418D,2023-11-11,B8131F531A06,DEBIT,POS,10905.74,Amazon,Shopping
49294722421,Sarah Kumar,1997-06-10,"650 Park Ave, Delhi, DL, 110001",PAN2473A,2023-11-11,6AC2CEEFD1AC,CREDIT,NEFT,21638.19,Employer / Salary,Salary
80583668037,Pooja Smith,1964-03-10,"219 High St, Bangalore, KA, 560001",PAN3422E,2023-11-11,1C4C457F746A,CREDIT,NEFT,24540.02,Employer / Salary,Salary
19487935036,John Sharma,1981-02-18,"216 Park Ave, Mumbai, MH, 400001",PAN9734A,2023-11-11,E0BACCD03505,CREDIT,NEFT,18878.11,Employer / Salary,Salary
81472727188,David Kumar,1975-10-26,"646 High St, Delhi, DL, 110001",PAN9295B,2023-11-11,0CD47F475564,CREDIT,NEFT,6101.59,Employer / Salary,Salary
69774016847,Sneha Doe,1978-09-25,"317 Park Ave, Bangalore, KA, 560001",PAN8031B,2023-11-11,DBD6B5C209EB,DEBIT,POS,5362.79,Amazon,Shopping
10915709191,Sneha Sharma,1984-08-25,"151 MG Road, New York, NY, 10001",PAN9120C,2023-11-11,70D3F1E41948,DEBIT,POS,5999.76,Amazon,Shopping
93401732918,Karan Taylor,1992-03-25,"153 Park Ave, New York, NY, 10001",PAN2492A,2023-11-11,0720F2DDF2BC,CREDIT,NEFT,16490.0,Employer / Salary,Salary
27074076211,Vikram Kumar,1973-04-11,"992 Park Ave, Delhi, DL, 110001",PAN5679A,2023-11-11,53A229328E36,CREDIT,NEFT,12773.73,Employer / Salary,Salary
15888736841,Rohan Gupta,1985-04-03,"186 MG Road, Delhi, DL, 110001",PAN9057E,2023-11-11,DD19896109A2,DEBIT,POS,3467.33,Amazon,Shopping
74511864590,Emma Johnson,1950-08-20,"847 High St, Delhi, DL, 110001",PAN3558A,2023-11-11,1FC943ED41A6,CREDIT,NEFT,28554.96,Employer / Salary,Salary
45334322348,Karan Verma,1971-09-10,"984 High St, London, UK, EC1A 1BB",PAN7344B,2023-11-11,94F26C1FF397,CREDIT,NEFT,24207.19,Employer / Salary,Salary
37089997609,Pooja Gupta,1987-12-01,"479 MG Road, Delhi, DL, 110001",PAN3886A,2023-11-11,6B75F6129B11,CREDIT,NEFT,12602.91,Employer / Salary,Salary
21215636661,Priya Gupta,1971-12-11,"507 Park Ave, Mumbai, MH, 400001",PAN7805D,2023-11-11,1EEC469A4471,CREDIT,NEFT,25039.43,Employer / Salary,Salary
74212078458,Vikram Patel,1980-01-20,"752 Main St, London, UK, EC1A 1BB",PAN6821D,2023-11-11,06AD194BE989,DEBIT,POS,7426.79,Amazon,Shopping
47134623182,Karan Patel,1950-03-16,"721 MG Road, Bangalore, KA, 560001",PAN4234D,2023-11-12,B52652E011DE,CREDIT,NEFT,28128.44,Employer / Salary,Salary
17292873443,Rohan Sharma,1981-02-25,"153 High St, New York, NY, 10001",PAN6178D,2023-11-12,30DF94001B21,CREDIT,NEFT,2240.26,Employer / Salary,Salary
93842987268,Karan Smith,1952-12-02,"318 Main St, New York, NY, 10001",PAN1776B,2023-11-12,E2E2AE90A4F7,DEBIT,POS,11632.29,Amazon,Shopping
54789362237,Vikram Sharma,1994-01-15,"136 MG Road, Mumbai, MH, 400001",PAN5415C,2023-11-12,A3FC7D7E214F,CREDIT,NEFT,7089.5,Employer / Salary,Salary
16978135670,Sarah Johnson,1970-09-20,"81 Park Ave, New York, NY, 10001",PAN8594C,2023-11-12,6AA9FBC22EA6,DEBIT,POS,1251.72,Amazon,Shopping
76410032652,Anjali Kumar,1998-08-07,"548 Main St, Mumbai, MH, 400001",PAN3436D,2023-11-12,F9EA79784855,CREDIT,NEFT,34691.73,Employer / Salary,Salary
70624341550,Rohan Verma,1969-05-17,"839 Park Ave, Delhi, DL, 110001",PAN3034D,2023-11-12,6B0F09F2D796,CREDIT,NEFT,2932.5,Employer / Salary,Salary
52267998461,John Smith,1966-01-16,"456 MG Road, New York, NY, 10001",PAN2705E,2023-11-12,D19E7C653949,CREDIT,NEFT,24098.71,Employer / Salary,Salary
60893495800,Neha Verma,1971-09-05,"373 Park Ave, Mumbai, MH, 400001",PAN2472E,2023-11-12,72D95B883BC4,DEBIT,POS,3851.56,Amazon,Shopping
56847251402,Sneha Verma,1979-11-23,"441 Park Ave, Mumbai, MH, 400001",PAN1501B,2023-11-12,F66807FD7D82,DEBIT,POS,8391.7,Amazon,Shopping
16804367297,Pooja Doe,1998-12-04,"889 High St, New York, NY, 10001",PAN2260E,2023-11-12,B44F422666B8,CREDIT,NEFT,22774.15,Employer / Salary,Salary
43331834024,Amit Kumar,1982-09-07,"449 High St, Bangalore, KA, 560001",PAN3595B,2023-11-12,B291A09B9FBE,CREDIT,NEFT,24955.07,Employer / Salary,Salary
14325166398,Priya Smith,1951-05-07,"341 High St, Bangalore, KA, 560001",PAN1416D,2023-11-12,3063D52466F3,CREDIT,NEFT,9334.63,Employer / Salary,Salary
15423350995,Sneha Sharma,1975-03-13,"788 High St, Delhi, DL, 110001",PAN4344B,2023-11-12,EA011B24CA07,CREDIT,NEFT,28635.74,Employer / Salary,Salary
66664912329,Emma Kumar,1974-09-03,"342 MG Road, Delhi, DL, 110001",PAN9958B,2023-11-12,FFC3C76050B5,DEBIT,POS,8355.87,Amazon,Shopping
78560339461,Neha Mehta,1961-12-16,"393 MG Road, Delhi, DL, 110001",PAN2009A,2023-11-12,B49A6F31F5C7,DEBIT,POS,10845.88,Amazon,Shopping
30372053124,Karan Verma,1993-06-09,"843 Main St, London, UK, EC1A 1BB",PAN9418D,2023-11-12,D32B8D81B3CC,CREDIT,NEFT,22913.34,Employer / Salary,Salary
43331834024,Amit Kumar,1982-09-07,"449 High St, Bangalore, KA, 560001",PAN3595B,2023-11-12,6B8652DD675B,DEBIT,POS,7795.36,Amazon,Shopping
69804455360,Rohan Taylor,1984-03-14,"248 High St, New York, NY, 10001",PAN5394D,2023-11-12,EAA5FA7035D5,DEBIT,POS,7288.56,Amazon,Shopping
33233889749,Sarah Taylor,1960-09-15,"294 Park Ave, Delhi, DL, 110001",PAN6247D,2023-11-12,DD63202D4819,CREDIT,NEFT,17718.51,Employer / Salary,Salary
68536258506,Rahul Kumar,1960-09-25,"917 High St, New York, NY, 10001",PAN5061C,2023-11-12,90455542034E,CREDIT,NEFT,17906.14,Employer / Salary,Salary
81329539066,David Doe,1967-03-26,"445 Park Ave, Bangalore, KA, 560001",PAN5000A,2023-11-12,18E9971B83FA,CREDIT,NEFT,6020.98,Employer / Salary,Salary
54505115023,Neha Singh,1964-07-12,"119 MG Road, Mumbai, MH, 400001",PAN7485B,2023-11-13,E46751E271EF,CREDIT,NEFT,27950.54,Employer / Salary,Salary
98003483004,Vikram Brown,1984-10-24,"571 Park Ave, New York, NY, 10001",PAN1088D,2023-11-13,E71CCBF12339,CREDIT,NEFT,34301.01,Employer / Salary,Salary
84286033961,John Taylor,1965-05-18,"841 MG Road, Bangalore, KA, 560001",PAN4969D,2023-11-13,0CEFF4556FDE,CREDIT,NEFT,29576.22,Employer / Salary,Salary
84547616074,John Mehta,1976-11-20,"149 High St, New York, NY, 10001",PAN1582D,2023-11-13,421D6200B726,CREDIT,NEFT,18685.57,Employer / Salary,Salary
98003483004,Vikram Brown,1984-10-24,"571 Park Ave, New York, NY, 10001",PAN1088D,2023-11-13,72BA4890BE1A,DEBIT,POS,9555.07,Amazon,Shopping
10915709191,Sneha Sharma,1984-08-25,"151 MG Road, New York, NY, 10001",PAN9120C,2023-11-13,EA40D3589C6D,DEBIT,POS,3002.88,Amazon,Shopping
84547616074,John Mehta,1976-11-20,"149 High St, New York, NY, 10001",PAN1582D,2023-11-13,745493D0D1E8,DEBIT,POS,10280.34,Amazon,Shopping
11860997897,Amit Singh,1993-11-16,"118 MG Road, London, UK, EC1A 1BB",PAN1977D,2023-11-13,0A89D55A192F,CREDIT,NEFT,4909.07,Employer / Salary,Salary
45334322348,Karan Verma,1971-09-10,"984 High St, London, UK, EC1A 1BB",PAN7344B,2023-11-13,27C99C4A6ABF,CREDIT,NEFT,31642.51,Employer / Salary,Salary
66997558634,Anjali Gupta,1991-06-20,"955 MG Road, New York, NY, 10001",PAN1543E,2023-11-13,F202D0F55CF9,DEBIT,POS,5802.37,Amazon,Shopping
66072419808,Amit Taylor,1958-06-08,"653 Park Ave, Bangalore, KA, 560001",PAN1176A,2023-11-13,6C2EAA2824D2,DEBIT,POS,8825.0,Amazon,Shopping
80052658840,John Patel,1962-04-09,"119 MG Road, London, UK, EC1A 1BB",PAN1711C,2023-11-13,A0B2CC7087A5,CREDIT,NEFT,14575.24,Employer / Salary,Salary
87073586854,Vikram Smith,1969-06-24,"229 MG Road, Bangalore, KA, 560001",PAN8845D,2023-11-13,F4EF7DB05843,DEBIT,POS,11494.7,Amazon,Shopping
77489880671,Amit Gupta,1989-08-04,"961 Park Ave, Bangalore, KA, 560001",PAN7985E,2023-11-13,063ECE5ABBD1,DEBIT,POS,9985.41,Amazon,Shopping
98003483004,Vikram Brown,1984-10-24,"571 Park Ave, New York, NY, 10001",PAN1088D,2023-11-13,A47336FFE916,CREDIT,NEFT,24780.75,Employer / Salary,Salary
12216942157,Sneha Smith,1998-01-26,"535 Main St, Delhi, DL, 110001",PAN3127A,2023-11-13,3BBC1606DBED,CREDIT,NEFT,33104.72,Employer / Salary,Salary
66664912329,Emma Kumar,1974-09-03,"342 MG Road, Delhi, DL, 110001",PAN9958B,2023-11-13,E8E5C6B66BB6,CREDIT,NEFT,19236.93,Employer / Salary,Salary
62351855940,David Patel,1981-02-12,"283 High St, Delhi, DL, 110001",PAN6354E,2023-11-13,1C4C1D103117,DEBIT,POS,1690.32,Amazon,Shopping
35483108722,John Singh,1961-10-28,"529 High St, Delhi, DL, 110001",PAN5734A,2023-11-13,D6DDF72FAAAE,DEBIT,POS,9846.38,Amazon,Shopping
16978135670,Sarah Johnson,1970-09-20,"81 Park Ave, New York, NY, 10001",PAN8594C,2023-11-13,9A951D93079D,DEBIT,POS,8327.61,Amazon,Shopping
75811844427,David Patel,1984-06-14,"695 Main St, Mumbai, MH, 400001",PAN3516A,2023-11-14,D28D207CCB89,DEBIT,POS,11454.88,Amazon,Shopping
51928945157,Rohan Taylor,1995-02-16,"162 Park Ave, Mumbai, MH, 400001",PAN8925A,2023-11-14,D4EC403BF7CC,CREDIT,NEFT,31081.21,Employer / Salary,Salary
59993877563,Anjali Taylor,1961-10-20,"798 Main St, Delhi, DL, 110001",PAN9661B,2023-11-14,9C12CD839698,CREDIT,NEFT,23101.14,Employer / Salary,Salary
97030995635,Pooja Kumar,1961-05-15,"40 High St, Mumbai, MH, 400001",PAN6651D,2023-11-14,408E91527413,CREDIT,NEFT,23153.05,Employer / Salary,Salary
61589809483,Rahul Gupta,1952-04-05,"499 Main St, Delhi, DL, 110001",PAN8328E,2023-11-14,8241C7EA5ADE,CREDIT,NEFT,10786.76,Employer / Salary,Salary
35447120237,Neha Doe,1965-07-20,"861 High St, London, UK, EC1A 1BB",PAN7836E,2023-11-14,AF4B9776619A,DEBIT,POS,1560.61,Amazon,Shopping
13657793309,Rohan Smith,1992-04-09,"585 MG Road, Mumbai, MH, 400001",PAN7405A,2023-11-14,43FF62A59C6A,DEBIT,POS,3205.13,Amazon,Shopping
76810697063,Pooja Singh,1993-03-16,"593 MG Road, Mumbai, MH, 400001",PAN1734E,2023-11-14,3A7DD26924FE,DEBIT,POS,3074.47,Amazon,Shopping
62351855940,David Patel,1981-02-12,"283 High St, Delhi, DL, 110001",PAN6354E,2023-11-14,DB010D9CB253,CREDIT,NEFT,22187.33,Employer / Salary,Salary
50234132436,David Singh,1984-07-19,"561 MG Road, New York, NY, 10001",PAN2179A,2023-11-14,FA1D170D2E57,CREDIT,NEFT,2159.98,Employer / Salary,Salary
23760786709,Pooja Smith,1995-12-25,"308 Main St, New York, NY, 10001",PAN6248E,2023-11-14,93181315BE91,DEBIT,POS,8258.08,Amazon,Shopping
23750367692,John Mehta,1962-11-28,"409 Main St, Bangalore, KA, 560001",PAN3892C,2023-11-14,7390B77BCEBA,CREDIT,NEFT,28681.39,Employer / Salary,Salary
99129617972,Karan Taylor,1979-01-01,"237 Park Ave, Bangalore, KA, 560001",PAN7496A,2023-11-14,BD50B0E6F034,CREDIT,NEFT,27878.44,Employer / Salary,Salary
76410032652,Anjali Kumar,1998-08-07,"548 Main St, Mumbai, MH, 400001",PAN3436D,2023-11-14,1C1ACF7FCAB6,CREDIT,NEFT,18503.92,Employer / Salary,Salary
27074076211,Vikram Kumar,1973-04-11,"992 Park Ave, Delhi, DL, 110001",PAN5679A,2023-11-14,8C2CD9D9106E,CREDIT,NEFT,4954.59,Employer / Salary,Salary
65014010617,Karan Patel,1975-03-19,"134 MG Road, Bangalore, KA, 560001",PAN4209D,2023-11-14,68523DCA637B,CREDIT,NEFT,32338.05,Employer / Salary,Salary
73458045960,Karan Gupta,1985-05-24,"996 High St, Mumbai, MH, 400001",PAN4247A,2023-11-14,97E25AA055B7,DEBIT,POS,12523.09,Amazon,Shopping
56847251402,Sneha Verma,1979-11-23,"441 Park Ave, Mumbai, MH, 400001",PAN1501B,2023-11-14,08F6295058A1,DEBIT,POS,10513.61,Amazon,Shopping
55427318669,John Jain,1966-05-24,"373 MG Road, London, UK, EC1A 1BB",PAN4668A,2023-11-14,C1C3AC9A7404,CREDIT,NEFT,6217.17,Employer / Salary,Salary
49294722421,Sarah Kumar,1997-06-10,"650 Park Ave, Delhi, DL, 110001",PAN2473A,2023-11-14,1E50FF918C17,CREDIT,NEFT,21048.52,Employer / Salary,Salary
87073586854,Vikram Smith,1969-06-24,"229 MG Road, Bangalore, KA, 560001",PAN8845D,2023-11-14,478C3DFAC99A,CREDIT,NEFT,15756.96,Employer / Salary,Salary
98003483004,Vikram Brown,1984-10-24,"571 Park Ave, New York, NY, 10001",PAN1088D,2023-11-14,8943FBC24E30,DEBIT,POS,2603.84,Amazon,Shopping
81329539066,David Doe,1967-03-26,"445 Park Ave, Bangalore, KA, 560001",PAN5000A,2023-11-14,5B778413A443,DEBIT,POS,13387.63,Amazon,Shopping
55427318669,John Jain,1966-05-24,"373 MG Road, London, UK, EC1A 1BB",PAN4668A,2023-11-15,67B883AC8AA1,CREDIT,NEFT,10271.36,Employer / Salary,Salary
81172125330,Rohan Verma,1958-09-05,"425 Park Ave, Bangalore, KA, 560001",PAN8394D,2023-11-15,9B0CFBDC3C4F,DEBIT,POS,14648.51,Amazon,Shopping
50234132436,David Singh,1984-07-19,"561 MG Road, New York, NY, 10001",PAN2179A,2023-11-15,64A8DA4DA77F,DEBIT,POS,14609.4,Amazon,Shopping
84286033961,John Taylor,1965-05-18,"841 MG Road, Bangalore, KA, 560001",PAN4969D,2023-11-15,F2D5A8670422,DEBIT,POS,3110.54,Amazon,Shopping
53686720781,Michael Verma,1957-09-28,"606 Main St, Delhi, DL, 110001",PAN7271E,2023-11-15,8C09A340A9AF,CREDIT,NEFT,17947.34,Employer / Salary,Salary
19487935036,John Sharma,1981-02-18,"216 Park Ave, Mumbai, MH, 400001",PAN9734A,2023-11-15,F10DCC074C96,CREDIT,NEFT,26213.09,Employer / Salary,Salary
74511864590,Emma Johnson,1950-08-20,"847 High St, Delhi, DL, 110001",PAN3558A,2023-11-15,993B8C339847,CREDIT,NEFT,13114.36,Employer / Salary,Salary
10915709191,Sneha Sharma,1984-08-25,"151 MG Road, New York, NY, 10001",PAN9120C,2023-11-15,933554732A52,CREDIT,NEFT,13401.38,Employer / Salary,Salary
46103679233,Pooja Jain,1969-04-22,"916 Park Ave, London, UK, EC1A 1BB",PAN8087D,2023-11-15,F192A794375A,CREDIT,NEFT,15442.34,Employer / Salary,Salary
60893495800,Neha Verma,1971-09-05,"373 Park Ave, Mumbai, MH, 400001",PAN2472E,2023-11-15,A4F823CEF1A2,CREDIT,NEFT,28602.66,Employer / Salary,Salary
20994992968,Pooja Taylor,1976-11-28,"103 High St, New York, NY, 10001",PAN9782C,2023-11-15,A08805C8FA04,CREDIT,NEFT,24260.11,Employer / Salary,Salary
89208281088,Vikram Patel,1999-11-05,"13 High St, Mumbai, MH, 400001",PAN1478B,2023-11-15,CE2A20C4186B,CREDIT,NEFT,19778.69,Employer / Salary,Salary
52920365658,Karan Brown,1975-12-23,"844 Park Ave, Bangalore, KA, 560001",PAN2694A,2023-11-15,6AB7ED3D5DAD,CREDIT,NEFT,4320.58,Employer / Salary,Salary
62586375682,Anjali Brown,1973-06-23,"270 MG Road, Delhi, DL, 110001",PAN1838A,2023-11-15,987D0C2747F3,CREDIT,NEFT,25164.48,Employer / Salary,Salary
20994992968,Pooja Taylor,1976-11-28,"103 High St, New York, NY, 10001",PAN9782C,2023-11-15,5ACA53CDA687,CREDIT,NEFT,23315.81,Employer / Salary,Salary
29917034761,David Kumar,1958-11-03,"386 High St, Delhi, DL, 110001",PAN7751C,2023-11-15,4837357790F0,CREDIT,NEFT,8803.94,Employer / Salary,Salary
91062313268,Amit Sharma,1965-01-23,"88 Park Ave, Mumbai, MH, 400001",PAN3261B,2023-11-15,BED331BD11F0,DEBIT,POS,11430.55,Amazon,Shopping
51928945157,Rohan Taylor,1995-02-16,"162 Park Ave, Mumbai, MH, 400001",PAN8925A,2023-11-15,9D9689D0D3B8,DEBIT,POS,7500.67,Amazon,Shopping
17292873443,Rohan Sharma,1981-02-25,"153 High St, New York, NY, 10001",PAN6178D,2023-11-15,F5BE1C4EB865,CREDIT,NEFT,5754.82,Employer / Salary,Salary
59993877563,Anjali Taylor,1961-10-20,"798 Main St, Delhi, DL, 110001",PAN9661B,2023-11-16,FDCCC25E1464,DEBIT,POS,11648.57,Amazon,Shopping
39432607639,Vikram Johnson,1981-03-24,"127 MG Road, Delhi, DL, 110001",PAN8184B,2023-11-16,14E02A33D703,CREDIT,NEFT,4609.82,Employer / Salary,Salary
63592349141,Amit Patel,1969-05-14,"259 High St, Delhi, DL, 110001",PAN6402C,2023-11-16,F8E42866246F,DEBIT,POS,7194.81,Amazon,Shopping
33952148511,Rahul Mehta,1996-08-17,"45 Park Ave, Bangalore, KA, 560001",PAN1721B,2023-11-16,9424CB3F4D47,CREDIT,NEFT,19413.55,Employer / Salary,Salary
23760786709,Pooja Smith,1995-12-25,"308 Main St, New York, NY, 10001",PAN6248E,2023-11-16,8FC0C2961502,CREDIT,NEFT,3942.97,Employer / Salary,Salary
54505115023,Neha Singh,1964-07-12,"119 MG Road, Mumbai, MH, 400001",PAN7485B,2023-11-16,21E1E9316169,DEBIT,POS,12346.02,Amazon,Shopping
45712503172,Emma Smith,1959-06-28,"846 Park Ave, Mumbai, MH, 400001",PAN8778D,2023-11-16,404DB73A2E40,DEBIT,POS,3524.12,Amazon,Shopping
53686720781,Michael Verma,1957-09-28,"606 Main St, Delhi, DL, 110001",PAN7271E,2023-11-16,8E7BD3F638C2,DEBIT,POS,2544.96,Amazon,Shopping
49294722421,Sarah Kumar,1997-06-10,"650 Park Ave, Delhi, DL, 110001",PAN2473A,2023-11-16,709236F1B47E,CREDIT,NEFT,1413.36,Employer / Salary,Salary
49843457405,Rohan Sharma,1974-04-27,"231 Park Ave, Bangalore, KA, 560001",PAN6734B,2023-11-16,27144AF6BEF0,CREDIT,NEFT,15489.38,Employer / Salary,Salary
84149855424,Sarah Doe,1953-08-27,"515 Park Ave, London, UK, EC1A 1BB",PAN7408B,2023-11-16,55F5B77E247E,CREDIT,NEFT,25254.56,Employer / Salary,Salary
47134623182,Karan Patel,1950-03-16,"721 MG Road, Bangalore, KA, 560001",PAN4234D,2023-11-16,C0F615B63D9C,CREDIT,NEFT,3461.18,Employer / Salary,Salary
23760786709,Pooja Smith,1995-12-25,"308 Main St, New York, NY, 10001",PAN6248E,2023-11-16,BBAC0F38EBE4,DEBIT,POS,1561.16,Amazon,Shopping
75811844427,David Patel,1984-06-14,"695 Main St, Mumbai, MH, 400001",PAN3516A,2023-11-16,D863E7207BBD,CREDIT,NEFT,5707.96,Employer / Salary,Salary
97030995635,Pooja Kumar,1961-05-15,"40 High St, Mumbai, MH, 400001",PAN6651D,2023-11-16,72B1FF480D0C,DEBIT,POS,14185.75,Amazon,Shopping
87073586854,Vikram Smith,1969-06-24,"229 MG Road, Bangalore, KA, 560001",PAN8845D,2023-11-16,397F5C10ED16,DEBIT,POS,13520.62,Amazon,Shopping
47134623182,Karan Patel,1950-03-16,"721 MG Road, Bangalore, KA, 560001",PAN4234D,2023-11-16,B685C29F5C90,DEBIT,POS,11532.08,Amazon,Shopping
84286033961,John Taylor,1965-05-18,"841 MG Road, Bangalore, KA, 560001",PAN4969D,2023-11-16,47498083580E,DEBIT,POS,4169.58,Amazon,Shopping
35447120237,Neha Doe,1965-07-20,"861 High St, London, UK, EC1A 1BB",PAN7836E,2023-11-16,B462A1B20C1F,DEBIT,POS,1594.13,Amazon,Shopping
94284184355,Anjali Patel,1997-03-08,"542 High St, Delhi, DL, 110001",PAN7701B,2023-11-16,8F1E67A0AE83,DEBIT,POS,3774.77,Amazon,Shopping
45712503172,Emma Smith,1959-06-28,"846 Park Ave, Mumbai, MH, 400001",PAN8778D,2023-11-16,18764D26BC73,CREDIT,NEFT,4803.89,Employer / Salary,Salary
67611548402,David Gupta,1994-01-26,"700 MG Road, London, UK, EC1A 1BB",PAN5908B,2023-11-16,CA8DFA75BB0F,DEBIT,POS,8191.87,Amazon,Shopping
74511864590,Emma Johnson,1950-08-20,"847 High St, Delhi, DL, 110001",PAN3558A,2023-11-16,35BCF5A4CE87,DEBIT,POS,5666.81,Amazon,Shopping
90572286434,Rahul Jain,1994-01-11,"563 High St, Bangalore, KA, 560001",PAN8506B,2023-11-16,8B449672DE6C,CREDIT,NEFT,10969.28,Employer / Salary,Salary
54789362237,Vikram Sharma,1994-01-15,"136 MG Road, Mumbai, MH, 400001",PAN5415C,2023-11-16,ADBACE61C1EB,DEBIT,POS,8407.33,Amazon,Shopping
81472727188,David Kumar,1975-10-26,"646 High St, Delhi, DL, 110001",PAN9295B,2023-11-16,966F2287E160,CREDIT,NEFT,21499.75,Employer / Salary,Salary
49843457405,Rohan Sharma,1974-04-27,"231 Park Ave, Bangalore, KA, 560001",PAN6734B,2023-11-16,7BCCACDA059E,CREDIT,NEFT,32350.57,Employer / Salary,Salary
74594585356,Michael Doe,1984-12-22,"639 Main St, Mumbai, MH, 400001",PAN1830C,2023-11-16,FBDB148E6526,CREDIT,NEFT,33977.54,Employer / Salary,Salary
54281383264,David Gupta,1993-09-08,"364 Park Ave, New York, NY, 10001",PAN5423C,2023-11-16,67A7D74C901D,CREDIT,NEFT,33932.78,Employer / Salary,Salary
81172125330,Rohan Verma,1958-09-05,"425 Park Ave, Bangalore, KA, 560001",PAN8394D,2023-11-16,2654EBA687FA,CREDIT,NEFT,18002.81,Employer / Salary,Salary
59993877563,Anjali Taylor,1961-10-20,"798 Main St, Delhi, DL, 110001",PAN9661B,2023-11-16,4E2493DBFE76,CREDIT,NEFT,13955.41,Employer / Salary,Salary
76810697063,Pooja Singh,1993-03-16,"593 MG Road, Mumbai, MH, 400001",PAN1734E,2023-11-16,89A143C1B183,DEBIT,POS,4276.73,Amazon,Shopping
46807880988,David Doe,1951-02-22,"330 Main St, Bangalore, KA, 560001",PAN5379B,2023-11-17,E4C13C6F3F87,CREDIT,NEFT,19742.85,Employer / Salary,Salary
27074076211,Vikram Kumar,1973-04-11,"992 Park Ave, Delhi, DL, 110001",PAN5679A,2023-11-17,1A51697F0FC3,DEBIT,POS,6309.22,Amazon,Shopping
49294722421,Sarah Kumar,1997-06-10,"650 Park Ave, Delhi, DL, 110001",PAN2473A,2023-11-17,D4A3453EA262,CREDIT,NEFT,18800.97,Employer / Salary,Salary
99129617972,Karan Taylor,1979-01-01,"237 Park Ave, Bangalore, KA, 560001",PAN7496A,2023-11-17,28A27822B49A,CREDIT,NEFT,32411.47,Employer / Salary,Salary
78560339461,Neha Mehta,1961-12-16,"393 MG Road, Delhi, DL, 110001",PAN2009A,2023-11-17,D88A673AB59C,DEBIT,POS,9227.09,Amazon,Shopping
10757283255,Rahul Smith,1998-07-09,"289 MG Road, Delhi, DL, 110001",PAN8763C,2023-11-17,1600F51795D1,DEBIT,POS,704.93,Amazon,Shopping
50946235198,Vikram Verma,1978-02-20,"551 High St, Bangalore, KA, 560001",PAN3935A,2023-11-17,8F54EE5A210C,CREDIT,NEFT,26004.89,Employer / Salary,Salary
74511864590,Emma Johnson,1950-08-20,"847 High St, Delhi, DL, 110001",PAN3558A,2023-11-17,1EAA8A71DA42,DEBIT,POS,6725.09,Amazon,Shopping
26899345501,Sarah Verma,1975-06-16,"691 High St, London, UK, EC1A 1BB",PAN5595E,2023-11-17,F1B90BC0A6E6,DEBIT,POS,9604.15,Amazon,Shopping
88372399312,Anjali Brown,1971-11-28,"850 High St, Bangalore, KA, 560001",PAN4990D,2023-11-17,53CF728839A0,DEBIT,POS,13045.52,Amazon,Shopping
75000099430,Pooja Gupta,1961-07-24,"467 MG Road, New York, NY, 10001",PAN2512C,2023-11-17,B32B33070DC7,CREDIT,NEFT,25769.83,Employer / Salary,Salary
23878170594,Priya Doe,1961-05-15,"822 Main St, New York, NY, 10001",PAN7763E,2023-11-17,D4AD0845DBF1,DEBIT,POS,11297.35,Amazon,Shopping
74212078458,Vikram Patel,1980-01-20,"752 Main St, London, UK, EC1A 1BB",PAN6821D,2023-11-17,C559D215EA26,DEBIT,POS,2260.86,Amazon,Shopping
14325166398,Priya Smith,1951-05-07,"341 High St, Bangalore, KA, 560001",PAN1416D,2023-11-17,2403A8272A66,DEBIT,POS,10307.48,Amazon,Shopping
78098709516,Pooja Taylor,1956-11-09,"926 Park Ave, Bangalore, KA, 560001",PAN1092A,2023-11-17,534C168D80F8,CREDIT,NEFT,19989.02,Employer / Salary,Salary
90572286434,Rahul Jain,1994-01-11,"563 High St, Bangalore, KA, 560001",PAN8506B,2023-11-17,8E37686829CC,DEBIT,POS,12652.46,Amazon,Shopping
69804455360,Rohan Taylor,1984-03-14,"248 High St, New York, NY, 10001",PAN5394D,2023-11-17,3F5DAA36467C,CREDIT,NEFT,11837.52,Employer / Salary,Salary
75811844427,David Patel,1984-06-14,"695 Main St, Mumbai, MH, 400001",PAN3516A,2023-11-17,0FA625D8D70E,CREDIT,NEFT,34297.93,Employer / Salary,Salary
37664188145,David Smith,1993-10-16,"167 Park Ave, New York, NY, 10001",PAN9192E,2023-11-17,FA973E2F78C7,CREDIT,NEFT,16074.07,Employer / Salary,Salary
91062313268,Amit Sharma,1965-01-23,"88 Park Ave, Mumbai, MH, 400001",PAN3261B,2023-11-17,5B28FFDB70D4,DEBIT,POS,8793.37,Amazon,Shopping
76410032652,Anjali Kumar,1998-08-07,"548 Main St, Mumbai, MH, 400001",PAN3436D,2023-11-17,E4119831F32C,CREDIT,NEFT,14544.9,Employer / Salary,Salary
51618949921,Michael Smith,1981-09-14,"989 MG Road, New York, NY, 10001",PAN4299A,2023-11-17,9CE0D0D49040,CREDIT,NEFT,25860.77,Employer / Salary,Salary
72764946459,John Mehta,1962-07-09,"538 High St, Mumbai, MH, 400001",PAN2928E,2023-11-17,7C8706DAADA9,DEBIT,POS,7436.25,Amazon,Shopping
30143580171,Neha Gupta,1957-09-13,"759 Main St, Delhi, DL, 110001",PAN6997E,2023-11-17,1871482056DF,CREDIT,NEFT,24072.52,Employer / Salary,Salary
59161678059,John Sharma,1960-04-23,"49 High St, Delhi, DL, 110001",PAN2713C,2023-11-17,FE943C5A421A,CREDIT,NEFT,7927.81,Employer / Salary,Salary
74511864590,Emma Johnson,1950-08-20,"847 High St, Delhi, DL, 110001",PAN3558A,2023-11-18,15A7E41CE417,DEBIT,POS,13125.89,Amazon,Shopping
59506668561,Rohan Johnson,1962-02-26,"342 MG Road, Mumbai, MH, 400001",PAN6422D,2023-11-18,ACB195F24A37,DEBIT,POS,872.53,Amazon,Shopping
65014010617,Karan Patel,1975-03-19,"134 MG Road, Bangalore, KA, 560001",PAN4209D,2023-11-18,46C5B478F7BB,DEBIT,POS,6825.16,Amazon,Shopping
97030995635,Pooja Kumar,1961-05-15,"40 High St, Mumbai, MH, 400001",PAN6651D,2023-11-18,F838E9F22C8C,DEBIT,POS,5610.74,Amazon,Shopping
62351855940,David Patel,1981-02-12,"283 High St, Delhi, DL, 110001",PAN6354E,2023-11-18,B9D64650276C,DEBIT,POS,4030.2,Amazon,Shopping
12598902645,Michael Verma,1979-02-05,"30 MG Road, Bangalore, KA, 560001",PAN7630A,2023-11-18,2161A83F59B1,DEBIT,POS,8758.52,Amazon,Shopping
88372399312,Anjali Brown,1971-11-28,"850 High St, Bangalore, KA, 560001",PAN4990D,2023-11-18,654A3E1B1EDD,CREDIT,NEFT,33463.84,Employer / Salary,Salary
62351855940,David Patel,1981-02-12,"283 High St, Delhi, DL, 110001",PAN6354E,2023-11-18,AC3404536DFB,DEBIT,POS,12394.53,Amazon,Shopping
72764946459,John Mehta,1962-07-09,"538 High St, Mumbai, MH, 400001",PAN2928E,2023-11-18,17A268A48BEC,DEBIT,POS,9731.77,Amazon,Shopping
86418769212,Karan Smith,1983-04-13,"841 MG Road, New York, NY, 10001",PAN7414E,2023-11-18,FDAF4AACC3AD,DEBIT,POS,12650.66,Amazon,Shopping
97030995635,Pooja Kumar,1961-05-15,"40 High St, Mumbai, MH, 400001",PAN6651D,2023-11-18,6624E552D0B5,CREDIT,NEFT,6987.02,Employer / Salary,Salary
54789362237,Vikram Sharma,1994-01-15,"136 MG Road, Mumbai, MH, 400001",PAN5415C,2023-11-18,37D137997B4B,CREDIT,NEFT,10726.32,Employer / Salary,Salary
59993877563,Anjali Taylor,1961-10-20,"798 Main St, Delhi, DL, 110001",PAN9661B,2023-11-18,8578334260C3,DEBIT,POS,14934.26,Amazon,Shopping
26046654712,Vikram Mehta,1979-01-12,"939 High St, Bangalore, KA, 560001",PAN7217D,2023-11-18,6029AC22CAA6,CREDIT,NEFT,21020.41,Employer / Salary,Salary
38391968766,David Gupta,1959-02-12,"839 High St, New York, NY, 10001",PAN4368E,2023-11-18,288AD5F121D5,CREDIT,NEFT,1992.04,Employer / Salary,Salary
46807880988,David Doe,1951-02-22,"330 Main St, Bangalore, KA, 560001",PAN5379B,2023-11-18,A0F44FCDDFBC,CREDIT,NEFT,17617.25,Employer / Salary,Salary
93831496319,Priya Singh,1994-08-04,"559 Main St, London, UK, EC1A 1BB",PAN6436C,2023-11-18,9B8D775F9E72,DEBIT,POS,10997.3,Amazon,Shopping
18336101465,Emma Jain,1977-03-22,"18 Park Ave, London, UK, EC1A 1BB",PAN4876B,2023-11-18,A19012FBD292,CREDIT,NEFT,34423.57,Employer / Salary,Salary
18336101465,Emma Jain,1977-03-22,"18 Park Ave, London, UK, EC1A 1BB",PAN4876B,2023-11-18,A0DFE20287BF,DEBIT,POS,9373.74,Amazon,Shopping
54505115023,Neha Singh,1964-07-12,"119 MG Road, Mumbai, MH, 400001",PAN7485B,2023-11-18,22ECD978BF1D,CREDIT,NEFT,33842.67,Employer / Salary,Salary
81329539066,David Doe,1967-03-26,"445 Park Ave, Bangalore, KA, 560001",PAN5000A,2023-11-18,B66279869C12,CREDIT,NEFT,29139.52,Employer / Salary,Salary
21215636661,Priya Gupta,1971-12-11,"507 Park Ave, Mumbai, MH, 400001",PAN7805D,2023-11-18,EABC3A9E091B,CREDIT,NEFT,19839.21,Employer / Salary,Salary
74212078458,Vikram Patel,1980-01-20,"752 Main St, London, UK, EC1A 1BB",PAN6821D,2023-11-18,42B3A6C3EB16,DEBIT,POS,1338.94,Amazon,Shopping
10757283255,Rahul Smith,1998-07-09,"289 MG Road, Delhi, DL, 110001",PAN8763C,2023-11-19,6DB46BBC1320,DEBIT,POS,4447.99,Amazon,Shopping
84286033961,John Taylor,1965-05-18,"841 MG Road, Bangalore, KA, 560001",PAN4969D,2023-11-19,C44B38232B7B,DEBIT,POS,396.41,Amazon,Shopping
56847251402,Sneha Verma,1979-11-23,"441 Park Ave, Mumbai, MH, 400001",PAN1501B,2023-11-19,5BFCE50E4D19,CREDIT,NEFT,28472.13,Employer / Salary,Salary
51618949921,Michael Smith,1981-09-14,"989 MG Road, New York, NY, 10001",PAN4299A,2023-11-19,FF84A102FFC9,CREDIT,NEFT,7186.44,Employer / Salary,Salary
42035385933,Rahul Doe,1971-03-01,"877 MG Road, Bangalore, KA, 560001",PAN4352A,2023-11-19,CEFAC0FBC43B,CREDIT,NEFT,26294.79,Employer / Salary,Salary
70624341550,Rohan Verma,1969-05-17,"839 Park Ave, Delhi, DL, 110001",PAN3034D,2023-11-19,A1D947F7206E,CREDIT,NEFT,27867.53,Employer / Salary,Salary
75811844427,David Patel,1984-06-14,"695 Main St, Mumbai, MH, 400001",PAN3516A,2023-11-19,E843FDF7767B,CREDIT,NEFT,26568.92,Employer / Salary,Salary
75000099430,Pooja Gupta,1961-07-24,"467 MG Road, New York, NY, 10001",PAN2512C,2023-11-19,AD9E378366F8,DEBIT,POS,35.47,Amazon,Shopping
80330286380,David Jain,1991-03-23,"848 Main St, Delhi, DL, 110001",PAN5683C,2023-11-19,5BD864FCBC25,CREDIT,NEFT,12586.79,Employer / Salary,Salary
35447120237,Neha Doe,1965-07-20,"861 High St, London, UK, EC1A 1BB",PAN7836E,2023-11-19,64CAF94F3AE2,DEBIT,POS,6445.33,Amazon,Shopping
98003483004,Vikram Brown,1984-10-24,"571 Park Ave, New York, NY, 10001",PAN1088D,2023-11-19,A8C6A77D6340,CREDIT,NEFT,32322.56,Employer / Salary,Salary
39432607639,Vikram Johnson,1981-03-24,"127 MG Road, Delhi, DL, 110001",PAN8184B,2023-11-19,161542ACF9FE,DEBIT,POS,14537.83,Amazon,Shopping
26899345501,Sarah Verma,1975-06-16,"691 High St, London, UK, EC1A 1BB",PAN5595E,2023-11-19,5B813C6DCE58,CREDIT,NEFT,4786.96,Employer / Salary,Salary
85792174432,Pooja Johnson,1984-10-21,"146 Main St, New York, NY, 10001",PAN4632D,2023-11-19,7A5FB2B6A470,CREDIT,NEFT,22322.31,Employer / Salary,Salary
93401732918,Karan Taylor,1992-03-25,"153 Park Ave, New York, NY, 10001",PAN2492A,2023-11-19,3C511AA54469,CREDIT,NEFT,8749.0,Employer / Salary,Salary
80052658840,John Patel,1962-04-09,"119 MG Road, London, UK, EC1A 1BB",PAN1711C,2023-11-19,FE9FF7DA2C5E,DEBIT,POS,5829.92,Amazon,Shopping
18634233392,John Johnson,1977-01-18,"223 Main St, London, UK, EC1A 1BB",PAN7462A,2023-11-19,97F9CFD17369,CREDIT,NEFT,34167.98,Employer / Salary,Salary
51928945157,Rohan Taylor,1995-02-16,"162 Park Ave, Mumbai, MH, 400001",PAN8925A,2023-11-19,2E05512114F9,DEBIT,POS,2767.81,Amazon,Shopping
65530184501,Pooja Doe,1991-11-18,"104 Main St, New York, NY, 10001",PAN5117B,2023-11-19,D4BC5B7C91F5,DEBIT,POS,11649.4,Amazon,Shopping
21215636661,Priya Gupta,1971-12-11,"507 Park Ave, Mumbai, MH, 400001",PAN7805D,2023-11-19,7369FCC3E817,DEBIT,POS,484.98,Amazon,Shopping
11860997897,Amit Singh,1993-11-16,"118 MG Road, London, UK, EC1A 1BB",PAN1977D,2023-11-19,EB498551C5D8,CREDIT,NEFT,3346.2,Employer / Salary,Salary
11860997897,Amit Singh,1993-11-16,"118 MG Road, London, UK, EC1A 1BB",PAN1977D,2023-11-19,5E49CD1B87D4,CREDIT,NEFT,5721.74,Employer / Salary,Salary
84149855424,Sarah Doe,1953-08-27,"515 Park Ave, London, UK, EC1A 1BB",PAN7408B,2023-11-19,3AE98AFC5600,CREDIT,NEFT,30328.95,Employer / Salary,Salary
77489880671,Amit Gupta,1989-08-04,"961 Park Ave, Bangalore, KA, 560001",PAN7985E,2023-11-19,F972C80A3EEA,DEBIT,POS,5417.05,Amazon,Shopping
80330286380,David Jain,1991-03-23,"848 Main St, Delhi, DL, 110001",PAN5683C,2023-11-19,3D4AA06B00DD,DEBIT,POS,13053.18,Amazon,Shopping
68892713352,John Singh,1977-08-11,"980 Main St, Mumbai, MH, 400001",PAN7057B,2023-11-20,00F33B7E690F,CREDIT,NEFT,6774.4,Employer / Salary,Salary
26046654712,Vikram Mehta,1979-01-12,"939 High St, Bangalore, KA, 560001",PAN7217D,2023-11-20,2BCC959F80F0,DEBIT,POS,8702.66,Amazon,Shopping
37089997609,Pooja Gupta,1987-12-01,"479 MG Road, Delhi, DL, 110001",PAN3886A,2023-11-20,FC05975CA20B,DEBIT,POS,4285.08,Amazon,Shopping
99129617972,Karan Taylor,1979-01-01,"237 Park Ave, Bangalore, KA, 560001",PAN7496A,2023-11-20,BC23D75649FB,CREDIT,NEFT,24423.65,Employer / Salary,Salary
54505115023,Neha Singh,1964-07-12,"119 MG Road, Mumbai, MH, 400001",PAN7485B,2023-11-20,98D84F27ADF7,CREDIT,NEFT,9198.04,Employer / Salary,Salary
84286033961,John Taylor,1965-05-18,"841 MG Road, Bangalore, KA, 560001",PAN4969D,2023-11-20,3338599FD900,DEBIT,POS,11648.29,Amazon,Shopping
26046654712,Vikram Mehta,1979-01-12,"939 High St, Bangalore, KA, 560001",PAN7217D,2023-11-20,8714A1E89463,CREDIT,NEFT,30276.22,Employer / Salary,Salary
73458045960,Karan Gupta,1985-05-24,"996 High St, Mumbai, MH, 400001",PAN4247A,2023-11-20,F397AFC25A68,CREDIT,NEFT,11294.8,Employer / Salary,Salary
52267998461,John Smith,1966-01-16,"456 MG Road, New York, NY, 10001",PAN2705E,2023-11-20,1555889972EB,CREDIT,NEFT,30656.04,Employer / Salary,Salary
18634233392,John Johnson,1977-01-18,"223 Main St, London, UK, EC1A 1BB",PAN7462A,2023-11-20,5D5A0A32ED46,DEBIT,POS,2543.11,Amazon,Shopping
23878170594,Priya Doe,1961-05-15,"822 Main St, New York, NY, 10001",PAN7763E,2023-11-20,424A4B67F437,CREDIT,NEFT,9603.01,Employer / Salary,Salary
37664188145,David Smith,1993-10-16,"167 Park Ave, New York, NY, 10001",PAN9192E,2023-11-20,04D5DF1FFA0B,DEBIT,POS,6209.29,Amazon,Shopping
26899345501,Sarah Verma,1975-06-16,"691 High St, London, UK, EC1A 1BB",PAN5595E,2023-11-20,4165E7F90357,CREDIT,NEFT,9851.89,Employer / Salary,Salary
17906362380,Anjali Singh,1961-02-21,"675 High St, Delhi, DL, 110001",PAN8219D,2023-11-20,4CA5CFC4E20D,CREDIT,NEFT,7628.23,Employer / Salary,Salary
16804367297,Pooja Doe,1998-12-04,"889 High St, New York, NY, 10001",PAN2260E,2023-11-20,9D91B0B225FA,CREDIT,NEFT,34681.34,Employer / Salary,Salary
67611548402,David Gupta,1994-01-26,"700 MG Road, London, UK, EC1A 1BB",PAN5908B,2023-11-20,38F9A027EC7F,DEBIT,POS,11225.52,Amazon,Shopping
91062313268,Amit Sharma,1965-01-23,"88 Park Ave, Mumbai, MH, 400001",PAN3261B,2023-11-20,81CE4E7F1BEA,CREDIT,NEFT,32919.71,Employer / Salary,Salary
69173296540,Rahul Patel,1954-07-01,"438 MG Road, Mumbai, MH, 400001",PAN8917C,2023-11-20,217B9396C64F,DEBIT,POS,8643.68,Amazon,Shopping
72943537134,Rahul Patel,1998-08-07,"330 MG Road, Delhi, DL, 110001",PAN6497D,2023-11-20,4C5684C5BE1C,DEBIT,POS,13158.29,Amazon,Shopping
45712503172,Emma Smith,1959-06-28,"846 Park Ave, Mumbai, MH, 400001",PAN8778D,2023-11-21,8D8EBC212FFA,DEBIT,POS,9296.09,Amazon,Shopping
50946235198,Vikram Verma,1978-02-20,"551 High St, Bangalore, KA, 560001",PAN3935A,2023-11-21,2D27381084D9,DEBIT,POS,6883.27,Amazon,Shopping
80052658840,John Patel,1962-04-09,"119 MG Road, London, UK, EC1A 1BB",PAN1711C,2023-11-21,3797A404338E,DEBIT,POS,2910.16,Amazon,Shopping
23077763372,Sneha Johnson,1967-04-10,"876 MG Road, Delhi, DL, 110001",PAN6792E,2023-11-21,D25B8ADAA47B,CREDIT,NEFT,23582.6,Employer / Salary,Salary
51408605578,David Johnson,1970-01-05,"579 Park Ave, Bangalore, KA, 560001",PAN4083E,2023-11-21,C9B51B68BF1C,CREDIT,NEFT,13672.98,Employer / Salary,Salary
18336101465,Emma Jain,1977-03-22,"18 Park Ave, London, UK, EC1A 1BB",PAN4876B,2023-11-21,7B248D17A4C1,DEBIT,POS,2373.23,Amazon,Shopping
93842987268,Karan Smith,1952-12-02,"318 Main St, New York, NY, 10001",PAN1776B,2023-11-21,7FB953668A09,CREDIT,NEFT,1441.16,Employer / Salary,Salary
78606049757,Karan Mehta,1998-02-21,"306 High St, Mumbai, MH, 400001",PAN1332D,2023-11-21,187DC2A8425F,CREDIT,NEFT,27367.84,Employer / Salary,Salary
12216942157,Sneha Smith,1998-01-26,"535 Main St, Delhi, DL, 110001",PAN3127A,2023-11-21,E75561BE3BF2,CREDIT,NEFT,28784.57,Employer / Salary,Salary
65014010617,Karan Patel,1975-03-19,"134 MG Road, Bangalore, KA, 560001",PAN4209D,2023-11-21,0086ACE2EABF,DEBIT,POS,2423.15,Amazon,Shopping
89297439330,David Mehta,1965-09-23,"620 Main St, Mumbai, MH, 400001",PAN7508B,2023-11-21,271024AF4A65,CREDIT,NEFT,6151.02,Employer / Salary,Salary
35447120237,Neha Doe,1965-07-20,"861 High St, London, UK, EC1A 1BB",PAN7836E,2023-11-21,EA34E4A7E071,DEBIT,POS,10119.4,Amazon,Shopping
50234132436,David Singh,1984-07-19,"561 MG Road, New York, NY, 10001",PAN2179A,2023-11-21,9D6B1E77FBC7,CREDIT,NEFT,2778.31,Employer / Salary,Salary
84547616074,John Mehta,1976-11-20,"149 High St, New York, NY, 10001",PAN1582D,2023-11-21,09FC4722EF06,DEBIT,POS,10436.65,Amazon,Shopping
22455298608,Neha Taylor,1975-02-01,"287 High St, Delhi, DL, 110001",PAN2068C,2023-11-21,B51AE097D2C3,DEBIT,POS,5761.56,Amazon,Shopping
14325166398,Priya Smith,1951-05-07,"341 High St, Bangalore, KA, 560001",PAN1416D,2023-11-21,46F2238D149E,CREDIT,NEFT,6739.18,Employer / Salary,Salary
43331834024,Amit Kumar,1982-09-07,"449 High St, Bangalore, KA, 560001",PAN3595B,2023-11-21,2C67245FF4F7,CREDIT,NEFT,25373.97,Employer / Salary,Salary
19487935036,John Sharma,1981-02-18,"216 Park Ave, Mumbai, MH, 400001",PAN9734A,2023-11-21,8DF1414FEFDE,CREDIT,NEFT,9625.93,Employer / Salary,Salary
56072115380,John Sharma,1964-05-09,"935 Main St, Bangalore, KA, 560001",PAN1745B,2023-11-21,B49B1471C731,DEBIT,POS,3154.09,Amazon,Shopping
98003483004,Vikram Brown,1984-10-24,"571 Park Ave, New York, NY, 10001",PAN1088D,2023-11-21,4A5F7CDFB9A5,DEBIT,POS,9231.79,Amazon,Shopping
35483108722,John Singh,1961-10-28,"529 High St, Delhi, DL, 110001",PAN5734A,2023-11-21,E415691C700E,CREDIT,NEFT,15297.45,Employer / Salary,Salary
63592349141,Amit Patel,1969-05-14,"259 High St, Delhi, DL, 110001",PAN6402C,2023-11-21,A55D04E0D743,DEBIT,POS,551.1,Amazon,Shopping
18336101465,Emma Jain,1977-03-22,"18 Park Ave, London, UK, EC1A 1BB",PAN4876B,2023-11-21,ECF7E09B6519,DEBIT,POS,294.9,Amazon,Shopping
38391968766,David Gupta,1959-02-12,"839 High St, New York, NY, 10001",PAN4368E,2023-11-21,80EB59D7BB9F,DEBIT,POS,13429.57,Amazon,Shopping
81472727188,David Kumar,1975-10-26,"646 High St, Delhi, DL, 110001",PAN9295B,2023-11-21,38D6C96599AD,DEBIT,POS,3048.75,Amazon,Shopping
43331834024,Amit Kumar,1982-09-07,"449 High St, Bangalore, KA, 560001",PAN3595B,2023-11-21,23857E4B0EB4,DEBIT,POS,12688.55,Amazon,Shopping
91062313268,Amit Sharma,1965-01-23,"88 Park Ave, Mumbai, MH, 400001",PAN3261B,2023-11-21,2814479A93EB,DEBIT,POS,7649.0,Amazon,Shopping
37120342693,Priya Singh,1978-04-11,"132 MG Road, London, UK, EC1A 1BB",PAN9121D,2023-11-21,254660A82388,DEBIT,POS,85.69,Amazon,Shopping
23750367692,John Mehta,1962-11-28,"409 Main St, Bangalore, KA, 560001",PAN3892C,2023-11-22,F04AEE3148F9,DEBIT,POS,7459.05,Amazon,Shopping
29917034761,David Kumar,1958-11-03,"386 High St, Delhi, DL, 110001",PAN7751C,2023-11-22,9D91BC8E81BC,DEBIT,POS,5044.14,Amazon,Shopping
22455298608,Neha Taylor,1975-02-01,"287 High St, Delhi, DL, 110001",PAN2068C,2023-11-22,868BF701F25C,CREDIT,NEFT,1937.48,Employer / Salary,Salary
33952148511,Rahul Mehta,1996-08-17,"45 Park Ave, Bangalore, KA, 560001",PAN1721B,2023-11-22,46564F6D7CFD,CREDIT,NEFT,30776.22,Employer / Salary,Salary
23760786709,Pooja Smith,1995-12-25,"308 Main St, New York, NY, 10001",PAN6248E,2023-11-22,27AF2C0EB897,CREDIT,NEFT,29083.23,Employer / Salary,Salary
13657793309,Rohan Smith,1992-04-09,"585 MG Road, Mumbai, MH, 400001",PAN7405A,2023-11-22,E1E5735CB6FA,CREDIT,NEFT,6360.27,Employer / Salary,Salary
84547616074,John Mehta,1976-11-20,"149 High St, New York, NY, 10001",PAN1582D,2023-11-22,56DCD3784D61,DEBIT,POS,1568.84,Amazon,Shopping
76630989226,Rahul Johnson,1993-09-01,"744 Main St, Mumbai, MH, 400001",PAN9113C,2023-11-22,C4D5682BB344,CREDIT,NEFT,32816.31,Employer / Salary,Salary
76630989226,Rahul Johnson,1993-09-01,"744 Main St, Mumbai, MH, 400001",PAN9113C,2023-11-22,57A6B742696A,DEBIT,POS,7183.95,Amazon,Shopping
51928945157,Rohan Taylor,1995-02-16,"162 Park Ave, Mumbai, MH, 400001",PAN8925A,2023-11-22,C82C17F11EF3,CREDIT,NEFT,6360.99,Employer / Salary,Salary
51618949921,Michael Smith,1981-09-14,"989 MG Road, New York, NY, 10001",PAN4299A,2023-11-22,9E558F6CBB64,CREDIT,NEFT,4485.38,Employer / Salary,Salary
65014010617,Karan Patel,1975-03-19,"134 MG Road, Bangalore, KA, 560001",PAN4209D,2023-11-22,D2010A8D25CF,DEBIT,POS,4533.9,Amazon,Shopping
68027852646,Rohan Mehta,1963-05-21,"416 Park Ave, Mumbai, MH, 400001",PAN7912D,2023-11-22,7AD4725BB868,CREDIT,NEFT,23868.96,Employer / Salary,Salary
89297439330,David Mehta,1965-09-23,"620 Main St, Mumbai, MH, 400001",PAN7508B,2023-11-22,C8460816497C,CREDIT,NEFT,23400.7,Employer / Salary,Salary
61589809483,Rahul Gupta,1952-04-05,"499 Main St, Delhi, DL, 110001",PAN8328E,2023-11-22,22174B44CB33,CREDIT,NEFT,21995.9,Employer / Salary,Salary
84149855424,Sarah Doe,1953-08-27,"515 Park Ave, London, UK, EC1A 1BB",PAN7408B,2023-11-22,0C5FB85E939F,CREDIT,NEFT,30233.04,Employer / Salary,Salary
76410032652,Anjali Kumar,1998-08-07,"548 Main St, Mumbai, MH, 400001",PAN3436D,2023-11-22,98895DCC987A,DEBIT,POS,541.55,Amazon,Shopping
80583668037,Pooja Smith,1964-03-10,"219 High St, Bangalore, KA, 560001",PAN3422E,2023-11-22,15FCC3D57C73,DEBIT,POS,4257.41,Amazon,Shopping
46103679233,Pooja Jain,1969-04-22,"916 Park Ave, London, UK, EC1A 1BB",PAN8087D,2023-11-22,A8F90E4C4E30,DEBIT,POS,12270.82,Amazon,Shopping
31179939410,Amit Patel,1974-08-15,"862 MG Road, London, UK, EC1A 1BB",PAN2395A,2023-11-22,3E22177CB654,DEBIT,POS,4689.8,Amazon,Shopping
28959444719,Neha Brown,2000-02-09,"866 High St, Mumbai, MH, 400001",PAN7064A,2023-11-22,36D5DFF96A5A,CREDIT,NEFT,7028.93,Employer / Salary,Salary
84547616074,John Mehta,1976-11-20,"149 High St, New York, NY, 10001",PAN1582D,2023-11-22,AE7AC1FA0F15,DEBIT,POS,1737.38,Amazon,Shopping
72764946459,John Mehta,1962-07-09,"538 High St, Mumbai, MH, 400001",PAN2928E,2023-11-22,BB28500420B5,DEBIT,POS,14134.11,Amazon,Shopping
66997558634,Anjali Gupta,1991-06-20,"955 MG Road, New York, NY, 10001",PAN1543E,2023-11-22,3F62C229A263,CREDIT,NEFT,21167.56,Employer / Salary,Salary
53686720781,Michael Verma,1957-09-28,"606 Main St, Delhi, DL, 110001",PAN7271E,2023-11-22,6F407A5F0A96,CREDIT,NEFT,17554.81,Employer / Salary,Salary
50234132436,David Singh,1984-07-19,"561 MG Road, New York, NY, 10001",PAN2179A,2023-11-22,B8CE8681C2E3,DEBIT,POS,10382.63,Amazon,Shopping
30372053124,Karan Verma,1993-06-09,"843 Main St, London, UK, EC1A 1BB",PAN9418D,2023-11-23,B16C153A62EB,CREDIT,NEFT,2509.21,Employer / Salary,Salary
23750367692,John Mehta,1962-11-28,"409 Main St, Bangalore, KA, 560001",PAN3892C,2023-11-23,89BD2765FC71,CREDIT,NEFT,19399.33,Employer / Salary,Salary
67611548402,David Gupta,1994-01-26,"700 MG Road, London, UK, EC1A 1BB",PAN5908B,2023-11-23,E9E62C58620D,CREDIT,NEFT,24896.91,Employer / Salary,Salary
35483108722,John Singh,1961-10-28,"529 High St, Delhi, DL, 110001",PAN5734A,2023-11-23,05EF0A95F25B,DEBIT,POS,5513.03,Amazon,Shopping
39692996882,Karan Gupta,1976-06-08,"188 Park Ave, Bangalore, KA, 560001",PAN3965B,2023-11-23,C6FD0FEEF171,CREDIT,NEFT,6041.29,Employer / Salary,Salary
50946235198,Vikram Verma,1978-02-20,"551 High St, Bangalore, KA, 560001",PAN3935A,2023-11-23,2DE17D18AC90,CREDIT,NEFT,21215.8,Employer / Salary,Salary
23077763372,Sneha Johnson,1967-04-10,"876 MG Road, Delhi, DL, 110001",PAN6792E,2023-11-23,EC563ED2377A,DEBIT,POS,6041.88,Amazon,Shopping
17906362380,Anjali Singh,1961-02-21,"675 High St, Delhi, DL, 110001",PAN8219D,2023-11-23,AEC024EEE6D2,CREDIT,NEFT,23430.08,Employer / Salary,Salary
18634233392,John Johnson,1977-01-18,"223 Main St, London, UK, EC1A 1BB",PAN7462A,2023-11-23,5AA084C45911,DEBIT,POS,3113.24,Amazon,Shopping
51408605578,David Johnson,1970-01-05,"579 Park Ave, Bangalore, KA, 560001",PAN4083E,2023-11-23,4705A96940AF,DEBIT,POS,5694.12,Amazon,Shopping
21858846381,Pooja Taylor,1967-02-13,"903 High St, New York, NY, 10001",PAN9349A,2023-11-23,41B80F702423,DEBIT,POS,10180.86,Amazon,Shopping
68536258506,Rahul Kumar,1960-09-25,"917 High St, New York, NY, 10001",PAN5061C,2023-11-23,7FE0B89D3E71,DEBIT,POS,822.21,Amazon,Shopping
97733443388,David Brown,1972-10-24,"231 Main St, Mumbai, MH, 400001",PAN2683A,2023-11-23,DA191AE5126C,DEBIT,POS,2915.84,Amazon,Shopping
84286033961,John Taylor,1965-05-18,"841 MG Road, Bangalore, KA, 560001",PAN4969D,2023-11-23,E94E44ADB205,DEBIT,POS,1731.39,Amazon,Shopping
33233889749,Sarah Taylor,1960-09-15,"294 Park Ave, Delhi, DL, 110001",PAN6247D,2023-11-23,CCEFF93386D7,CREDIT,NEFT,33227.5,Employer / Salary,Salary
78098709516,Pooja Taylor,1956-11-09,"926 Park Ave, Bangalore, KA, 560001",PAN1092A,2023-11-23,C0592D62954A,DEBIT,POS,7316.43,Amazon,Shopping
18634233392,John Johnson,1977-01-18,"223 Main St, London, UK, EC1A 1BB",PAN7462A,2023-11-23,9775281D8305,CREDIT,NEFT,30741.53,Employer / Salary,Salary
84149855424,Sarah Doe,1953-08-27,"515 Park Ave, London, UK, EC1A 1BB",PAN7408B,2023-11-23,5641CE3A00A8,CREDIT,NEFT,22637.13,Employer / Salary,Salary
62586375682,Anjali Brown,1973-06-23,"270 MG Road, Delhi, DL, 110001",PAN1838A,2023-11-23,9A7725775A7E,CREDIT,NEFT,26053.59,Employer / Salary,Salary
46103679233,Pooja Jain,1969-04-22,"916 Park Ave, London, UK, EC1A 1BB",PAN8087D,2023-11-23,BE108965FE9C,CREDIT,NEFT,27400.66,Employer / Salary,Salary
50946235198,Vikram Verma,1978-02-20,"551 High St, Bangalore, KA, 560001",PAN3935A,2023-11-23,B630F3B77502,CREDIT,NEFT,3566.25,Employer / Salary,Salary
98003483004,Vikram Brown,1984-10-24,"571 Park Ave, New York, NY, 10001",PAN1088D,2023-11-23,6DCF193F2D90,DEBIT,POS,5502.05,Amazon,Shopping
51618949921,Michael Smith,1981-09-14,"989 MG Road, New York, NY, 10001",PAN4299A,2023-11-24,4154DB4A0BCF,CREDIT,NEFT,9778.22,Employer / Salary,Salary
74212078458,Vikram Patel,1980-01-20,"752 Main St, London, UK, EC1A 1BB",PAN6821D,2023-11-24,D84B61D12D36,DEBIT,POS,8734.31,Amazon,Shopping
68892713352,John Singh,1977-08-11,"980 Main St, Mumbai, MH, 400001",PAN7057B,2023-11-24,DCFF5BA4B1BE,CREDIT,NEFT,25657.33,Employer / Salary,Salary
84547616074,John Mehta,1976-11-20,"149 High St, New York, NY, 10001",PAN1582D,2023-11-24,B502F90ED9C3,CREDIT,NEFT,15169.85,Employer / Salary,Salary
45334322348,Karan Verma,1971-09-10,"984 High St, London, UK, EC1A 1BB",PAN7344B,2023-11-24,75A5ED517512,DEBIT,POS,11603.02,Amazon,Shopping
26899345501,Sarah Verma,1975-06-16,"691 High St, London, UK, EC1A 1BB",PAN5595E,2023-11-24,421CDEFE1002,CREDIT,NEFT,14298.34,Employer / Salary,Salary
93831496319,Priya Singh,1994-08-04,"559 Main St, London, UK, EC1A 1BB",PAN6436C,2023-11-24,829CE5854FD6,CREDIT,NEFT,18410.49,Employer / Salary,Salary
37120342693,Priya Singh,1978-04-11,"132 MG Road, London, UK, EC1A 1BB",PAN9121D,2023-11-24,60682817074D,DEBIT,POS,8070.11,Amazon,Shopping
45334322348,Karan Verma,1971-09-10,"984 High St, London, UK, EC1A 1BB",PAN7344B,2023-11-24,56F21F25EE0D,DEBIT,POS,1035.56,Amazon,Shopping
31179939410,Amit Patel,1974-08-15,"862 MG Road, London, UK, EC1A 1BB",PAN2395A,2023-11-24,F12C84246658,CREDIT,NEFT,28298.44,Employer / Salary,Salary
38657767535,David Kumar,1986-10-10,"253 MG Road, Delhi, DL, 110001",PAN2032A,2023-11-24,F5CAC0B681B1,DEBIT,POS,8561.05,Amazon,Shopping
78606049757,Karan Mehta,1998-02-21,"306 High St, Mumbai, MH, 400001",PAN1332D,2023-11-24,CE7F4F86B4B5,DEBIT,POS,14971.0,Amazon,Shopping
87073586854,Vikram Smith,1969-06-24,"229 MG Road, Bangalore, KA, 560001",PAN8845D,2023-11-24,915E48E1CBC3,CREDIT,NEFT,31027.48,Employer / Salary,Salary
90572286434,Rahul Jain,1994-01-11,"563 High St, Bangalore, KA, 560001",PAN8506B,2023-11-24,E5481C8DFA45,CREDIT,NEFT,4463.41,Employer / Salary,Salary
15888736841,Rohan Gupta,1985-04-03,"186 MG Road, Delhi, DL, 110001",PAN9057E,2023-11-24,FF1522D41FD8,CREDIT,NEFT,2407.38,Employer / Salary,Salary
75811844427,David Patel,1984-06-14,"695 Main St, Mumbai, MH, 400001",PAN3516A,2023-11-24,B7690C195959,CREDIT,NEFT,34549.79,Employer / Salary,Salary
26899345501,Sarah Verma,1975-06-16,"691 High St, London, UK, EC1A 1BB",PAN5595E,2023-11-24,B20A6AA039ED,CREDIT,NEFT,11605.03,Employer / Salary,Salary
80330286380,David Jain,1991-03-23,"848 Main St, Delhi, DL, 110001",PAN5683C,2023-11-24,4243FFF03051,DEBIT,POS,14653.29,Amazon,Shopping
33233889749,Sarah Taylor,1960-09-15,"294 Park Ave, Delhi, DL, 110001",PAN6247D,2023-11-24,D0C3ED70EDBE,DEBIT,POS,458.22,Amazon,Shopping
56847251402,Sneha Verma,1979-11-23,"441 Park Ave, Mumbai, MH, 400001",PAN1501B,2023-11-24,FCB4EB113EA8,DEBIT,POS,1055.38,Amazon,Shopping
81172125330,Rohan Verma,1958-09-05,"425 Park Ave, Bangalore, KA, 560001",PAN8394D,2023-11-24,AE50BE98C709,DEBIT,POS,5401.04,Amazon,Shopping
80583668037,Pooja Smith,1964-03-10,"219 High St, Bangalore, KA, 560001",PAN3422E,2023-11-24,AC5CFEDEB386,DEBIT,POS,8067.57,Amazon,Shopping
54789362237,Vikram Sharma,1994-01-15,"136 MG Road, Mumbai, MH, 400001",PAN5415C,2023-11-24,8C1C4EB12F77,DEBIT,POS,6884.75,Amazon,Shopping
29917034761,David Kumar,1958-11-03,"386 High St, Delhi, DL, 110001",PAN7751C,2023-11-24,F01101A3FBBF,CREDIT,NEFT,24881.41,Employer / Salary,Salary
51928945157,Rohan Taylor,1995-02-16,"162 Park Ave, Mumbai, MH, 400001",PAN8925A,2023-11-24,DEC1ED2B0CE6,CREDIT,NEFT,3546.71,Employer / Salary,Salary
78560339461,Neha Mehta,1961-12-16,"393 MG Road, Delhi, DL, 110001",PAN2009A,2023-11-24,DADCE4C49115,CREDIT,NEFT,11654.3,Employer / Salary,Salary
75811844427,David Patel,1984-06-14,"695 Main St, Mumbai, MH, 400001",PAN3516A,2023-11-24,98B3479CE1CE,DEBIT,POS,13032.62,Amazon,Shopping
37664188145,David Smith,1993-10-16,"167 Park Ave, New York, NY, 10001",PAN9192E,2023-11-25,5902D18BC888,DEBIT,POS,616.46,Amazon,Shopping
89208281088,Vikram Patel,1999-11-05,"13 High St, Mumbai, MH, 400001",PAN1478B,2023-11-25,50EDD7E5FD55,CREDIT,NEFT,22615.56,Employer / Salary,Salary
35483108722,John Singh,1961-10-28,"529 High St, Delhi, DL, 110001",PAN5734A,2023-11-25,3855B556CE2B,DEBIT,POS,11398.2,Amazon,Shopping
87073586854,Vikram Smith,1969-06-24,"229 MG Road, Bangalore, KA, 560001",PAN8845D,2023-11-25,1F04AAAF5847,CREDIT,NEFT,14980.06,Employer / Salary,Salary
69173296540,Rahul Patel,1954-07-01,"438 MG Road, Mumbai, MH, 400001",PAN8917C,2023-11-25,A2342C05E28C,DEBIT,POS,5246.58,Amazon,Shopping
45334322348,Karan Verma,1971-09-10,"984 High St, London, UK, EC1A 1BB",PAN7344B,2023-11-25,B501CF5C127A,CREDIT,NEFT,13908.75,Employer / Salary,Salary
38391968766,David Gupta,1959-02-12,"839 High St, New York, NY, 10001",PAN4368E,2023-11-25,BC356D38FCFA,CREDIT,NEFT,34049.8,Employer / Salary,Salary
90572286434,Rahul Jain,1994-01-11,"563 High St, Bangalore, KA, 560001",PAN8506B,2023-11-25,AAA91038CDD7,CREDIT,NEFT,28847.9,Employer / Salary,Salary
18336101465,Emma Jain,1977-03-22,"18 Park Ave, London, UK, EC1A 1BB",PAN4876B,2023-11-25,2B13CA3DAA5D,DEBIT,POS,4056.72,Amazon,Shopping
47134623182,Karan Patel,1950-03-16,"721 MG Road, Bangalore, KA, 560001",PAN4234D,2023-11-25,50E277BEDC37,DEBIT,POS,12023.7,Amazon,Shopping
37664188145,David Smith,1993-10-16,"167 Park Ave, New York, NY, 10001",PAN9192E,2023-11-25,5CF47A434562,DEBIT,POS,4619.96,Amazon,Shopping
39432607639,Vikram Johnson,1981-03-24,"127 MG Road, Delhi, DL, 110001",PAN8184B,2023-11-25,85DC1A4E3AB2,CREDIT,NEFT,8976.12,Employer / Salary,Salary
74594585356,Michael Doe,1984-12-22,"639 Main St, Mumbai, MH, 400001",PAN1830C,2023-11-25,F56723E8616A,DEBIT,POS,4297.61,Amazon,Shopping
46807880988,David Doe,1951-02-22,"330 Main St, Bangalore, KA, 560001",PAN5379B,2023-11-25,64DEBC218C4C,DEBIT,POS,11848.68,Amazon,Shopping
76410032652,Anjali Kumar,1998-08-07,"548 Main St, Mumbai, MH, 400001",PAN3436D,2023-11-25,F088DC9AE97B,CREDIT,NEFT,13375.07,Employer / Salary,Salary
68536258506,Rahul Kumar,1960-09-25,"917 High St, New York, NY, 10001",PAN5061C,2023-11-25,878B737F0010,DEBIT,POS,5131.44,Amazon,Shopping
23849431352,Sarah Taylor,1953-11-27,"464 High St, New York, NY, 10001",PAN7877B,2023-11-25,4496F62122A7,CREDIT,NEFT,19537.38,Employer / Salary,Salary
78560339461,Neha Mehta,1961-12-16,"393 MG Road, Delhi, DL, 110001",PAN2009A,2023-11-25,D0B2E9D08318,CREDIT,NEFT,16393.55,Employer / Salary,Salary
80583668037,Pooja Smith,1964-03-10,"219 High St, Bangalore, KA, 560001",PAN3422E,2023-11-25,21B5B9B122FB,DEBIT,POS,13654.86,Amazon,Shopping
49294722421,Sarah Kumar,1997-06-10,"650 Park Ave, Delhi, DL, 110001",PAN2473A,2023-11-25,E987CDDAC516,CREDIT,NEFT,4921.49,Employer / Salary,Salary
54281383264,David Gupta,1993-09-08,"364 Park Ave, New York, NY, 10001",PAN5423C,2023-11-25,99E72E4397B8,DEBIT,POS,8073.51,Amazon,Shopping
65014010617,Karan Patel,1975-03-19,"134 MG Road, Bangalore, KA, 560001",PAN4209D,2023-11-25,8F0E983DB760,DEBIT,POS,2882.55,Amazon,Shopping
42035385933,Rahul Doe,1971-03-01,"877 MG Road, Bangalore, KA, 560001",PAN4352A,2023-11-25,F7234B903E4E,CREDIT,NEFT,30416.43,Employer / Salary,Salary
52920365658,Karan Brown,1975-12-23,"844 Park Ave, Bangalore, KA, 560001",PAN2694A,2023-11-25,162EE6D330F8,DEBIT,POS,5924.73,Amazon,Shopping
27074076211,Vikram Kumar,1973-04-11,"992 Park Ave, Delhi, DL, 110001",PAN5679A,2023-11-25,36F96B9415A4,CREDIT,NEFT,14074.59,Employer / Salary,Salary
20994992968,Pooja Taylor,1976-11-28,"103 High St, New York, NY, 10001",PAN9782C,2023-11-25,8BC997174BB2,CREDIT,NEFT,6524.4,Employer / Salary,Salary
85792174432,Pooja Johnson,1984-10-21,"146 Main St, New York, NY, 10001",PAN4632D,2023-11-25,6B4C9FDAB30C,DEBIT,POS,4429.58,Amazon,Shopping
91062313268,Amit Sharma,1965-01-23,"88 Park Ave, Mumbai, MH, 400001",PAN3261B,2023-11-25,6467888F2382,CREDIT,NEFT,14116.02,Employer / Salary,Salary
65530184501,Pooja Doe,1991-11-18,"104 Main St, New York, NY, 10001",PAN5117B,2023-11-25,B8286966F4AA,DEBIT,POS,3020.42,Amazon,Shopping
56847251402,Sneha Verma,1979-11-23,"441 Park Ave, Mumbai, MH, 400001",PAN1501B,2023-11-25,D4607ECF2403,CREDIT,NEFT,25933.24,Employer / Salary,Salary
18634233392,John Johnson,1977-01-18,"223 Main St, London, UK, EC1A 1BB",PAN7462A,2023-11-25,0FDCBC52D9F1,DEBIT,POS,6585.95,Amazon,Shopping
69774016847,Sneha Doe,1978-09-25,"317 Park Ave, Bangalore, KA, 560001",PAN8031B,2023-11-25,8B8AEC124504,CREDIT,NEFT,18981.27,Employer / Salary,Salary
80052658840,John Patel,1962-04-09,"119 MG Road, London, UK, EC1A 1BB",PAN1711C,2023-11-25,3734B59CB060,CREDIT,NEFT,2306.6,Employer / Salary,Salary
53686720781,Michael Verma,1957-09-28,"606 Main St, Delhi, DL, 110001",PAN7271E,2023-11-25,3C6C84FC7ECB,CREDIT,NEFT,12793.5,Employer / Salary,Salary
35483108722,John Singh,1961-10-28,"529 High St, Delhi, DL, 110001",PAN5734A,2023-11-26,C11AC9DE6F6B,CREDIT,NEFT,26735.76,Employer / Salary,Salary
75000099430,Pooja Gupta,1961-07-24,"467 MG Road, New York, NY, 10001",PAN2512C,2023-11-26,BA3BC136BFF9,DEBIT,POS,7858.06,Amazon,Shopping
15423350995,Sneha Sharma,1975-03-13,"788 High St, Delhi, DL, 110001",PAN4344B,2023-11-26,C66473DEDA3C,DEBIT,POS,6579.61,Amazon,Shopping
97733443388,David Brown,1972-10-24,"231 Main St, Mumbai, MH, 400001",PAN2683A,2023-11-26,4FCA72E565AD,DEBIT,POS,12877.18,Amazon,Shopping
59161678059,John Sharma,1960-04-23,"49 High St, Delhi, DL, 110001",PAN2713C,2023-11-26,FFDFC21D64AF,DEBIT,POS,8124.6,Amazon,Shopping
80330286380,David Jain,1991-03-23,"848 Main St, Delhi, DL, 110001",PAN5683C,2023-11-26,9133D5F6557C,CREDIT,NEFT,16805.6,Employer / Salary,Salary
63592349141,Amit Patel,1969-05-14,"259 High St, Delhi, DL, 110001",PAN6402C,2023-11-26,C87E3EDF02E6,CREDIT,NEFT,6567.32,Employer / Salary,Salary
69774016847,Sneha Doe,1978-09-25,"317 Park Ave, Bangalore, KA, 560001",PAN8031B,2023-11-26,4439E2BB54EE,CREDIT,NEFT,18377.58,Employer / Salary,Salary
26046654712,Vikram Mehta,1979-01-12,"939 High St, Bangalore, KA, 560001",PAN7217D,2023-11-26,23F1D4C89062,DEBIT,POS,9201.09,Amazon,Shopping
62351855940,David Patel,1981-02-12,"283 High St, Delhi, DL, 110001",PAN6354E,2023-11-26,69D582653380,DEBIT,POS,365.93,Amazon,Shopping
52267998461,John Smith,1966-01-16,"456 MG Road, New York, NY, 10001",PAN2705E,2023-11-26,CCD959A6A358,CREDIT,NEFT,26274.24,Employer / Salary,Salary
66997558634,Anjali Gupta,1991-06-20,"955 MG Road, New York, NY, 10001",PAN1543E,2023-11-26,68493BAC7665,DEBIT,POS,2015.79,Amazon,Shopping
51408605578,David Johnson,1970-01-05,"579 Park Ave, Bangalore, KA, 560001",PAN4083E,2023-11-26,4F138B3EF0EF,DEBIT,POS,4331.17,Amazon,Shopping
89297439330,David Mehta,1965-09-23,"620 Main St, Mumbai, MH, 400001",PAN7508B,2023-11-26,DE670D218B3B,CREDIT,NEFT,13169.55,Employer / Salary,Salary
91062313268,Amit Sharma,1965-01-23,"88 Park Ave, Mumbai, MH, 400001",PAN3261B,2023-11-26,88D48C420D5A,CREDIT,NEFT,17329.38,Employer / Salary,Salary
14325166398,Priya Smith,1951-05-07,"341 High St, Bangalore, KA, 560001",PAN1416D,2023-11-26,0C9A1975C7E7,DEBIT,POS,4204.14,Amazon,Shopping
80330286380,David Jain,1991-03-23,"848 Main St, Delhi, DL, 110001",PAN5683C,2023-11-26,2C1D73F73BF1,CREDIT,NEFT,16023.85,Employer / Salary,Salary
88372399312,Anjali Brown,1971-11-28,"850 High St, Bangalore, KA, 560001",PAN4990D,2023-11-26,2AD38470AD3D,DEBIT,POS,13247.14,Amazon,Shopping
26899345501,Sarah Verma,1975-06-16,"691 High St, London, UK, EC1A 1BB",PAN5595E,2023-11-26,B36239407D28,DEBIT,POS,334.16,Amazon,Shopping
17292873443,Rohan Sharma,1981-02-25,"153 High St, New York, NY, 10001",PAN6178D,2023-11-26,D1501447E6C1,DEBIT,POS,1171.31,Amazon,Shopping
66072419808,Amit Taylor,1958-06-08,"653 Park Ave, Bangalore, KA, 560001",PAN1176A,2023-11-26,3DA108AD27E6,DEBIT,POS,12047.32,Amazon,Shopping
68536258506,Rahul Kumar,1960-09-25,"917 High St, New York, NY, 10001",PAN5061C,2023-11-26,B3BF45C52BAB,DEBIT,POS,4406.0,Amazon,Shopping
49843457405,Rohan Sharma,1974-04-27,"231 Park Ave, Bangalore, KA, 560001",PAN6734B,2023-11-27,6756A214C1AF,DEBIT,POS,4151.6,Amazon,Shopping
76810697063,Pooja Singh,1993-03-16,"593 MG Road, Mumbai, MH, 400001",PAN1734E,2023-11-27,E4DBD3D829D7,CREDIT,NEFT,10495.19,Employer / Salary,Salary
81472727188,David Kumar,1975-10-26,"646 High St, Delhi, DL, 110001",PAN9295B,2023-11-27,3042DDF748C8,CREDIT,NEFT,29522.88,Employer / Salary,Salary
93831496319,Priya Singh,1994-08-04,"559 Main St, London, UK, EC1A 1BB",PAN6436C,2023-11-27,9FC27015E36A,CREDIT,NEFT,34459.46,Employer / Salary,Salary
19487935036,John Sharma,1981-02-18,"216 Park Ave, Mumbai, MH, 400001",PAN9734A,2023-11-27,4DD7B6C566F5,CREDIT,NEFT,10335.78,Employer / Salary,Salary
56072115380,John Sharma,1964-05-09,"935 Main St, Bangalore, KA, 560001",PAN1745B,2023-11-27,2D765E7FD863,DEBIT,POS,8980.24,Amazon,Shopping
16804367297,Pooja Doe,1998-12-04,"889 High St, New York, NY, 10001",PAN2260E,2023-11-27,6E13DD0856EC,CREDIT,NEFT,6027.1,Employer / Salary,Salary
59506668561,Rohan Johnson,1962-02-26,"342 MG Road, Mumbai, MH, 400001",PAN6422D,2023-11-27,9635C34DC6BE,DEBIT,POS,8579.01,Amazon,Shopping
37120342693,Priya Singh,1978-04-11,"132 MG Road, London, UK, EC1A 1BB",PAN9121D,2023-11-27,F74FE8A4EF28,DEBIT,POS,6692.87,Amazon,Shopping
68892713352,John Singh,1977-08-11,"980 Main St, Mumbai, MH, 400001",PAN7057B,2023-11-27,B4908408C2B0,CREDIT,NEFT,21486.86,Employer / Salary,Salary
80052658840,John Patel,1962-04-09,"119 MG Road, London, UK, EC1A 1BB",PAN1711C,2023-11-27,128202077C35,CREDIT,NEFT,11440.18,Employer / Salary,Salary
76810697063,Pooja Singh,1993-03-16,"593 MG Road, Mumbai, MH, 400001",PAN1734E,2023-11-27,9F5129E14CB6,DEBIT,POS,12701.69,Amazon,Shopping
56072115380,John Sharma,1964-05-09,"935 Main St, Bangalore, KA, 560001",PAN1745B,2023-11-27,F856D61215FD,CREDIT,NEFT,8507.63,Employer / Salary,Salary
74212078458,Vikram Patel,1980-01-20,"752 Main St, London, UK, EC1A 1BB",PAN6821D,2023-11-27,2E76E6D9CFD1,CREDIT,NEFT,2176.28,Employer / Salary,Salary
76410032652,Anjali Kumar,1998-08-07,"548 Main St, Mumbai, MH, 400001",PAN3436D,2023-11-28,48321A8E2F19,DEBIT,POS,9401.84,Amazon,Shopping
30143580171,Neha Gupta,1957-09-13,"759 Main St, Delhi, DL, 110001",PAN6997E,2023-11-28,7BAE250C2A14,DEBIT,POS,13951.31,Amazon,Shopping
75000099430,Pooja Gupta,1961-07-24,"467 MG Road, New York, NY, 10001",PAN2512C,2023-11-28,751134DD3FC8,DEBIT,POS,629.44,Amazon,Shopping
42035385933,Rahul Doe,1971-03-01,"877 MG Road, Bangalore, KA, 560001",PAN4352A,2023-11-28,FB91E7F80383,CREDIT,NEFT,32528.92,Employer / Salary,Salary
42035385933,Rahul Doe,1971-03-01,"877 MG Road, Bangalore, KA, 560001",PAN4352A,2023-11-28,0D8CE5C11932,CREDIT,NEFT,22245.52,Employer / Salary,Salary
78098709516,Pooja Taylor,1956-11-09,"926 Park Ave, Bangalore, KA, 560001",PAN1092A,2023-11-28,CA2E9B8CD72C,CREDIT,NEFT,28791.67,Employer / Salary,Salary
66072419808,Amit Taylor,1958-06-08,"653 Park Ave, Bangalore, KA, 560001",PAN1176A,2023-11-28,2B1EAF3C02A3,CREDIT,NEFT,4954.43,Employer / Salary,Salary
23878170594,Priya Doe,1961-05-15,"822 Main St, New York, NY, 10001",PAN7763E,2023-11-28,B54A855D8A7A,DEBIT,POS,6927.26,Amazon,Shopping
81329539066,David Doe,1967-03-26,"445 Park Ave, Bangalore, KA, 560001",PAN5000A,2023-11-28,7BEBF89C19AB,CREDIT,NEFT,21196.32,Employer / Salary,Salary
30143580171,Neha Gupta,1957-09-13,"759 Main St, Delhi, DL, 110001",PAN6997E,2023-11-28,A723F983FF3A,DEBIT,POS,9573.83,Amazon,Shopping
69173296540,Rahul Patel,1954-07-01,"438 MG Road, Mumbai, MH, 400001",PAN8917C,2023-11-28,80A9E53FC1C9,DEBIT,POS,4131.69,Amazon,Shopping
17906362380,Anjali Singh,1961-02-21,"675 High St, Delhi, DL, 110001",PAN8219D,2023-11-28,66C4A9C1588E,DEBIT,POS,8597.5,Amazon,Shopping
13657793309,Rohan Smith,1992-04-09,"585 MG Road, Mumbai, MH, 400001",PAN7405A,2023-11-28,DDEFBDA08763,DEBIT,POS,9358.23,Amazon,Shopping
88134083024,Priya Smith,1994-06-01,"474 High St, London, UK, EC1A 1BB",PAN3539C,2023-11-28,A4DEB49170E0,CREDIT,NEFT,29454.93,Employer / Salary,Salary
74511864590,Emma Johnson,1950-08-20,"847 High St, Delhi, DL, 110001",PAN3558A,2023-11-28,3D9A0DF290AD,CREDIT,NEFT,10972.08,Employer / Salary,Salary
78606049757,Karan Mehta,1998-02-21,"306 High St, Mumbai, MH, 400001",PAN1332D,2023-11-28,8188D97CDDD0,DEBIT,POS,7159.63,Amazon,Shopping
53686720781,Michael Verma,1957-09-28,"606 Main St, Delhi, DL, 110001",PAN7271E,2023-11-28,B78F0060C29E,DEBIT,POS,8446.58,Amazon,Shopping
81329539066,David Doe,1967-03-26,"445 Park Ave, Bangalore, KA, 560001",PAN5000A,2023-11-28,4F0844560263,CREDIT,NEFT,5617.74,Employer / Salary,Salary
94284184355,Anjali Patel,1997-03-08,"542 High St, Delhi, DL, 110001",PAN7701B,2023-11-28,C59D31AD9AC1,DEBIT,POS,2411.81,Amazon,Shopping
66072419808,Amit Taylor,1958-06-08,"653 Park Ave, Bangalore, KA, 560001",PAN1176A,2023-11-28,0F65936341AC,CREDIT,NEFT,25429.12,Employer / Salary,Salary
56072115380,John Sharma,1964-05-09,"935 Main St, Bangalore, KA, 560001",PAN1745B,2023-11-28,46565AB2AAEF,DEBIT,POS,13659.5,Amazon,Shopping
17906362380,Anjali Singh,1961-02-21,"675 High St, Delhi, DL, 110001",PAN8219D,2023-11-29,3254C584B573,CREDIT,NEFT,10596.38,Employer / Salary,Salary
88134083024,Priya Smith,1994-06-01,"474 High St, London, UK, EC1A 1BB",PAN3539C,2023-11-29,919DFD3F793D,CREDIT,NEFT,28757.95,Employer / Salary,Salary
10915709191,Sneha Sharma,1984-08-25,"151 MG Road, New York, NY, 10001",PAN9120C,2023-11-29,CE5078B8D244,DEBIT,POS,7914.87,Amazon,Shopping
69774016847,Sneha Doe,1978-09-25,"317 Park Ave, Bangalore, KA, 560001",PAN8031B,2023-11-29,6A8A61205B57,DEBIT,POS,10865.49,Amazon,Shopping
15888736841,Rohan Gupta,1985-04-03,"186 MG Road, Delhi, DL, 110001",PAN9057E,2023-11-29,FDE720371247,DEBIT,POS,2209.06,Amazon,Shopping
97733443388,David Brown,1972-10-24,"231 Main St, Mumbai, MH, 400001",PAN2683A,2023-11-29,960BD3E50EB0,CREDIT,NEFT,20347.11,Employer / Salary,Salary
10757283255,Rahul Smith,1998-07-09,"289 MG Road, Delhi, DL, 110001",PAN8763C,2023-11-29,F3BC071C81F9,CREDIT,NEFT,1316.43,Employer / Salary,Salary
88372399312,Anjali Brown,1971-11-28,"850 High St, Bangalore, KA, 560001",PAN4990D,2023-11-29,8EDDA415C2A0,DEBIT,POS,7816.45,Amazon,Shopping
62586375682,Anjali Brown,1973-06-23,"270 MG Road, Delhi, DL, 110001",PAN1838A,2023-11-29,C912DB99323E,CREDIT,NEFT,19024.69,Employer / Salary,Salary
39432607639,Vikram Johnson,1981-03-24,"127 MG Road, Delhi, DL, 110001",PAN8184B,2023-11-29,F657663EB224,DEBIT,POS,8345.08,Amazon,Shopping
62351855940,David Patel,1981-02-12,"283 High St, Delhi, DL, 110001",PAN6354E,2023-11-29,48C3D35A8481,DEBIT,POS,12081.68,Amazon,Shopping
85792174432,Pooja Johnson,1984-10-21,"146 Main St, New York, NY, 10001",PAN4632D,2023-11-29,BA4F6DC2A2A2,DEBIT,POS,2574.21,Amazon,Shopping
66997558634,Anjali Gupta,1991-06-20,"955 MG Road, New York, NY, 10001",PAN1543E,2023-11-29,B6AF88721B59,CREDIT,NEFT,4749.79,Employer / Salary,Salary
17292873443,Rohan Sharma,1981-02-25,"153 High St, New York, NY, 10001",PAN6178D,2023-11-29,4A13A54B7DFA,CREDIT,NEFT,22980.67,Employer / Salary,Salary
91062313268,Amit Sharma,1965-01-23,"88 Park Ave, Mumbai, MH, 400001",PAN3261B,2023-11-29,0279EB91B8C0,DEBIT,POS,8192.04,Amazon,Shopping
68027852646,Rohan Mehta,1963-05-21,"416 Park Ave, Mumbai, MH, 400001",PAN7912D,2023-11-29,022F5BBD9EFB,CREDIT,NEFT,24510.13,Employer / Salary,Salary
87073586854,Vikram Smith,1969-06-24,"229 MG Road, Bangalore, KA, 560001",PAN8845D,2023-11-29,626AF1E4674A,CREDIT,NEFT,13794.37,Employer / Salary,Salary
81329539066,David Doe,1967-03-26,"445 Park Ave, Bangalore, KA, 560001",PAN5000A,2023-11-29,9FB6D9AAA04A,DEBIT,POS,6701.71,Amazon,Shopping
11860997897,Amit Singh,1993-11-16,"118 MG Road, London, UK, EC1A 1BB",PAN1977D,2023-11-30,203CFB328450,DEBIT,POS,5992.29,Amazon,Shopping
54789362237,Vikram Sharma,1994-01-15,"136 MG Road, Mumbai, MH, 400001",PAN5415C,2023-11-30,9A2F09A4CA4D,DEBIT,POS,2532.88,Amazon,Shopping
66997558634,Anjali Gupta,1991-06-20,"955 MG Road, New York, NY, 10001",PAN1543E,2023-11-30,FD939CA89AB1,DEBIT,POS,520.39,Amazon,Shopping
38657767535,David Kumar,1986-10-10,"253 MG Road, Delhi, DL, 110001",PAN2032A,2023-11-30,6DD6E292FFD3,CREDIT,NEFT,13639.84,Employer / Salary,Salary
90572286434,Rahul Jain,1994-01-11,"563 High St, Bangalore, KA, 560001",PAN8506B,2023-11-30,3C532B14A12E,CREDIT,NEFT,34232.15,Employer / Salary,Salary
15888736841,Rohan Gupta,1985-04-03,"186 MG Road, Delhi, DL, 110001",PAN9057E,2023-11-30,183AF9989084,CREDIT,NEFT,6022.32,Employer / Salary,Salary
37664188145,David Smith,1993-10-16,"167 Park Ave, New York, NY, 10001",PAN9192E,2023-11-30,03DF69D3D3C4,CREDIT,NEFT,11479.44,Employer / Salary,Salary
75811844427,David Patel,1984-06-14,"695 Main St, Mumbai, MH, 400001",PAN3516A,2023-11-30,AF37A1714EE8,CREDIT,NEFT,23449.18,Employer / Salary,Salary
54505115023,Neha Singh,1964-07-12,"119 MG Road, Mumbai, MH, 400001",PAN7485B,2023-11-30,5B95359A206E,DEBIT,POS,11330.82,Amazon,Shopping
54789362237,Vikram Sharma,1994-01-15,"136 MG Road, Mumbai, MH, 400001",PAN5415C,2023-11-30,5A405AD0543C,CREDIT,NEFT,29073.95,Employer / Salary,Salary
21858846381,Pooja Taylor,1967-02-13,"903 High St, New York, NY, 10001",PAN9349A,2023-11-30,213EA0D4835F,DEBIT,POS,1134.18,Amazon,Shopping
65530184501,Pooja Doe,1991-11-18,"104 Main St, New York, NY, 10001",PAN5117B,2023-11-30,1D5A1695A70A,DEBIT,POS,14982.69,Amazon,Shopping
35447120237,Neha Doe,1965-07-20,"861 High St, London, UK, EC1A 1BB",PAN7836E,2023-11-30,FBD5477A3F5C,CREDIT,NEFT,19997.37,Employer / Salary,Salary
81329539066,David Doe,1967-03-26,"445 Park Ave, Bangalore, KA, 560001",PAN5000A,2023-11-30,F4ECFEF0377D,CREDIT,NEFT,18162.79,Employer / Salary,Salary
26899345501,Sarah Verma,1975-06-16,"691 High St, London, UK, EC1A 1BB",PAN5595E,2023-11-30,8D436D5219C7,CREDIT,NEFT,5120.96,Employer / Salary,Salary
17292873443,Rohan Sharma,1981-02-25,"153 High St, New York, NY, 10001",PAN6178D,2023-11-30,FC923EE7BA5E,CREDIT,NEFT,16333.43,Employer / Salary,Salary
81329539066,David Doe,1967-03-26,"445 Park Ave, Bangalore, KA, 560001",PAN5000A,2023-11-30,0F3E6B9F491C,CREDIT,NEFT,22649.14,Employer / Salary,Salary
42035385933,Rahul Doe,1971-03-01,"877 MG Road, Bangalore, KA, 560001",PAN4352A,2023-11-30,B7249F304D05,CREDIT,NEFT,31313.29,Employer / Salary,Salary
84547616074,John Mehta,1976-11-20,"149 High St, New York, NY, 10001",PAN1582D,2023-11-30,6A4974289E28,CREDIT,NEFT,29292.49,Employer / Salary,Salary
29917034761,David Kumar,1958-11-03,"386 High St, Delhi, DL, 110001",PAN7751C,2023-11-30,56A9AF5396A3,DEBIT,POS,2905.41,Amazon,Shopping
62351855940,David Patel,1981-02-12,"283 High St, Delhi, DL, 110001",PAN6354E,2023-11-30,8E1CD3DFF00E,DEBIT,POS,5274.14,Amazon,Shopping
73458045960,Karan Gupta,1985-05-24,"996 High St, Mumbai, MH, 400001",PAN4247A,2023-11-30,BDB98DC7075D,CREDIT,NEFT,5227.3,Employer / Salary,Salary
76810697063,Pooja Singh,1993-03-16,"593 MG Road, Mumbai, MH, 400001",PAN1734E,2023-11-30,ABCA26257DD8,CREDIT,NEFT,10440.78,Employer / Salary,Salary
45712503172,Emma Smith,1959-06-28,"846 Park Ave, Mumbai, MH, 400001",PAN8778D,2023-11-30,98DFFAC458E9,DEBIT,POS,6695.59,Amazon,Shopping
42035385933,Rahul Doe,1971-03-01,"877 MG Road, Bangalore, KA, 560001",PAN4352A,2023-11-30,773331FE0BA0,DEBIT,POS,12081.61,Amazon,Shopping
76410032652,Anjali Kumar,1998-08-07,"548 Main St, Mumbai, MH, 400001",PAN3436D,2023-11-30,4B958B084068,CREDIT,NEFT,7919.64,Employer / Salary,Salary
54505115023,Neha Singh,1964-07-12,"119 MG Road, Mumbai, MH, 400001",PAN7485B,2023-11-30,6B5ECF64741F,CREDIT,NEFT,31202.0,Employer / Salary,Salary
56072115380,John Sharma,1964-05-09,"935 Main St, Bangalore, KA, 560001",PAN1745B,2023-11-30,D289A71175CC,CREDIT,NEFT,24766.7,Employer / Salary,Salary
37089997609,Pooja Gupta,1987-12-01,"479 MG Road, Delhi, DL, 110001",PAN3886A,2023-11-30,C035671BA193,DEBIT,POS,4042.89,Amazon,Shopping
38391968766,David Gupta,1959-02-12,"839 High St, New York, NY, 10001",PAN4368E,2023-11-30,9A9DF907D41D,DEBIT,POS,1855.08,Amazon,Shopping
