txn_id,account_no,txn_date,txn_type,mode,amount,balance,counterparty,remarks,branch_id,typology_tag
1D640F1C9085,XNLC7634369386905,01-10-2023,CREDIT,CASH,42571.0,0,SELF,CASH DEPOSIT,BR517,Structuring_Smurf
972F1E6ACAC1,WFZF3886308538798,01-10-2023,CREDIT,NEFT,11882.0,0,Patrick Nagar,GROCERIES,BR971,Normal
C638AF5BFDBD,ETCA7398225924875,01-10-2023,CREDIT,UPI,2016.0,0,"Dara, Issac and Dhar",UTILITY BILL,BR465,Normal
A79228BA5944,FDZQ9758375494107,01-10-2023,DEBIT,IMPS,12546.0,0,Rout Ltd,SALARY,BR312,Normal
52C7642064CF,JCNK6156167251120,01-10-2023,DEBIT,CASH,3948.0,0,Nirja Singh,POS PURCHASE,BR731,Normal
8A8D4585DAAF,HVGG8173469463330,01-10-2023,CREDIT,NEFT,2642.0,0,"Sankaran, Joshi and Nadkarni",POS PURCHASE,BR245,Normal
7E45EED62823,CQPI9322110139651,01-10-2023,CREDIT,IMPS,5526.0,0,Saksham Halder,FUNDS TRF,BR541,Normal
96869A54140F,NBAF1342339347800,01-10-2023,CREDIT,POS,5195.0,0,Jatin Balan,SALARY,BR265,Normal
9213F1951636,NZQZ7748792387234,01-10-2023,DEBIT,UPI,7361.0,0,"Upadhyay, Ahuja and Vasa",FUNDS TRF,BR249,Normal
24FE14D06479,QXAV2453178287047,01-10-2023,CREDIT,POS,5140.0,0,Nitesh Parekh,FUNDS TRF,BR701,Normal
DBEAB7CF2F39,FNWS1362994916482,01-10-2023,CREDIT,NEFT,3183.0,0,Subramaniam-Nadkarni,UTILITY BILL,BR463,Normal
2D8DADE5F4DA,ATHF4903686209389,01-10-2023,DEBIT,POS,4798.0,0,"Narayan, Kata and Shroff",SALARY,BR107,Normal
6AAF62F01BFF,WXIC2671042558708,01-10-2023,CREDIT,UPI,1480.0,0,Max Konda,SALARY,BR728,Normal
C35BEF6425B7,HGZO3925781323725,01-10-2023,DEBIT,POS,8343.0,0,Anirudh Loyal,GROCERIES,BR678,Normal
7238AFB90EE6,BZSW8161969596740,01-10-2023,CREDIT,IMPS,2293.0,0,De LLC,SALARY,BR411,Normal
66B27DC6F902,CNWO9935417777103,01-10-2023,CREDIT,CASH,12300.0,0,Qasim Pathak,GROCERIES,BR432,Normal
058DA89A9C3A,HLCM5557261156796,01-10-2023,DEBIT,POS,7259.0,0,Merchant-Muni,SALARY,BR111,Normal
7EBC4CDD6DA3,ANXY0590301070314,01-10-2023,DEBIT,POS,14683.0,0,Abha Mohan,SALARY,BR370,Normal
3EFECAAE889F,XXZL8517888101944,01-10-2023,DEBIT,UPI,7719.0,0,Memon-Doshi,FUNDS TRF,BR332,Normal
A621689D20D9,JSSN6975346763224,01-10-2023,DEBIT,POS,7128.0,0,Bahadurjit Choudhary,POS PURCHASE,BR696,Normal
0CF2AA1DC13E,MXWF4423024892750,01-10-2023,DEBIT,UPI,14206.0,0,Leela Brahmbhatt,UTILITY BILL,BR821,Normal
11F9B8B71FDB,ZRRL0659155729685,01-10-2023,CREDIT,POS,6681.0,0,"Dugal, Ghosh and Keer",GROCERIES,BR811,Normal
88A53E531F38,YOUZ7200132648373,01-10-2023,CREDIT,POS,10944.0,0,Chameli Dixit,POS PURCHASE,BR640,Normal
674B6A601204,YOYW3733855613370,01-10-2023,DEBIT,UPI,118.0,0,"Mittal, Dugar and Sagar",UTILITY BILL,BR124,Normal
550BCF17164B,LAQQ2234579243629,01-10-2023,DEBIT,UPI,8048.0,0,Raghav Tak,GROCERIES,BR285,Normal
3781FAA1FFAA,ZLXT0874337788631,01-10-2023,CREDIT,CASH,4978.0,0,Rai-Kumer,UTILITY BILL,BR477,Normal
2163200CDF1A,KBCC6191453642023,01-10-2023,CREDIT,NEFT,12293.0,0,"Kaul, Dutt and Sule",POS PURCHASE,BR952,Normal
9F8AF640765B,WRWH2453808682850,01-10-2023,DEBIT,IMPS,13262.0,0,"Comar, Savant and Koshy",FUNDS TRF,BR341,Normal
D0485A04E980,MKKJ8075309194354,01-10-2023,DEBIT,POS,12048.0,0,Yashica Nayak,SALARY,BR993,Normal
6695DA7A31DD,NHPU2137143195504,01-10-2023,DEBIT,IMPS,6559.0,0,Lalla PLC,FUNDS TRF,BR125,Normal
AB93B312E02D,VIOF2036801616014,01-10-2023,CREDIT,POS,8880.0,0,Osha Garde,GROCERIES,BR767,Normal
61E7EE50F2BD,DRIO0720717803591,01-10-2023,DEBIT,IMPS,12070.0,0,Hegde Group,POS PURCHASE,BR445,Normal
FE8798D3EE73,BGQV9131752999863,01-10-2023,DEBIT,IMPS,220.0,0,Pratyush Balakrishnan,SALARY,BR766,Normal
406B76F60EFF,KJJC8221757059847,01-10-2023,DEBIT,NEFT,9701.0,0,Aarini Palan,POS PURCHASE,BR346,Normal
6C3B92BCB728,ILCK1106265627381,01-10-2023,CREDIT,CASH,10846.0,0,Ganga Nayak,GROCERIES,BR690,Normal
87ADBCEDF975,JOVH9960788271084,01-10-2023,DEBIT,CASH,7869.0,0,"Shenoy, Rout and Chauhan",SALARY,BR661,Normal
3192CE6D42E0,JXBO8584872397162,01-10-2023,CREDIT,NEFT,10928.0,0,Farhan Acharya,UTILITY BILL,BR919,Normal
4130E8E748A8,SHSK7155890738140,01-10-2023,DEBIT,UPI,1954.0,0,Bhavani Narang,POS PURCHASE,BR499,Normal
C033FBA742BA,ASJR9033326904088,01-10-2023,CREDIT,POS,13234.0,0,"Choudhury, Rout and Majumdar",FUNDS TRF,BR964,Normal
B9C0F13AE889,XNLC7634369386905,01-10-2023,CREDIT,CASH,47671.0,0,SELF,CASH DEPOSIT,BR920,Structuring_Smurf
543811EFD6EE,QQTY8992748041330,02-10-2023,DEBIT,NEFT,8321.0,0,"Narang, Kata and Chaudhry",POS PURCHASE,BR280,Normal
4FEC4EC5C625,OJVW0546109356870,02-10-2023,CREDIT,CASH,6904.0,0,Prasad LLC,UTILITY BILL,BR280,Normal
9C2FB9BE9874,GMUP7790281763181,02-10-2023,DEBIT,IMPS,11428.0,0,"Sridhar, Lata and Tata",SALARY,BR192,Normal
224367CB1DF1,TQCH1886092496295,02-10-2023,CREDIT,IMPS,7607.0,0,Benjamin Garg,UTILITY BILL,BR181,Normal
617523086D60,XIQQ0393893549710,02-10-2023,CREDIT,UPI,986.0,0,Simon Kade,SALARY,BR131,Normal
8602DD5B54CE,SDPH6894866793039,02-10-2023,CREDIT,NEFT,8837.0,0,Shivani Sahota,GROCERIES,BR983,Normal
BD83CBC122AB,LVXI4351734127434,02-10-2023,CREDIT,POS,4395.0,0,Jason Bumb,FUNDS TRF,BR592,Normal
C07D88777996,OLZZ4380582568903,02-10-2023,DEBIT,UPI,10047.0,0,Neelima Sama,FUNDS TRF,BR127,Normal
3A243DB25881,WFPA9380398045237,02-10-2023,DEBIT,POS,4908.0,0,Chakrika Sachdev,FUNDS TRF,BR201,Normal
B0DC9FF19904,HZRD6539036466142,02-10-2023,DEBIT,IMPS,14869.0,0,"Gulati, Maharaj and Bahri",SALARY,BR273,Normal
00447867763D,RMEV9710267849899,02-10-2023,CREDIT,POS,4375.0,0,"Manda, Kulkarni and Pingle",POS PURCHASE,BR277,Normal
96A692BAC653,PSZT7301317017414,02-10-2023,CREDIT,IMPS,7019.0,0,Jackson Tata,FUNDS TRF,BR526,Normal
72350D75AF45,OQHP5649202172210,02-10-2023,DEBIT,UPI,10649.0,0,Tanvi Wali,POS PURCHASE,BR998,Normal
5A135B8B92F5,CRKV0108344850750,02-10-2023,CREDIT,UPI,3192.0,0,Agastya Bava,POS PURCHASE,BR148,Normal
BB1AC5932DB7,UTLR8452099103904,02-10-2023,DEBIT,POS,5289.0,0,Onkar Kapadia,UTILITY BILL,BR324,Normal
8F79ED650216,NACA4739644324763,02-10-2023,DEBIT,CASH,4991.0,0,Walla-Sandal,GROCERIES,BR629,Normal
CF292F6C055A,QANY6317235872772,02-10-2023,DEBIT,NEFT,7847.0,0,Varkey-Anne,POS PURCHASE,BR623,Normal
C04F80B65C73,QAYW1591342120258,02-10-2023,CREDIT,CASH,7607.0,0,Iyer Group,POS PURCHASE,BR163,Normal
F85023FD82F8,RXYZ0181769588336,02-10-2023,DEBIT,NEFT,717.0,0,Jaggi-Tella,POS PURCHASE,BR689,Normal
633DBBBA3C1F,TXHM7692556206830,02-10-2023,CREDIT,IMPS,9767.0,0,Vedant Apte,SALARY,BR378,Normal
60268D7503B6,ZFHU6491338216233,02-10-2023,CREDIT,NEFT,5849.0,0,Leena Tank,SALARY,BR802,Normal
B285832BE767,QVHI7796559990307,02-10-2023,DEBIT,NEFT,11310.0,0,"Das, Batta and Basak",GROCERIES,BR158,Normal
601F2C411783,AQAD9231232677163,02-10-2023,CREDIT,IMPS,4615.0,0,"Deshpande, Padmanabhan and Bhatia",POS PURCHASE,BR495,Normal
B0F58AE42DEF,ZTZL8831148169374,02-10-2023,CREDIT,UPI,7194.0,0,Nirja Sur,UTILITY BILL,BR200,Normal
61C1621AB518,PXVW6163806132731,02-10-2023,DEBIT,NEFT,4558.0,0,Sidhu Group,FUNDS TRF,BR430,Normal
AB432446AA55,DWQT8031946748496,02-10-2023,DEBIT,IMPS,3728.0,0,Onkar Brahmbhatt,POS PURCHASE,BR652,Normal
8A0164485E65,EXWK7497959901889,02-10-2023,CREDIT,NEFT,7541.0,0,Parmar-Narang,POS PURCHASE,BR503,Normal
1CA1CD7FCA5A,KIMI9439738028874,02-10-2023,CREDIT,UPI,13357.0,0,Kibe-Chokshi,POS PURCHASE,BR482,Normal
DC4075C45612,EEGZ6610615818909,02-10-2023,CREDIT,CASH,13933.0,0,Tanvi Ramaswamy,UTILITY BILL,BR954,Normal
44680E2E4655,BJLM8387954735472,02-10-2023,DEBIT,POS,5844.0,0,"Patil, Desai and Krishna",POS PURCHASE,BR977,Normal
890796110C63,IZCQ9074991348807,02-10-2023,CREDIT,POS,5592.0,0,Elijah Dhaliwal,SALARY,BR716,Normal
146980B96545,SOBN6595389046779,02-10-2023,CREDIT,UPI,3577.0,0,Vincent Reddy,POS PURCHASE,BR765,Normal
807DA707270E,ASOT4502930592808,02-10-2023,DEBIT,NEFT,6859.0,0,Radhakrishnan-Palla,POS PURCHASE,BR229,Normal
10C2890774CB,DGEF8152748333017,02-10-2023,DEBIT,UPI,2583.0,0,Korpal-Andra,UTILITY BILL,BR186,Normal
738A1933B9AA,UMJL2346639560216,02-10-2023,DEBIT,IMPS,5198.0,0,Aadhya Wagle,UTILITY BILL,BR613,Normal
EBDE50EB69F9,ODJV8416635420586,02-10-2023,DEBIT,NEFT,496.0,0,Ishita Ramesh,FUNDS TRF,BR702,Normal
2030FE3392D9,PSXL7397356749315,02-10-2023,CREDIT,IMPS,12303.0,0,Bimala Nadkarni,SALARY,BR386,Normal
B9F4E39004E6,YMWC0415591026565,02-10-2023,CREDIT,POS,12287.0,0,Jagdish Warrior,POS PURCHASE,BR746,Normal
151650C5E60A,DNFQ4792945808899,02-10-2023,CREDIT,CASH,2475.0,0,Abdul Mishra,POS PURCHASE,BR943,Normal
1D872257A3C5,SGJE0149599635386,02-10-2023,CREDIT,UPI,1364.0,0,Ramaswamy Ltd,UTILITY BILL,BR367,Normal
D6BB0A7AB8A9,DLFF5074468731844,02-10-2023,DEBIT,IMPS,7043.0,0,Hemangini Babu,GROCERIES,BR644,Normal
9533ED238EB5,XYJF5851272968058,02-10-2023,CREDIT,CASH,8419.0,0,Vansha Pant,SALARY,BR346,Normal
334F06F8411A,EURK8109124496291,02-10-2023,DEBIT,CASH,8132.0,0,Laksh Varma,UTILITY BILL,BR181,Normal
EE3AEB847842,GYWE6610029770493,02-10-2023,DEBIT,POS,6336.0,0,"Guha, Deshpande and Dugar",SALARY,BR342,Normal
C167DE0E3378,HZZF3511880220034,02-10-2023,CREDIT,NEFT,9754.0,0,Wishi Dara,GROCERIES,BR285,Normal
32A5B2C5712D,BNYE2093611270556,02-10-2023,CREDIT,IMPS,10639.0,0,Harsh Sunder,GROCERIES,BR371,Normal
6A38DE202CDB,JKKT5605424313071,02-10-2023,DEBIT,UPI,9921.0,0,Urishilla Varughese,POS PURCHASE,BR397,Normal
90A3741B78A2,XNLC7634369386905,02-10-2023,CREDIT,CASH,45964.0,0,SELF,CASH DEPOSIT,BR398,Structuring_Smurf
AB8B7DAB406F,BAWS9289945217864,02-10-2023,DEBIT,NEFT,7153.0,0,Vihaan Narang,GROCERIES,BR660,Normal
55B4E219B64A,IEWM4116859985210,02-10-2023,DEBIT,IMPS,7988.0,0,Suhani Bhagat,SALARY,BR845,Normal
1C468779BC4A,LNML0935471191197,02-10-2023,CREDIT,UPI,9514.0,0,Saxena-Aurora,FUNDS TRF,BR228,Normal
1439688A8394,JCBZ1426567238516,02-10-2023,CREDIT,NEFT,2441.0,0,Vritti Sur,FUNDS TRF,BR266,Normal
8FAD5749A4E8,ENIM4234022340811,02-10-2023,DEBIT,IMPS,9347.0,0,Varughese LLC,FUNDS TRF,BR452,Normal
6F1E873F8EFA,JNYO6602671027924,02-10-2023,DEBIT,IMPS,6961.0,0,Sanya Tata,SALARY,BR153,Normal
7FFCB91F4BC9,GKFV7284529866084,03-10-2023,DEBIT,UPI,10844.0,0,Sengupta PLC,GROCERIES,BR471,Normal
294A708FB58F,ZXTV6611716591395,03-10-2023,DEBIT,POS,11081.0,0,"Munshi, Padmanabhan and Bansal",UTILITY BILL,BR524,Normal
BDC1C4807981,PAJW4777685153910,03-10-2023,CREDIT,UPI,10009.0,0,Nirja Karnik,UTILITY BILL,BR427,Normal
0F16CD4C7B65,BASH7294960644410,03-10-2023,DEBIT,UPI,7106.0,0,Vansha Bhalla,POS PURCHASE,BR134,Normal
5115B8B783CF,IRHJ0666742060576,03-10-2023,CREDIT,POS,4614.0,0,Yadavi Chhabra,SALARY,BR346,Normal
207704648E7F,BQKY0360110997681,03-10-2023,DEBIT,UPI,11335.0,0,Mangal-Minhas,POS PURCHASE,BR366,Normal
8755E5926D82,SBNX6523865198901,03-10-2023,DEBIT,IMPS,3691.0,0,Chaaya Radhakrishnan,POS PURCHASE,BR311,Normal
779A5D64D5BD,XNLC7634369386905,03-10-2023,CREDIT,CASH,46013.0,0,SELF,CASH DEPOSIT,BR225,Structuring_Smurf
1207801C9E8F,EMCA5969448228433,03-10-2023,DEBIT,NEFT,529.0,0,Ishani Goswami,POS PURCHASE,BR816,Normal
896A75B83ABC,MANO0527171569358,03-10-2023,CREDIT,CASH,9254.0,0,Patla-Parekh,GROCERIES,BR758,Normal
85A782F93B0B,FZTR4598640833444,03-10-2023,CREDIT,IMPS,2902.0,0,Ayaan Butala,FUNDS TRF,BR598,Normal
48073051C97A,YLJK5256389411938,03-10-2023,CREDIT,POS,12012.0,0,Hiral Solanki,POS PURCHASE,BR517,Normal
711227AB2055,KLDW4659062654696,03-10-2023,CREDIT,IMPS,5882.0,0,Mahal Inc,SALARY,BR566,Normal
26B6EE131DAD,RMYH8023941217728,03-10-2023,CREDIT,NEFT,8663.0,0,Dhaliwal-Kara,GROCERIES,BR420,Normal
C4232F67359A,ISUY3567510965789,03-10-2023,CREDIT,IMPS,13482.0,0,Dora Group,SALARY,BR111,Normal
08098BD8BEAE,RUVK4312224363040,03-10-2023,CREDIT,NEFT,898.0,0,Falak Dutta,GROCERIES,BR218,Normal
23D1A4CE281C,YCZI4674467517661,03-10-2023,DEBIT,UPI,146.0,0,Apte Group,UTILITY BILL,BR198,Normal
7D71F21B05DB,LXWV1007600082892,03-10-2023,CREDIT,POS,7361.0,0,Majumdar Inc,SALARY,BR668,Normal
3C31F80DE347,KMUP8068686714068,03-10-2023,CREDIT,UPI,1651.0,0,Bandi-Sodhi,GROCERIES,BR492,Normal
E7C4113721B6,PDGS3626198283294,03-10-2023,DEBIT,UPI,14826.0,0,Dev Lall,SALARY,BR362,Normal
7B22AF0A4DB9,XURY9149346197982,03-10-2023,CREDIT,UPI,13290.0,0,Sarraf PLC,SALARY,BR478,Normal
A34ACE0161C4,DTAZ0747759565114,03-10-2023,CREDIT,NEFT,6479.0,0,Zachariah Ltd,UTILITY BILL,BR726,Normal
36B82644AADA,ERSO0856399915630,03-10-2023,DEBIT,CASH,1935.0,0,Gayathri Gulati,POS PURCHASE,BR717,Normal
1A58381B1014,HQFE1063989826813,03-10-2023,DEBIT,CASH,12523.0,0,Yashica Kara,UTILITY BILL,BR574,Normal
9337E4D71AA1,XEFC0089153512834,03-10-2023,CREDIT,POS,4282.0,0,Vora Inc,GROCERIES,BR694,Normal
A846551E4C38,QNAG1254255932212,03-10-2023,CREDIT,UPI,9360.0,0,Qadim Mall,POS PURCHASE,BR235,Normal
F389EEDD1022,RMRD7239061798544,03-10-2023,DEBIT,IMPS,3835.0,0,Vaishnavi Wali,FUNDS TRF,BR487,Normal
625175DBD79E,IBCS8511229247401,03-10-2023,DEBIT,IMPS,14989.0,0,Raja-Mani,POS PURCHASE,BR412,Normal
E24DEB034FD6,ECMQ1065261231751,03-10-2023,CREDIT,IMPS,12578.0,0,"Kothari, Nayar and Keer",FUNDS TRF,BR413,Normal
AC6F32BF9DE1,OHEN5727685463908,03-10-2023,CREDIT,CASH,4269.0,0,"Garde, Sehgal and Badami",FUNDS TRF,BR867,Normal
C14800D1BB2F,OWSG4273962881988,03-10-2023,DEBIT,CASH,13986.0,0,Harrison Ratta,POS PURCHASE,BR991,Normal
11783FADC55D,URUF3988571995259,03-10-2023,CREDIT,POS,7674.0,0,Nayar LLC,SALARY,BR308,Normal
185D21F2CF6F,OAJI8748693802090,03-10-2023,DEBIT,NEFT,967.0,0,Odika Karpe,SALARY,BR486,Normal
251AC92761A3,XNLC7634369386905,03-10-2023,CREDIT,CASH,48390.0,0,SELF,CASH DEPOSIT,BR301,Structuring_Smurf
0F13F444FDBD,FXCK8815569636561,03-10-2023,DEBIT,NEFT,12033.0,0,Oeshi Gupta,POS PURCHASE,BR404,Normal
394F3A7751CC,BQNA1088460645697,03-10-2023,DEBIT,UPI,9729.0,0,"Ratti, Vaidya and Sachdev",POS PURCHASE,BR807,Normal
8A3D6DD43C05,XNLC7634369386905,03-10-2023,CREDIT,CASH,44788.0,0,SELF,CASH DEPOSIT,BR151,Structuring_Smurf
C870F51F11FF,XNLC7634369386905,03-10-2023,CREDIT,CASH,42879.0,0,SELF,CASH DEPOSIT,BR510,Structuring_Smurf
48B2DD9CEB51,OXAY5614243735450,03-10-2023,DEBIT,NEFT,7886.0,0,Warda Vaidya,GROCERIES,BR284,Normal
86055780E563,ZIXD9084217581216,03-10-2023,CREDIT,POS,8014.0,0,Upkaar Balay,SALARY,BR547,Normal
D2FA7D2CDB01,RBVW3617320215700,03-10-2023,CREDIT,CASH,6205.0,0,Nandini Narasimhan,SALARY,BR211,Normal
DF08C7B43688,QNOY0969068496715,03-10-2023,CREDIT,IMPS,14594.0,0,Sagar and Sons,UTILITY BILL,BR509,Normal
AC96630FBBDC,HTNF2865527792335,03-10-2023,DEBIT,CASH,4100.0,0,Gour-Thakur,FUNDS TRF,BR604,Normal
8C590A474275,PNKD6084331233446,03-10-2023,DEBIT,IMPS,7250.0,0,Indali Prakash,GROCERIES,BR106,Normal
022C0AE69FE2,BGDX3898656742958,03-10-2023,CREDIT,CASH,9295.0,0,Ira Kara,UTILITY BILL,BR816,Normal
B3F3BE52862F,HQOQ0034159178082,03-10-2023,DEBIT,UPI,13320.0,0,Upasna Kale,FUNDS TRF,BR318,Normal
5F39243F0453,WPEF5434585173138,03-10-2023,CREDIT,POS,216.0,0,Bhavya Varty,UTILITY BILL,BR958,Normal
F9E615E25CBB,RGNN5161097776881,03-10-2023,DEBIT,UPI,9676.0,0,"Narang, Radhakrishnan and Master",GROCERIES,BR487,Normal
8FCC27B63370,PYBQ5628686944340,03-10-2023,DEBIT,IMPS,1987.0,0,"Madan, Kapadia and Kant",POS PURCHASE,BR626,Normal
2BB7E18347F5,SAIR5134077982694,03-10-2023,CREDIT,IMPS,11885.0,0,Neel Bhardwaj,GROCERIES,BR360,Normal
8BFA349140AE,GWKE8543752680068,04-10-2023,DEBIT,CASH,5232.0,0,Timothy Shah,GROCERIES,BR873,Normal
9E2A6A7E75AD,KTTL0261962896395,04-10-2023,DEBIT,UPI,12884.0,0,"Kakar, Saha and Subramanian",UTILITY BILL,BR504,Normal
4F30319724F8,RIUM4547034048186,04-10-2023,CREDIT,IMPS,13767.0,0,Xavier Anne,SALARY,BR258,Normal
55290EF719D1,LSIW9100726978472,04-10-2023,CREDIT,POS,2507.0,0,Ekansh Shetty,FUNDS TRF,BR651,Normal
8D96D8508FE4,LGYI5145121096440,04-10-2023,DEBIT,NEFT,8990.0,0,Khalsa-Kadakia,UTILITY BILL,BR528,Normal
ABD66326F957,IRCD6666625718896,04-10-2023,CREDIT,NEFT,8396.0,0,Zilmil Bhatt,GROCERIES,BR759,Normal
19F8299A13BE,ZGWN9531643372831,04-10-2023,DEBIT,CASH,13668.0,0,Chaudhry Ltd,SALARY,BR621,Normal
71ED3E2001EC,YJMW9682399030412,04-10-2023,CREDIT,NEFT,3226.0,0,Rachita Oommen,SALARY,BR723,Normal
23B69286AFA5,YAIQ7063466140601,04-10-2023,DEBIT,NEFT,3364.0,0,"Master, Sarin and Pal",FUNDS TRF,BR679,Normal
FD4B304A8EE9,EWQB4975108381219,04-10-2023,DEBIT,POS,2281.0,0,Vasa-Venkataraman,FUNDS TRF,BR532,Normal
E6BB0393B7B6,WQFP5604237455298,04-10-2023,DEBIT,NEFT,13791.0,0,Eta Chacko,POS PURCHASE,BR180,Normal
911AF13DEA3F,XNLC7634369386905,04-10-2023,CREDIT,CASH,41058.0,0,SELF,CASH DEPOSIT,BR911,Structuring_Smurf
079BFF1355D2,KHDF4483096132348,04-10-2023,CREDIT,NEFT,4435.0,0,Pandya Group,SALARY,BR814,Normal
F9EF1B503435,GTGX8974300426880,04-10-2023,CREDIT,POS,8558.0,0,Vihaan Lata,UTILITY BILL,BR382,Normal
F0A6C920AE2E,VUHC7390930706191,04-10-2023,CREDIT,CASH,2179.0,0,Jha-Patil,POS PURCHASE,BR189,Normal
32167F867A74,CKLZ8283178967954,04-10-2023,CREDIT,POS,9038.0,0,Tandon-Ganesan,POS PURCHASE,BR710,Normal
0455F0BAEB76,EAHE3430850409829,04-10-2023,CREDIT,IMPS,4759.0,0,Pathak PLC,FUNDS TRF,BR199,Normal
3D884B687844,TNCK5890892226424,04-10-2023,DEBIT,UPI,9600.0,0,"Chaudhary, Bora and Basu",POS PURCHASE,BR701,Normal
3C53399F3D03,VHRU3965715517880,04-10-2023,DEBIT,CASH,14149.0,0,Widisha Chandran,UTILITY BILL,BR321,Normal
5C1797331524,JGNY1431330581313,04-10-2023,DEBIT,IMPS,13885.0,0,Chakradhar Pant,FUNDS TRF,BR425,Normal
EAE1DDDE2E49,YZYH0370407821980,04-10-2023,CREDIT,IMPS,10108.0,0,Jhalak Basu,UTILITY BILL,BR164,Normal
9D05C89BB221,PLOZ9375182776897,04-10-2023,DEBIT,POS,13952.0,0,Om Sama,POS PURCHASE,BR640,Normal
98FB4ECE328A,RPEG3689117202177,04-10-2023,DEBIT,IMPS,14193.0,0,Qadim Om,FUNDS TRF,BR579,Normal
299EE3B5FEDF,OEDZ6461250055708,04-10-2023,DEBIT,UPI,1987.0,0,Chatterjee Inc,FUNDS TRF,BR952,Normal
8F55593E66D7,VVSV4633731004467,04-10-2023,CREDIT,NEFT,806.0,0,Parekh-Iyengar,GROCERIES,BR475,Normal
2F8DCAD8945D,DXTW4034587284065,04-10-2023,CREDIT,IMPS,11077.0,0,Gopal Bali,SALARY,BR214,Normal
91E5C02ECA25,XWNZ3668203364350,04-10-2023,CREDIT,IMPS,6289.0,0,"Bhakta, Chada and Devan",GROCERIES,BR651,Normal
FE34D87889B4,VAVI4453377232591,04-10-2023,DEBIT,POS,8788.0,0,Keya Narayan,POS PURCHASE,BR669,Normal
36A5E00AFBC2,NMOU9003437955308,04-10-2023,DEBIT,POS,12076.0,0,Ramachandran-Gala,UTILITY BILL,BR621,Normal
260F8546FAF8,QPBL8787025213439,04-10-2023,DEBIT,CASH,6884.0,0,Arora and Sons,POS PURCHASE,BR384,Normal
D705FDA72CFE,ZLQC8823400890618,04-10-2023,CREDIT,UPI,11280.0,0,Ayush Narasimhan,SALARY,BR207,Normal
CAEAE373F694,KVLF5643617026977,04-10-2023,DEBIT,UPI,11777.0,0,Ridhi Chaudhry,FUNDS TRF,BR244,Normal
16B347824807,GQRU0307062722983,04-10-2023,CREDIT,POS,4039.0,0,Yutika Mistry,UTILITY BILL,BR437,Normal
8D9A06863945,ICZS2236150691329,04-10-2023,DEBIT,POS,6847.0,0,"Sandal, Divan and Saxena",FUNDS TRF,BR328,Normal
72D371310CC1,AOSF3449975666584,04-10-2023,CREDIT,UPI,3786.0,0,Farhan Varty,FUNDS TRF,BR692,Normal
2CA91E1B3CD9,BIGN2339155711904,04-10-2023,DEBIT,POS,4684.0,0,"Mall, Bajaj and Badal",SALARY,BR298,Normal
D39234221267,AQZR5235736862416,04-10-2023,CREDIT,IMPS,7791.0,0,Ryan Rege,UTILITY BILL,BR617,Normal
B0EC169763BE,HVPY8147174253644,04-10-2023,CREDIT,NEFT,14484.0,0,"Prakash, Vyas and Sibal",GROCERIES,BR536,Normal
CE331D2F8AEF,COQT2676647971152,04-10-2023,DEBIT,IMPS,11730.0,0,Lajita Basu,FUNDS TRF,BR295,Normal
90DB9DF10B0D,GHUS8058511930613,04-10-2023,DEBIT,POS,8088.0,0,Zayyan Bala,POS PURCHASE,BR616,Normal
48441F29DF9A,XNLC7634369386905,04-10-2023,CREDIT,CASH,47851.0,0,SELF,CASH DEPOSIT,BR766,Structuring_Smurf
41C243E7C543,LAGN7327078459223,04-10-2023,CREDIT,UPI,671.0,0,"Soni, Gulati and Lad",UTILITY BILL,BR470,Normal
E39C8E23A430,JAMX1591005044007,04-10-2023,CREDIT,IMPS,10725.0,0,Arya Dixit,GROCERIES,BR346,Normal
BEF8B017E6E9,XNLC7634369386905,04-10-2023,CREDIT,CASH,46645.0,0,SELF,CASH DEPOSIT,BR538,Structuring_Smurf
4E5653B0058E,INZV8597405869395,04-10-2023,CREDIT,NEFT,11838.0,0,David Balakrishnan,FUNDS TRF,BR813,Normal
224B97CF9DDA,MSXK7232060331026,04-10-2023,DEBIT,NEFT,14094.0,0,"Deo, Saxena and Viswanathan",UTILITY BILL,BR517,Normal
4D76B3F826F0,GRSQ2600761871561,04-10-2023,DEBIT,CASH,1915.0,0,Khanna Inc,FUNDS TRF,BR827,Normal
80663812E594,VTGM8883986995738,04-10-2023,DEBIT,IMPS,7996.0,0,Gera PLC,GROCERIES,BR596,Normal
31C0792770BB,XUJH8787903048171,04-10-2023,DEBIT,NEFT,6109.0,0,Eshana Sachdev,FUNDS TRF,BR197,Normal
65BC54D7870D,UZJF3488726465554,04-10-2023,DEBIT,NEFT,182.0,0,"Sarraf, Dubey and Choudhury",POS PURCHASE,BR288,Normal
048AAF64330F,XNLC7634369386905,04-10-2023,CREDIT,CASH,45039.0,0,SELF,CASH DEPOSIT,BR543,Structuring_Smurf
E4916FC6B5CF,KINU3320480626056,04-10-2023,CREDIT,UPI,14642.0,0,Xavier Lanka,UTILITY BILL,BR468,Normal
215DF0382A38,SOOI3989620243512,05-10-2023,DEBIT,POS,8325.0,0,Rayaan Shetty,SALARY,BR294,Normal
77520F049530,UVTB2179012658710,05-10-2023,DEBIT,UPI,6435.0,0,Ahluwalia Inc,SALARY,BR387,Normal
DA5C7B239B9B,EICO1107160008456,05-10-2023,DEBIT,POS,4050.0,0,Pranit Shere,FUNDS TRF,BR373,Normal
3B74090147FB,GKRN9775341710438,05-10-2023,CREDIT,NEFT,12412.0,0,Warrior LLC,UTILITY BILL,BR377,Normal
55E5D479B8E2,KTSD9098259573010,05-10-2023,CREDIT,POS,12196.0,0,Vala PLC,UTILITY BILL,BR373,Normal
54BE1631636C,VSOE8237420359697,05-10-2023,DEBIT,POS,3357.0,0,"Nadig, Ramakrishnan and Rege",POS PURCHASE,BR700,Normal
021167789587,XUZG0026512967038,05-10-2023,CREDIT,POS,2575.0,0,Mistry-Madan,FUNDS TRF,BR806,Normal
F536EE0E43CF,QBVR5675013959540,05-10-2023,CREDIT,UPI,11182.0,0,Anita Rout,SALARY,BR341,Normal
7A249927236A,WOHY7656107675018,05-10-2023,DEBIT,POS,8007.0,0,Pranit Dugar,POS PURCHASE,BR233,Normal
F809DAF35A67,WEYR4194445325887,05-10-2023,CREDIT,IMPS,11505.0,0,"Contractor, Char and Agrawal",FUNDS TRF,BR749,Normal
CC570F887E8F,LQJF0546391493858,05-10-2023,CREDIT,NEFT,12462.0,0,Khosla PLC,SALARY,BR855,Normal
965B16F424E9,ZBWE9160447666415,05-10-2023,DEBIT,NEFT,3792.0,0,Parsa-Nagar,POS PURCHASE,BR361,Normal
B27347A4D069,GSKB4066996610891,05-10-2023,CREDIT,UPI,7557.0,0,Hora-Chakraborty,GROCERIES,BR549,Normal
034E45E48804,QOHM6834127190937,05-10-2023,DEBIT,NEFT,9519.0,0,"Murty, Saraf and Nair",GROCERIES,BR280,Normal
8F19BE1B13F9,GHTH7342585617436,05-10-2023,CREDIT,POS,3922.0,0,Omisha Bal,GROCERIES,BR726,Normal
6622E709EA4B,HHXK8704903948495,05-10-2023,CREDIT,POS,1625.0,0,Tara and Sons,SALARY,BR337,Normal
8BEDF7E3F235,HSBE6710236622823,05-10-2023,DEBIT,UPI,8380.0,0,Yadav and Sons,UTILITY BILL,BR819,Normal
BDC75772315C,AMDZ9921594423790,05-10-2023,CREDIT,CASH,12295.0,0,Luke Dass,POS PURCHASE,BR724,Normal
FDB2E01F098D,MSDW8551717756392,05-10-2023,DEBIT,UPI,14169.0,0,"Chaudhuri, Kashyap and Shere",POS PURCHASE,BR438,Normal
BB4C3F8A0170,AIWN0733429595866,05-10-2023,DEBIT,NEFT,666666.6666666666,0,KALR9797982476671,TRF TO KALR9797982476671,BR001,Layering_Source
A7BD57042EFB,NBAB9373007892684,05-10-2023,DEBIT,UPI,1426.0,0,Lad-Mammen,GROCERIES,BR796,Normal
2EF6B2CCC2DF,KALR9797982476671,05-10-2023,CREDIT,NEFT,666666.6666666666,0,AIWN0733429595866,TRF FROM AIWN0733429595866,BR999,Layering_Mule_In
3BB40F6E3C52,ZFJT0765430981367,05-10-2023,CREDIT,POS,257.0,0,"Bhatia, Oza and Singhal",GROCERIES,BR743,Normal
A98ADCB89285,SLYQ6779476941666,05-10-2023,DEBIT,CASH,9443.0,0,"Palla, Divan and Behl",UTILITY BILL,BR882,Normal
3B20DADBB167,HFHQ4787472653868,05-10-2023,DEBIT,NEFT,4530.0,0,Pandit-Gupta,UTILITY BILL,BR304,Normal
51F08F3C5168,WXMN3101337779693,05-10-2023,CREDIT,CASH,2163.0,0,Oeshi Vala,FUNDS TRF,BR531,Normal
190A0AF3D1B6,LCWU9946016258785,05-10-2023,CREDIT,UPI,13189.0,0,Jeet Balay,POS PURCHASE,BR691,Normal
69F8A6204E5C,CFVQ2140329068870,05-10-2023,DEBIT,NEFT,10430.0,0,Maya Sur,POS PURCHASE,BR567,Normal
A25885336CCF,YHKW8663783892170,05-10-2023,CREDIT,POS,762.0,0,Butala-Gade,FUNDS TRF,BR519,Normal
09D290E58880,CGTQ2029233766764,05-10-2023,DEBIT,CASH,1618.0,0,Upasna Rajagopalan,FUNDS TRF,BR389,Normal
8746EBE5570C,KGUU5533573912515,05-10-2023,CREDIT,POS,3355.0,0,Faqid Dube,GROCERIES,BR182,Normal
F6AD048D04EA,WHDF2496056176137,05-10-2023,DEBIT,NEFT,14037.0,0,Garg-Mall,POS PURCHASE,BR507,Normal
13A0CADB71F7,AIWN0733429595866,05-10-2023,DEBIT,NEFT,666666.6666666666,0,OYOH2592605726496,TRF TO OYOH2592605726496,BR001,Layering_Source
CF0728A7C5A8,XVUC3549484093770,05-10-2023,DEBIT,IMPS,7108.0,0,Verma-Chhabra,UTILITY BILL,BR203,Normal
675BD5B745C7,OYOH2592605726496,05-10-2023,CREDIT,NEFT,666666.6666666666,0,AIWN0733429595866,TRF FROM AIWN0733429595866,BR999,Layering_Mule_In
D43CBFBA72FB,MJZJ7222822285960,05-10-2023,DEBIT,UPI,8544.0,0,Oza-De,FUNDS TRF,BR405,Normal
75B0E402EB46,FDME5933109652234,05-10-2023,CREDIT,NEFT,14899.0,0,Kohli and Sons,FUNDS TRF,BR814,Normal
47B39103122B,QJVN7993533174612,05-10-2023,CREDIT,NEFT,666666.6666666666,0,AIWN0733429595866,TRF FROM AIWN0733429595866,BR999,Layering_Mule_In
EFFF1DFA3149,XIQC7984414801049,05-10-2023,CREDIT,NEFT,13296.0,0,Michael Grover,FUNDS TRF,BR365,Normal
6C5A60152653,XXGE6660593275315,05-10-2023,CREDIT,NEFT,13166.0,0,"Mistry, Rastogi and Bhagat",POS PURCHASE,BR767,Normal
B0068AC8E9E6,RQED2363303248451,05-10-2023,CREDIT,IMPS,8005.0,0,Aurora PLC,UTILITY BILL,BR214,Normal
C005A7AFE15F,YNRE9495869092983,05-10-2023,CREDIT,NEFT,424.0,0,Vihaan Desai,FUNDS TRF,BR413,Normal
847F3BAA39D8,UWXB1474081924946,05-10-2023,DEBIT,CASH,13247.0,0,"Deshpande, Dani and Vora",FUNDS TRF,BR751,Normal
EC5DEA2E7DE1,QBCU1100457370696,05-10-2023,CREDIT,UPI,6083.0,0,Jain PLC,FUNDS TRF,BR923,Normal
E8FB774697AF,BPLI5779715855324,05-10-2023,CREDIT,POS,3661.0,0,Abhiram Bedi,UTILITY BILL,BR662,Normal
521B65385915,TZHO7812598072505,05-10-2023,DEBIT,POS,14524.0,0,Venkataraman Inc,UTILITY BILL,BR940,Normal
1DF2E8C13C91,GVXP7659087800792,05-10-2023,CREDIT,POS,5574.0,0,Nagar Inc,POS PURCHASE,BR766,Normal
38C78FF75355,TCFS4141981519325,05-10-2023,CREDIT,IMPS,9040.0,0,Gopal LLC,FUNDS TRF,BR587,Normal
0797F14AB345,NPBJ2795240672999,05-10-2023,CREDIT,POS,13973.0,0,Yamini Sharaf,FUNDS TRF,BR977,Normal
A24D2CC60513,XNLC7634369386905,05-10-2023,CREDIT,CASH,40359.0,0,SELF,CASH DEPOSIT,BR800,Structuring_Smurf
331F796CCC84,AIWN0733429595866,05-10-2023,DEBIT,NEFT,666666.6666666666,0,QJVN7993533174612,TRF TO QJVN7993533174612,BR001,Layering_Source
97D9B6DE6ACC,DBZT7848690459936,05-10-2023,DEBIT,POS,10540.0,0,Deepa Morar,POS PURCHASE,BR529,Normal
C5598731C6A3,CMLT8456142076298,06-10-2023,DEBIT,IMPS,11671.0,0,"Ramanathan, Chaudhry and Solanki",GROCERIES,BR869,Normal
3DFCBCC05C65,CWES0907823924817,06-10-2023,CREDIT,NEFT,5295.0,0,Upkaar Murthy,GROCERIES,BR984,Normal
4D94C1DBB320,WPPC0577223818273,06-10-2023,DEBIT,POS,6963.0,0,Daniel Upadhyay,SALARY,BR855,Normal
19E76798992F,MYPA2614359131587,06-10-2023,DEBIT,UPI,260.0,0,Joshua Tripathi,FUNDS TRF,BR585,Normal
BF880DFD1C00,LDQU3489552979456,06-10-2023,DEBIT,UPI,350.0,0,Yashvi Patel,SALARY,BR864,Normal
12B071AD900B,RCJN3471302877930,06-10-2023,DEBIT,UPI,11486.0,0,Omya Kaur,UTILITY BILL,BR656,Normal
2646D1CF6400,YESV7412302614567,06-10-2023,CREDIT,NEFT,3121.0,0,Kashyap LLC,FUNDS TRF,BR527,Normal
3FB5B87F25BE,ZIVX6311447756931,06-10-2023,DEBIT,UPI,7085.0,0,Wridesh Ramaswamy,FUNDS TRF,BR286,Normal
A12D74BC9007,LLPR1723760970329,06-10-2023,DEBIT,UPI,3002.0,0,Reddy-Sarkar,POS PURCHASE,BR337,Normal
97621CE3E460,NOPD3655005275923,06-10-2023,DEBIT,NEFT,8039.0,0,Rachita Mammen,GROCERIES,BR104,Normal
55CE9F8612D5,JHAW9975002312247,06-10-2023,CREDIT,POS,5586.0,0,Vincent Kapur,GROCERIES,BR265,Normal
84168D847479,UXND2826818292227,06-10-2023,CREDIT,POS,2081.0,0,"Banerjee, Kota and Thakur",GROCERIES,BR985,Normal
FB91D47D7E72,JEAI8315592061217,06-10-2023,CREDIT,UPI,10742.0,0,Omkaar Ramaswamy,UTILITY BILL,BR999,Normal
7FA3EA35F1F7,IFUF5305968911841,06-10-2023,DEBIT,UPI,1630.0,0,Mitali Patil,UTILITY BILL,BR907,Normal
4839A79858DB,YFKG7042533830724,06-10-2023,CREDIT,IMPS,8198.0,0,Januja Sama,SALARY,BR436,Normal
0193586B324C,AFPY8802307408964,06-10-2023,DEBIT,NEFT,9318.0,0,Laksh Kala,SALARY,BR846,Normal
A40B5D2E73D3,RRBJ0509188353897,06-10-2023,DEBIT,NEFT,6829.0,0,Ganga Lata,UTILITY BILL,BR220,Normal
97D786D08118,KJYL0490363591373,06-10-2023,DEBIT,POS,1638.0,0,Ganguly Group,UTILITY BILL,BR234,Normal
B3B99657F6CF,KUJC8626604470011,06-10-2023,DEBIT,IMPS,10587.0,0,Ansh Verma,POS PURCHASE,BR138,Normal
B32F012B0996,QUHO3756821562976,06-10-2023,CREDIT,IMPS,4167.0,0,Gaurangi Edwin,POS PURCHASE,BR556,Normal
E54216209583,TDLF1422387413192,06-10-2023,CREDIT,POS,10528.0,0,Ubika Pillai,GROCERIES,BR868,Normal
D67BDDDA9540,KOSY0539247271617,06-10-2023,CREDIT,UPI,13825.0,0,"Sarkar, Bedi and Sagar",SALARY,BR967,Normal
49C73CC22118,HMKB0531988803649,06-10-2023,CREDIT,CASH,1040.0,0,Aayush Varkey,GROCERIES,BR596,Normal
596DA2A3A9B8,HXZJ4849013801158,06-10-2023,CREDIT,POS,4271.0,0,"Shetty, Pathak and Chanda",UTILITY BILL,BR886,Normal
DC009888843A,UYUE4849450186157,06-10-2023,CREDIT,POS,3162.0,0,Simon Chad,POS PURCHASE,BR384,Normal
DB9B08E7E937,HIBW8543811594107,06-10-2023,DEBIT,POS,11567.0,0,Omkaar Salvi,POS PURCHASE,BR921,Normal
835DC177E151,NXWZ8059820295188,06-10-2023,CREDIT,NEFT,12757.0,0,Thaker-Doshi,POS PURCHASE,BR550,Normal
CFA0C1BAF5BA,OLTI3800459862495,06-10-2023,DEBIT,IMPS,12829.0,0,Andrew Sarma,POS PURCHASE,BR465,Normal
897864CAB65C,OYOH2592605726496,06-10-2023,DEBIT,RTGS,653333.0,0,Kara-Kannan,CONSULTANCY FEES,BR999,Layering_Mule_Out
295C5CDAFA1A,FUSZ0009980974155,06-10-2023,DEBIT,UPI,13640.0,0,"Singhal, Batta and Vala",GROCERIES,BR693,Normal
5122450B5DB3,ANVL7085058425648,06-10-2023,DEBIT,NEFT,11841.0,0,Khurana-Parsa,FUNDS TRF,BR616,Normal
4141189ECEA6,VWEG9745120861801,06-10-2023,CREDIT,CASH,8361.0,0,Ansh Vyas,SALARY,BR632,Normal
DE79D527B925,IBRP9185577522711,06-10-2023,CREDIT,NEFT,1868.0,0,Kapur-Palla,GROCERIES,BR631,Normal
1BEE0B3C0C26,CGKZ8073811498075,06-10-2023,DEBIT,NEFT,9388.0,0,Avni Baria,UTILITY BILL,BR225,Normal
0A60A60D0826,UCCS9603941524384,06-10-2023,DEBIT,CASH,7994.0,0,Vrishti Gokhale,UTILITY BILL,BR536,Normal
C742CE278675,RQAH8197257979232,06-10-2023,CREDIT,NEFT,5121.0,0,"Misra, Rajagopalan and Luthra",FUNDS TRF,BR158,Normal
FA254374C7E5,ASTW7072384147711,06-10-2023,DEBIT,CASH,5678.0,0,Shere Ltd,FUNDS TRF,BR191,Normal
413B3CC64E84,JVCL7617288216119,06-10-2023,DEBIT,POS,3275.0,0,"Shan, Pandit and Sami",UTILITY BILL,BR549,Normal
2230E707045A,NGLY9311261731742,06-10-2023,CREDIT,POS,8544.0,0,"Tank, Vohra and Iyer",POS PURCHASE,BR938,Normal
8D49ECB5498D,XNLC7634369386905,06-10-2023,CREDIT,CASH,45085.0,0,SELF,CASH DEPOSIT,BR965,Structuring_Smurf
4A3EB89F81F0,KALR9797982476671,06-10-2023,DEBIT,RTGS,653333.0,0,"Ravi, Sani and Hans",CONSULTANCY FEES,BR999,Layering_Mule_Out
207D27E07D70,OPSQ5797181899569,06-10-2023,DEBIT,CASH,10604.0,0,Triya Narula,FUNDS TRF,BR628,Normal
CD8EA7EC0DAC,ELSU1168686752885,06-10-2023,DEBIT,CASH,4225.0,0,Talwar Inc,GROCERIES,BR574,Normal
8F3FAF7300A1,MHRV1328405929633,06-10-2023,CREDIT,IMPS,11327.0,0,Abhimanyu Pillay,UTILITY BILL,BR432,Normal
CD6ECB9AA009,UOOH7471655640338,06-10-2023,CREDIT,NEFT,6260.0,0,Harish Yogi,POS PURCHASE,BR415,Normal
3B281DCFC9E3,ZFTL2708908233244,06-10-2023,DEBIT,CASH,1350.0,0,Maya Ramaswamy,FUNDS TRF,BR171,Normal
4D4E4CFC9981,QTFQ7157279123237,06-10-2023,CREDIT,NEFT,3548.0,0,Dasgupta LLC,UTILITY BILL,BR206,Normal
4615DCB06F80,FTWO4538685527168,06-10-2023,CREDIT,IMPS,4597.0,0,Chandra-Sha,GROCERIES,BR291,Normal
3DD4A8381777,QJVN7993533174612,06-10-2023,DEBIT,RTGS,653333.0,0,Krishna Inc,CONSULTANCY FEES,BR999,Layering_Mule_Out
7236B00DDFA7,TBRN4403332698335,06-10-2023,DEBIT,IMPS,8523.0,0,Chaudhary PLC,GROCERIES,BR745,Normal
BC28A8241420,XWXJ6441635831140,06-10-2023,DEBIT,UPI,4859.0,0,Sekhon-Comar,UTILITY BILL,BR435,Normal
EF888432D358,QKTT1660569379245,06-10-2023,CREDIT,IMPS,11019.0,0,Saumya Morar,POS PURCHASE,BR820,Normal
0A9BD1ED101D,BFQY0071202442179,06-10-2023,CREDIT,POS,3072.0,0,Master Group,POS PURCHASE,BR874,Normal
7EF5BFE317F4,FKHW0640441679120,06-10-2023,DEBIT,CASH,10431.0,0,Lajita Das,SALARY,BR168,Normal
63A72FB75159,RCIL1674103543950,06-10-2023,DEBIT,CASH,6358.0,0,Lavanya Sem,SALARY,BR673,Normal
3E4FE423147F,RMFX9099711855297,06-10-2023,DEBIT,CASH,8775.0,0,"Kade, Biswas and Reddy",FUNDS TRF,BR286,Normal
275EF7C93A0E,EUMQ5526219248801,06-10-2023,CREDIT,UPI,8359.0,0,Rai Inc,POS PURCHASE,BR165,Normal
D304500EC43F,VSZN9918717323816,06-10-2023,DEBIT,NEFT,10563.0,0,Trivedi and Sons,SALARY,BR957,Normal
0B951D23E920,XDCG9853915954117,06-10-2023,DEBIT,UPI,671.0,0,Koshy-Puri,UTILITY BILL,BR779,Normal
5C5B560607C6,YWGY9326983703155,06-10-2023,DEBIT,NEFT,2551.0,0,Sara Brahmbhatt,GROCERIES,BR442,Normal
C4AFEE3B4334,YVBX2017567029823,06-10-2023,CREDIT,UPI,10924.0,0,"Aurora, Ghosh and Seshadri",POS PURCHASE,BR204,Normal
A6B08779AE74,IIZE9326328652876,06-10-2023,DEBIT,POS,2680.0,0,Nagi Ltd,GROCERIES,BR692,Normal
84081CA1D844,QAML7359573019052,06-10-2023,CREDIT,POS,14210.0,0,Yadavi Verma,GROCERIES,BR944,Normal
0286C2DBBCA6,GHPG5861060837787,07-10-2023,CREDIT,IMPS,11314.0,0,Kabir Cheema,GROCERIES,BR490,Normal
19AB4EFDD39F,LTVY5975429441563,07-10-2023,DEBIT,CASH,7990.0,0,Sabharwal PLC,SALARY,BR228,Normal
369FAB1B15D8,PNLO4929747807368,07-10-2023,CREDIT,NEFT,7187.0,0,Ishita Pau,POS PURCHASE,BR326,Normal
8D0D11FE0ABB,HPTR0056894364841,07-10-2023,DEBIT,NEFT,3601.0,0,Bhagat-Gera,SALARY,BR817,Normal
71299214A623,ILKQ2531009136922,07-10-2023,DEBIT,NEFT,179.0,0,"Dhar, Bassi and Borra",UTILITY BILL,BR346,Normal
A01E566C80BF,XNLC7634369386905,07-10-2023,CREDIT,CASH,42012.0,0,SELF,CASH DEPOSIT,BR688,Structuring_Smurf
D4DE0F4AEAA1,LQWX2017980574716,07-10-2023,DEBIT,IMPS,3248.0,0,"Dube, Saxena and Raja",FUNDS TRF,BR296,Normal
D3B061EEF8AA,GITV7370917428773,07-10-2023,DEBIT,UPI,13233.0,0,Laksh Johal,FUNDS TRF,BR889,Normal
B1A135059B6E,ZXXI9817315395098,07-10-2023,DEBIT,IMPS,2886.0,0,Badal-Sharaf,SALARY,BR820,Normal
E9F9AAE37003,HAHS1946925764819,07-10-2023,CREDIT,IMPS,6632.0,0,Ben-Pingle,FUNDS TRF,BR809,Normal
1DF8AC86432F,XNLC7634369386905,07-10-2023,CREDIT,CASH,47377.0,0,SELF,CASH DEPOSIT,BR714,Structuring_Smurf
3480802A2190,IAEZ2821306084520,07-10-2023,DEBIT,POS,12412.0,0,Vedant Divan,SALARY,BR666,Normal
AFED51A9A52C,XNLC7634369386905,07-10-2023,CREDIT,CASH,44493.0,0,SELF,CASH DEPOSIT,BR854,Structuring_Smurf
B30D323C1433,ZAVC3580745914885,07-10-2023,DEBIT,IMPS,4063.0,0,Vritti Divan,UTILITY BILL,BR121,Normal
451A94605EA5,BTZY8544643256256,07-10-2023,DEBIT,IMPS,12731.0,0,Subramanian Inc,GROCERIES,BR768,Normal
A43252F5696B,YZLT7493782888073,07-10-2023,DEBIT,NEFT,11829.0,0,Azaan Nagarajan,SALARY,BR682,Normal
EE693FCF4878,XNLC7634369386905,07-10-2023,CREDIT,CASH,43069.0,0,SELF,CASH DEPOSIT,BR702,Structuring_Smurf
0296D977D99C,XNLC7634369386905,07-10-2023,CREDIT,CASH,47479.0,0,SELF,CASH DEPOSIT,BR714,Structuring_Smurf
574F3B36DB21,KEXU0073928195415,07-10-2023,CREDIT,IMPS,3661.0,0,"Sidhu, Manne and Saxena",GROCERIES,BR179,Normal
50E2C243FEFD,IEUM4055346772841,07-10-2023,DEBIT,POS,12610.0,0,Daksh Chauhan,POS PURCHASE,BR715,Normal
E2B47725350F,IZLK2943674762623,07-10-2023,CREDIT,POS,3928.0,0,"Din, Wadhwa and Dhar",POS PURCHASE,BR407,Normal
A8515DB15A6C,WTDS7275539387076,07-10-2023,DEBIT,NEFT,2953.0,0,Faris Doshi,FUNDS TRF,BR748,Normal
5542AD53B1BD,UFNR9349559476285,07-10-2023,DEBIT,IMPS,12998.0,0,"Sarna, Kaur and Varty",FUNDS TRF,BR621,Normal
CB54CA429759,GXMX7292695772984,07-10-2023,CREDIT,UPI,1678.0,0,Samuel Singhal,FUNDS TRF,BR565,Normal
33964B57DBED,ENEN9353200793505,07-10-2023,DEBIT,UPI,5739.0,0,Advik Srinivas,GROCERIES,BR717,Normal
62F49BB03B2A,LLBK3239015117286,07-10-2023,CREDIT,CASH,11997.0,0,Tarak Dua,FUNDS TRF,BR166,Normal
738E59490AB2,XNLC7634369386905,07-10-2023,CREDIT,CASH,44809.0,0,SELF,CASH DEPOSIT,BR361,Structuring_Smurf
34001D7DC004,CVJJ9462440893335,07-10-2023,CREDIT,CASH,7983.0,0,Kamala Dyal,POS PURCHASE,BR137,Normal
69A6D94F74CC,AWVF7222905330199,07-10-2023,CREDIT,IMPS,3512.0,0,Tripti Samra,POS PURCHASE,BR629,Normal
6DF07458E70A,HJTT5785943872595,07-10-2023,CREDIT,CASH,10672.0,0,"Verma, Dora and Devan",SALARY,BR681,Normal
603315203E78,ELFP9598018507366,07-10-2023,CREDIT,CASH,2240.0,0,Bina Sawhney,FUNDS TRF,BR395,Normal
7F77235C06B4,ZVPN6266846394028,07-10-2023,DEBIT,IMPS,12898.0,0,Krishna LLC,GROCERIES,BR964,Normal
243521194563,XNLC7634369386905,07-10-2023,CREDIT,CASH,41734.0,0,SELF,CASH DEPOSIT,BR904,Structuring_Smurf
18F8C80BE563,VGJT2160898225144,07-10-2023,CREDIT,POS,5398.0,0,Rastogi-Banerjee,UTILITY BILL,BR385,Normal
6E6248B72E25,ZQPA1843719646484,07-10-2023,DEBIT,NEFT,1611.0,0,Urvi Luthra,UTILITY BILL,BR986,Normal
255129E47660,GIKP9902363060934,07-10-2023,DEBIT,IMPS,10010.0,0,"D’Alia, Dalal and Sharaf",SALARY,BR756,Normal
2AA185FD8A4F,OKEO1439265255893,07-10-2023,CREDIT,UPI,11284.0,0,Michael Lad,SALARY,BR435,Normal
B3172407C19A,ZUZY2534699981205,07-10-2023,DEBIT,IMPS,3617.0,0,Yochana Sood,FUNDS TRF,BR761,Normal
F7E4B8FD9BF2,ETNW3448448142052,07-10-2023,CREDIT,POS,14082.0,0,"Kata, Sidhu and Vyas",FUNDS TRF,BR319,Normal
1C5CEFC2F108,QPNX3775801842205,07-10-2023,DEBIT,UPI,13053.0,0,Kumer Ltd,FUNDS TRF,BR150,Normal
6596B1EC9B26,NTSF5146995005504,07-10-2023,DEBIT,UPI,7597.0,0,Kibe-Parsa,FUNDS TRF,BR479,Normal
0B7D9D5F3001,VMSV8669988548037,07-10-2023,CREDIT,CASH,8879.0,0,Grover LLC,UTILITY BILL,BR932,Normal
310174EF54BE,GQKI2640277670684,07-10-2023,CREDIT,NEFT,11274.0,0,Dutt Inc,FUNDS TRF,BR440,Normal
A6D445021E11,ZAZR6083314148311,07-10-2023,DEBIT,CASH,10596.0,0,Mishra Ltd,SALARY,BR461,Normal
56290A20F98E,YEQL1769113369291,07-10-2023,CREDIT,UPI,13155.0,0,"Kunda, Kumar and Varkey",FUNDS TRF,BR259,Normal
468A5137E735,GNVY6071505460096,07-10-2023,DEBIT,UPI,539.0,0,Cherian-Baral,GROCERIES,BR369,Normal
10955873A535,TXWZ2980327324322,07-10-2023,DEBIT,CASH,3459.0,0,Zehaan Garg,POS PURCHASE,BR174,Normal
DCF1231CFE9C,DWNH6856916927377,07-10-2023,CREDIT,NEFT,5243.0,0,Harish Bawa,UTILITY BILL,BR662,Normal
F754916ADD83,IDEA5408140433674,07-10-2023,DEBIT,POS,6921.0,0,Swaminathan-Kari,POS PURCHASE,BR448,Normal
ABE7A89343C1,BVIM1477954040939,07-10-2023,DEBIT,CASH,13384.0,0,Shivansh Rana,POS PURCHASE,BR289,Normal
4EC9B9D460DB,KJVE5186573429312,07-10-2023,DEBIT,CASH,12384.0,0,Henry Shanker,POS PURCHASE,BR464,Normal
8BBA923E5A8B,ODEX7391177942159,07-10-2023,DEBIT,IMPS,5739.0,0,Jeevika Basak,GROCERIES,BR808,Normal
582C9CBB3554,CWFE7413523426692,07-10-2023,DEBIT,IMPS,12014.0,0,"Dayal, Cheema and Nadig",GROCERIES,BR663,Normal
CCA74D4D4D63,MOIU0804944591610,07-10-2023,DEBIT,IMPS,4542.0,0,Sethi PLC,UTILITY BILL,BR457,Normal
33B664C395FC,IWQJ4513357013766,07-10-2023,DEBIT,UPI,4070.0,0,"Sarraf, Subramaniam and Menon",SALARY,BR356,Normal
34C91D71E322,EIED0721532295690,07-10-2023,DEBIT,UPI,12287.0,0,Lajita Taneja,FUNDS TRF,BR398,Normal
5BD8D5D1E62A,IPOA5891552259120,07-10-2023,CREDIT,UPI,6617.0,0,Omisha Sastry,SALARY,BR201,Normal
41D6F1A236FB,GBHM7552749042105,08-10-2023,CREDIT,UPI,7235.0,0,Gaurav Nayak,GROCERIES,BR205,Normal
0F75D260DD71,NRMT1773779089404,08-10-2023,DEBIT,CASH,5500.0,0,"Sekhon, Gopal and Issac",SALARY,BR186,Normal
617E0A64A57A,INSD1371851065442,08-10-2023,CREDIT,NEFT,2955.0,0,Brijesh Karpe,POS PURCHASE,BR631,Normal
4E4F91A771F3,YPOE9608816587497,08-10-2023,DEBIT,CASH,13590.0,0,Abhimanyu Lala,POS PURCHASE,BR348,Normal
770B61896FAC,PJNB3068858740038,08-10-2023,DEBIT,IMPS,11382.0,0,Balhaar Dash,FUNDS TRF,BR231,Normal
779494122AB7,VCQE8772240412850,08-10-2023,DEBIT,POS,6862.0,0,Ayushman Saraf,SALARY,BR753,Normal
FF30AD1888A0,DUNL1052240688659,08-10-2023,CREDIT,NEFT,9353.0,0,Ekavir Dugar,FUNDS TRF,BR495,Normal
349E3C73433F,LEFZ1755182707599,08-10-2023,DEBIT,CASH,5657.0,0,Reva Dube,UTILITY BILL,BR445,Normal
A3091EA196B2,MACF2186075106269,08-10-2023,DEBIT,NEFT,13070.0,0,"Narayanan, Dara and Jani",POS PURCHASE,BR860,Normal
4876FFEA3A86,HCBO6325619398565,08-10-2023,CREDIT,UPI,8192.0,0,"Narang, Suresh and Saini",SALARY,BR272,Normal
F4E068D8B6D8,BNYH3983907879742,08-10-2023,CREDIT,IMPS,1872.0,0,Zachariah LLC,GROCERIES,BR301,Normal
A51A6A843185,LSIV3344942643277,08-10-2023,DEBIT,CASH,5542.0,0,"Samra, Sahni and Grover",UTILITY BILL,BR346,Normal
C67EAD2D8FA0,GUOW7879480905783,08-10-2023,DEBIT,NEFT,7328.0,0,Basak-Talwar,FUNDS TRF,BR308,Normal
ECDD5D893834,IHWH7159938408875,08-10-2023,CREDIT,IMPS,13178.0,0,Mugdha Madan,POS PURCHASE,BR408,Normal
0C14E49A38C2,UJQJ5644765570166,08-10-2023,DEBIT,NEFT,13218.0,0,Viraj Bath,GROCERIES,BR728,Normal
7A60C93868A2,QIRG5544516935836,08-10-2023,DEBIT,NEFT,13823.0,0,"Hans, Sarna and Rout",UTILITY BILL,BR824,Normal
E197AD75DD9E,DVNH9867184793883,08-10-2023,CREDIT,POS,6729.0,0,Dalaja Mani,UTILITY BILL,BR963,Normal
7B828D8E6225,OYLU7061825039610,08-10-2023,CREDIT,CASH,726.0,0,Yashoda Chandran,FUNDS TRF,BR762,Normal
8DAC0B1ADD30,HRXZ7221620910714,08-10-2023,DEBIT,IMPS,2073.0,0,Gauri Kalla,FUNDS TRF,BR691,Normal
8BEE0F1E1555,QOBA7093955229419,08-10-2023,CREDIT,NEFT,10776.0,0,Faris Badal,UTILITY BILL,BR457,Normal
3EB1CD177A8E,MMQK3524072377339,08-10-2023,DEBIT,IMPS,11845.0,0,Shivani Dugar,GROCERIES,BR105,Normal
6B9514BCBB23,YMYZ7957467744334,08-10-2023,CREDIT,IMPS,882.0,0,Yohannan Group,POS PURCHASE,BR815,Normal
73A8244267B7,VRMT9040930605838,08-10-2023,CREDIT,UPI,1765.0,0,Ansh Pant,FUNDS TRF,BR393,Normal
ACE25C052F72,EXYJ8064241043911,08-10-2023,DEBIT,IMPS,9762.0,0,Sehgal Ltd,UTILITY BILL,BR794,Normal
6BB7D39C1E0D,TOIQ2478892117109,08-10-2023,DEBIT,CASH,8234.0,0,Wali-Vohra,POS PURCHASE,BR882,Normal
49B967967204,KTDN0746391410937,08-10-2023,CREDIT,UPI,6725.0,0,Radha Oommen,FUNDS TRF,BR676,Normal
E6948B095670,PXBD9809165295582,08-10-2023,CREDIT,IMPS,2595.0,0,"Vyas, Banik and Bhavsar",SALARY,BR623,Normal
75F04718791E,MTCV5341793286529,08-10-2023,DEBIT,IMPS,5363.0,0,Kapoor-Murty,FUNDS TRF,BR952,Normal
7ADD8D24C56E,KFXU5646541823166,08-10-2023,CREDIT,IMPS,8344.0,0,Devansh Pal,SALARY,BR955,Normal
4405C510968F,ZPMT1289525052539,08-10-2023,CREDIT,CASH,9234.0,0,Roy-Ghosh,FUNDS TRF,BR960,Normal
839C2D45AB99,AXYQ1043941993160,08-10-2023,CREDIT,NEFT,10972.0,0,Tandon-Dugar,GROCERIES,BR255,Normal
7F3D673DCAA8,EHRU9191163290867,08-10-2023,DEBIT,NEFT,8270.0,0,Fitan Dash,POS PURCHASE,BR876,Normal
16E67982FCEE,AYVS2375535350179,08-10-2023,CREDIT,UPI,3710.0,0,Lipika Mutti,FUNDS TRF,BR894,Normal
8067BA44FA9D,NUGE5822707648641,08-10-2023,CREDIT,IMPS,14584.0,0,Ray LLC,POS PURCHASE,BR693,Normal
AC668AA5CDED,PUWX4804288594483,08-10-2023,CREDIT,CASH,12853.0,0,Ansh Hegde,GROCERIES,BR418,Normal
51DF17359767,JVZO9319007846792,08-10-2023,DEBIT,NEFT,6179.0,0,Ekapad Dhillon,POS PURCHASE,BR419,Normal
34F41F335110,PAHP7172218619271,08-10-2023,DEBIT,CASH,13969.0,0,Ekbal Sodhi,POS PURCHASE,BR633,Normal
40A0E5F7716B,YLIY4147777028480,08-10-2023,CREDIT,IMPS,10323.0,0,Malhotra-Lad,POS PURCHASE,BR160,Normal
D4B922FA913C,WWAE4802496964593,08-10-2023,DEBIT,CASH,10777.0,0,Subramanian-Arora,SALARY,BR780,Normal
E77702CF86C8,QJXR9537163446116,08-10-2023,DEBIT,IMPS,5130.0,0,Atwal-Guha,GROCERIES,BR854,Normal
94226E572948,YWZK8378442401193,08-10-2023,CREDIT,POS,7561.0,0,"Sant, Karnik and Mane",FUNDS TRF,BR417,Normal
2A7617759070,DFOR5740911599904,08-10-2023,CREDIT,UPI,5257.0,0,Samuel Varty,GROCERIES,BR184,Normal
2E7EA375EB63,UIYN4854551600934,08-10-2023,DEBIT,UPI,518.0,0,Farhan Barad,FUNDS TRF,BR966,Normal
473245123BEA,XNLC7634369386905,08-10-2023,CREDIT,CASH,47458.0,0,SELF,CASH DEPOSIT,BR626,Structuring_Smurf
C76AE43CB79B,XNLC7634369386905,08-10-2023,CREDIT,CASH,40973.0,0,SELF,CASH DEPOSIT,BR370,Structuring_Smurf
10576E992F6A,QJLT1335774014724,08-10-2023,CREDIT,POS,629.0,0,Isha Minhas,POS PURCHASE,BR938,Normal
43F6CA166846,MKET5813358725320,08-10-2023,CREDIT,CASH,3283.0,0,Ekapad Brahmbhatt,GROCERIES,BR315,Normal
ECB44F21A2BE,HDVH3406130739330,08-10-2023,CREDIT,IMPS,6179.0,0,Amaira Gola,SALARY,BR572,Normal
EE2B3DE0908A,UMMI4532840293893,08-10-2023,DEBIT,IMPS,9352.0,0,"Jha, Sachdeva and Mahajan",GROCERIES,BR622,Normal
4DA0C59A0E30,FNYW8296476072056,08-10-2023,DEBIT,IMPS,12107.0,0,"Anne, Tiwari and Dayal",UTILITY BILL,BR627,Normal
55AC2198AA6C,GAWQ8295131506694,09-10-2023,DEBIT,POS,14945.0,0,Zayyan Rao,GROCERIES,BR877,Normal
DDBEAC492EEE,HEAX2905990957060,09-10-2023,DEBIT,NEFT,7267.0,0,"Thakur, Bali and Buch",GROCERIES,BR472,Normal
F36EBC81BEC1,HAZX8455603612661,09-10-2023,CREDIT,UPI,14966.0,0,Yashodhara Kohli,UTILITY BILL,BR389,Normal
50B2CC42D60A,TFJC2257646514359,09-10-2023,CREDIT,POS,525.0,0,Faraj Gour,UTILITY BILL,BR458,Normal
D5F1BAC22CA0,VINR1253342038773,09-10-2023,CREDIT,NEFT,6957.0,0,Sachdeva-Tata,SALARY,BR875,Normal
63BA7F935A5A,GJRW1673160639720,09-10-2023,DEBIT,IMPS,11960.0,0,Nitara Varkey,FUNDS TRF,BR879,Normal
B76B64C2321B,SLBI9588722064392,09-10-2023,DEBIT,NEFT,14308.0,0,Sarin Inc,SALARY,BR919,Normal
C73A6F327CA1,VPVG8516960334026,09-10-2023,DEBIT,NEFT,783.0,0,Raagini Mannan,GROCERIES,BR335,Normal
69384EE8D5EB,FJAZ5380825450888,09-10-2023,DEBIT,IMPS,4269.0,0,Guneet Shere,POS PURCHASE,BR376,Normal
177248A045FA,LZQX6002516668781,09-10-2023,CREDIT,POS,8914.0,0,"Borah, Randhawa and Kale",FUNDS TRF,BR182,Normal
E217C2AFCEF7,SEID4128040859000,09-10-2023,DEBIT,POS,5520.0,0,"Dasgupta, Thaman and Goda",UTILITY BILL,BR408,Normal
C4CFF7136540,LSPA1439617761112,09-10-2023,CREDIT,CASH,8190.0,0,"Majumdar, Suri and Manda",GROCERIES,BR910,Normal
D68A4495517A,EUXW0369299466800,09-10-2023,CREDIT,POS,253.0,0,Vihaan Solanki,GROCERIES,BR393,Normal
763C1EF3D1C1,RTFC0447529294637,09-10-2023,DEBIT,UPI,3220.0,0,Deshmukh-Yohannan,UTILITY BILL,BR876,Normal
8596549C522F,BRMF6835345014818,09-10-2023,DEBIT,CASH,12994.0,0,Janaki Halder,UTILITY BILL,BR357,Normal
0F95D80CB6B2,RZJZ8089177027960,09-10-2023,DEBIT,NEFT,5238.0,0,"Deep, Tella and Prabhakar",GROCERIES,BR528,Normal
B3B3D3AD4C19,UKNR7045055271956,09-10-2023,CREDIT,CASH,10233.0,0,Viraj Mohanty,FUNDS TRF,BR753,Normal
9EC9E9F48AF2,PDRZ5202610796729,09-10-2023,DEBIT,CASH,7148.0,0,Geetika Mahal,FUNDS TRF,BR186,Normal
1DEEFDCCDCD1,PPUY3610337369921,09-10-2023,DEBIT,CASH,14509.0,0,Aurora PLC,POS PURCHASE,BR851,Normal
FCCE2503C952,RWUG3398855840213,09-10-2023,CREDIT,UPI,7101.0,0,Xavier Hora,POS PURCHASE,BR798,Normal
1CE4DEC7FCCF,WIQL4399228104849,09-10-2023,CREDIT,NEFT,9002.0,0,Kashvi Sethi,POS PURCHASE,BR709,Normal
46965148D585,ZYFX8095523115623,09-10-2023,CREDIT,NEFT,8262.0,0,Bina Sibal,SALARY,BR529,Normal
5E45BD167EA9,MSTI2838786951560,09-10-2023,CREDIT,UPI,7866.0,0,Tanveer Bora,FUNDS TRF,BR207,Normal
034498AC9B66,PUMZ3980005999131,09-10-2023,DEBIT,POS,4188.0,0,Kapoor and Sons,FUNDS TRF,BR448,Normal
926DEF9AD072,YYGT0102730431212,09-10-2023,CREDIT,CASH,2333.0,0,Virk Group,GROCERIES,BR246,Normal
A7162EC32A48,SWDE8301133353204,09-10-2023,CREDIT,UPI,4055.0,0,Guha-Warrior,SALARY,BR928,Normal
E1B0606F6104,XWPT2823156247778,09-10-2023,DEBIT,CASH,13790.0,0,Sibal Group,UTILITY BILL,BR714,Normal
EA6009D56825,KBSG4647060331778,09-10-2023,CREDIT,POS,1517.0,0,Kai Pall,UTILITY BILL,BR956,Normal
2237F33E70F0,VYNT4327974214595,09-10-2023,CREDIT,UPI,3955.0,0,Vasana Mitter,SALARY,BR192,Normal
53656A57018C,NULO2773198411746,09-10-2023,DEBIT,NEFT,3273.0,0,Jasmit Saraf,UTILITY BILL,BR514,Normal
0041ADFEF349,EKDM2713004789032,09-10-2023,CREDIT,NEFT,10335.0,0,Chatresh Karpe,SALARY,BR914,Normal
331F76FB021D,DGQX2194991056526,09-10-2023,DEBIT,POS,3333.0,0,Qasim Chauhan,POS PURCHASE,BR457,Normal
7188D7A73A02,VRET2784909431028,09-10-2023,DEBIT,CASH,14626.0,0,Falan Majumdar,POS PURCHASE,BR893,Normal
EAEEFA79BA87,QLTG4136362076538,09-10-2023,CREDIT,POS,14237.0,0,Menon-Rai,POS PURCHASE,BR893,Normal
71FF8E4A47F8,EZJV0748533250252,09-10-2023,DEBIT,CASH,10442.0,0,Bhavani Rastogi,UTILITY BILL,BR577,Normal
47D17E58B49C,YSXX9115352299789,09-10-2023,CREDIT,UPI,12692.0,0,Faras Sachdeva,FUNDS TRF,BR532,Normal
FE4B39187CCE,RAYC5126094064814,09-10-2023,CREDIT,NEFT,14392.0,0,"Dhaliwal, Rama and Doshi",POS PURCHASE,BR725,Normal
010F562F044A,WKLZ5880009220039,09-10-2023,CREDIT,POS,9604.0,0,"Chad, Bir and Oommen",UTILITY BILL,BR314,Normal
083DE90DB1D2,YJOA0754666904787,09-10-2023,CREDIT,NEFT,7117.0,0,"Tank, Kashyap and Chander",FUNDS TRF,BR904,Normal
62163FE8823E,VNOC6585927801330,09-10-2023,DEBIT,POS,3083.0,0,Lopa Sinha,GROCERIES,BR209,Normal
DBED0AE4EC97,XNLC7634369386905,09-10-2023,CREDIT,CASH,40694.0,0,SELF,CASH DEPOSIT,BR492,Structuring_Smurf
46DF7C2F0155,SZPP4390250541622,09-10-2023,CREDIT,UPI,6968.0,0,Gill Ltd,POS PURCHASE,BR774,Normal
60D7B1432366,IHQL2697485911415,09-10-2023,CREDIT,IMPS,2886.0,0,"Bhatti, Sha and Bhasin",FUNDS TRF,BR117,Normal
CA61BF15776E,VDUH8769322886014,09-10-2023,DEBIT,UPI,7179.0,0,Raval-Palla,UTILITY BILL,BR391,Normal
380C5E5A8A2E,ZUCG1648642848234,09-10-2023,DEBIT,POS,9042.0,0,Oza-Pant,GROCERIES,BR501,Normal
A1E8E697DDB3,FZJX2906865811696,09-10-2023,CREDIT,CASH,5927.0,0,Kala-Golla,POS PURCHASE,BR341,Normal
6E1E5E581231,RPDV1571818217338,09-10-2023,DEBIT,CASH,7288.0,0,Damini Pant,SALARY,BR736,Normal
C34F55ED84E7,UDIN4927148743945,09-10-2023,DEBIT,CASH,14966.0,0,Ekbal Sha,UTILITY BILL,BR544,Normal
3A6C94385687,JTON4916237798673,09-10-2023,DEBIT,POS,10224.0,0,Dutt-Nath,FUNDS TRF,BR461,Normal
D66BF6AED40A,WPPT1937284769226,09-10-2023,CREDIT,POS,9974.0,0,Uppal-Munshi,POS PURCHASE,BR876,Normal
F3C0472091FF,AWFV6091898313314,09-10-2023,DEBIT,POS,11912.0,0,Laksh Halder,FUNDS TRF,BR637,Normal
391D19D6946F,GFFD0364418469006,09-10-2023,CREDIT,POS,5035.0,0,"Sathe, Ramaswamy and Tiwari",UTILITY BILL,BR578,Normal
89046DB56926,ISDY2337010253737,09-10-2023,CREDIT,IMPS,13376.0,0,Ijaya Setty,GROCERIES,BR891,Normal
948ABC73D5DA,HRJB1500317144529,09-10-2023,DEBIT,NEFT,3672.0,0,Tristan Bhavsar,UTILITY BILL,BR397,Normal
1F33AA88FA68,ICFS2270821389898,09-10-2023,CREDIT,CASH,8314.0,0,Prabhu Inc,FUNDS TRF,BR525,Normal
B3317AC8D031,HQEJ7280157309433,09-10-2023,DEBIT,CASH,8286.0,0,Kumer-Thakkar,GROCERIES,BR674,Normal
449F421B2C80,HAZY9368348306472,09-10-2023,DEBIT,NEFT,1577.0,0,Sampath-Mander,GROCERIES,BR349,Normal
0D86D7E2C6CA,IPQV9210487655845,09-10-2023,DEBIT,IMPS,13314.0,0,Banik-Nagy,SALARY,BR655,Normal
A2B8B6B5B9BB,RLVQ6921386829670,09-10-2023,DEBIT,POS,11216.0,0,Yashoda Zacharia,SALARY,BR801,Normal
2417F3A81943,RPQK5074587947931,09-10-2023,CREDIT,NEFT,14427.0,0,Aahana Oak,UTILITY BILL,BR890,Normal
3C51202BA494,ELIU5385515594301,10-10-2023,DEBIT,POS,10365.0,0,Thaker Ltd,SALARY,BR831,Normal
5D2C7198968D,EVRH5996318873182,10-10-2023,DEBIT,IMPS,10995.0,0,Seshadri PLC,GROCERIES,BR867,Normal
DF8E4E5F53FD,DYPS2103131199230,10-10-2023,CREDIT,POS,5331.0,0,Mane-Dewan,SALARY,BR656,Normal
7553D762A700,RFDV6216418637269,10-10-2023,DEBIT,UPI,4371.0,0,Tanay Patla,SALARY,BR633,Normal
932867513520,MUHD8688350709815,10-10-2023,CREDIT,NEFT,9162.0,0,Dara and Sons,UTILITY BILL,BR280,Normal
E901D1C337A8,OSMA1194044963329,10-10-2023,CREDIT,IMPS,8656.0,0,Siddharth Shankar,POS PURCHASE,BR352,Normal
D2DBB7B7B06C,KQFT1620666381536,10-10-2023,DEBIT,NEFT,10550.0,0,Guha-Hora,GROCERIES,BR243,Normal
1C66C2897A52,FJZT3942886406913,10-10-2023,CREDIT,NEFT,4703.0,0,"Mutti, Parekh and Raja",GROCERIES,BR365,Normal
3B44774D8CCE,CKEP3076665953023,10-10-2023,CREDIT,CASH,191.0,0,Henry Garde,UTILITY BILL,BR673,Normal
B1C48B95C1E2,FIOD9476821998690,10-10-2023,CREDIT,IMPS,5254.0,0,Hema Narain,SALARY,BR167,Normal
E9FF3762442E,IEFD4851041554307,10-10-2023,CREDIT,POS,6890.0,0,Singhal-Viswanathan,POS PURCHASE,BR442,Normal
1473ED5EEC82,ANGK1456621749614,10-10-2023,CREDIT,UPI,8630.0,0,Lal-Kapadia,POS PURCHASE,BR406,Normal
9424D0B1BB23,OVMT3392338141259,10-10-2023,DEBIT,CASH,2400.0,0,"Kaur, Bose and Dash",SALARY,BR314,Normal
330625962D41,GBVJ1550294297756,10-10-2023,CREDIT,CASH,5307.0,0,Mani and Sons,UTILITY BILL,BR802,Normal
F03867156485,CFXE8417497765487,10-10-2023,DEBIT,IMPS,12475.0,0,Kevin Mohanty,GROCERIES,BR703,Normal
0F2A8F8943E1,MCNF6105472687189,10-10-2023,CREDIT,NEFT,8711.0,0,Morar-Bhattacharyya,SALARY,BR340,Normal
3C4EC817A8A5,CFQG9603570874610,10-10-2023,DEBIT,NEFT,5820.0,0,Bala LLC,GROCERIES,BR453,Normal
66BD23E1EDE3,BGXZ7577061977980,10-10-2023,DEBIT,IMPS,8360.0,0,"Padmanabhan, Nagi and Bajaj",GROCERIES,BR338,Normal
1720028B9207,VJTQ2159937141504,10-10-2023,DEBIT,NEFT,3793.0,0,Rajan Group,GROCERIES,BR644,Normal
D3544E99F295,CCLD1753065528274,10-10-2023,DEBIT,UPI,6338.0,0,Sami LLC,SALARY,BR452,Normal
D780F4CF8A3B,UIQI6932727449526,10-10-2023,DEBIT,NEFT,10292.0,0,Lekha Vala,UTILITY BILL,BR935,Normal
DAFACEAC8C8D,HGPD8813542875615,10-10-2023,CREDIT,UPI,9539.0,0,Shroff Ltd,SALARY,BR659,Normal
4B65CF2CB6FC,CGVN3242594684543,10-10-2023,DEBIT,IMPS,6911.0,0,Anirudh Gokhale,UTILITY BILL,BR188,Normal
019DADEC7925,HXSI7527422157623,10-10-2023,CREDIT,NEFT,5074.0,0,Rajata Srinivas,FUNDS TRF,BR384,Normal
177E1FDF611F,MSEI9993052742912,10-10-2023,CREDIT,UPI,14349.0,0,Cheema and Sons,GROCERIES,BR705,Normal
48227B01DFAF,AEOC9339164153258,10-10-2023,CREDIT,NEFT,13500.0,0,Sanaya Swaminathan,UTILITY BILL,BR549,Normal
C431F507C2C2,QTAK6266411407352,10-10-2023,CREDIT,UPI,7519.0,0,Bhavini Grover,POS PURCHASE,BR276,Normal
923827DBA088,UDNV8180839654813,10-10-2023,DEBIT,IMPS,12634.0,0,"Krishna, Salvi and Mital",SALARY,BR914,Normal
BC625121334C,KACA1295229245710,10-10-2023,DEBIT,UPI,188.0,0,"Lata, Patil and Kaul",FUNDS TRF,BR455,Normal
241FB69F0E3C,BOWY6648821606819,10-10-2023,DEBIT,POS,11408.0,0,Vedhika Tata,FUNDS TRF,BR122,Normal
A851A25B1FBB,LYJN6780660116680,10-10-2023,CREDIT,IMPS,2089.0,0,Banjeet Bora,POS PURCHASE,BR367,Normal
4DD5249C27CB,XNLC7634369386905,10-10-2023,CREDIT,CASH,48542.0,0,SELF,CASH DEPOSIT,BR972,Structuring_Smurf
1207FBADBE55,FRFI9785508123548,10-10-2023,DEBIT,POS,14177.0,0,Vidhi Krishnamurthy,UTILITY BILL,BR820,Normal
3B1F9D5D20A9,WECE7035788560211,10-10-2023,DEBIT,UPI,13774.0,0,Kala-Borra,GROCERIES,BR917,Normal
959B841EB3C4,UJEH8292880555276,10-10-2023,DEBIT,IMPS,9077.0,0,Kanda-Subramanian,FUNDS TRF,BR709,Normal
115C05743FAC,RIUE5695740795395,10-10-2023,CREDIT,NEFT,9367.0,0,Alka Atwal,GROCERIES,BR374,Normal
9E7050673801,TFBV8453427668517,10-10-2023,DEBIT,NEFT,1111.0,0,Dakshesh Panchal,POS PURCHASE,BR855,Normal
CBA15F8A3CA8,OMIM9463053878002,10-10-2023,CREDIT,POS,7449.0,0,"Samra, Mallick and Mall",FUNDS TRF,BR727,Normal
AC07B49832CD,TEFM6858231781883,10-10-2023,CREDIT,UPI,7437.0,0,Bhavini Mangat,FUNDS TRF,BR885,Normal
68197FE7EE76,IBSG8451907291314,10-10-2023,CREDIT,IMPS,1906.0,0,Krisha Bava,POS PURCHASE,BR818,Normal
FDAD47E22542,JQIQ0787240353263,10-10-2023,CREDIT,IMPS,5461.0,0,Vyanjana Dave,SALARY,BR944,Normal
11641735B604,BCFJ6402650933645,10-10-2023,DEBIT,POS,7240.0,0,Lopa Jhaveri,FUNDS TRF,BR324,Normal
75E9B22A633E,LSWR4012521975451,10-10-2023,CREDIT,UPI,10310.0,0,"Sur, Mahal and Issac",FUNDS TRF,BR557,Normal
70B7CEB2C9B2,VBQW7598803740887,10-10-2023,CREDIT,CASH,6044.0,0,Buch-Chaudhry,POS PURCHASE,BR158,Normal
8F8795E36028,DTIN1034677987995,10-10-2023,DEBIT,CASH,2082.0,0,Finn Venkataraman,UTILITY BILL,BR582,Normal
1C08B50450DB,FWUA0097062512890,10-10-2023,CREDIT,UPI,14818.0,0,Frado Toor,SALARY,BR217,Normal
E3BDDE33918D,ITJI6060008792226,10-10-2023,DEBIT,CASH,12614.0,0,Gunbir Sahota,POS PURCHASE,BR440,Normal
B0FB705109B4,IEDL7286378283908,10-10-2023,DEBIT,CASH,14116.0,0,Bedi-Shankar,SALARY,BR827,Normal
7069146C7222,MTNS2520942958917,10-10-2023,CREDIT,IMPS,4837.0,0,Dev Seth,FUNDS TRF,BR530,Normal
9004A47866C1,IKJK3276112225954,10-10-2023,CREDIT,IMPS,3951.0,0,Dipta Ratta,UTILITY BILL,BR785,Normal
3D148B07A2E1,MNUJ2870549773495,10-10-2023,CREDIT,NEFT,1935.0,0,Sen-Comar,GROCERIES,BR255,Normal
9A09C85046CE,SXSN0588842073106,10-10-2023,CREDIT,NEFT,14006.0,0,"Balan, Chahal and Balan",UTILITY BILL,BR612,Normal
CC3D1E7DE7E6,MCPY1607888637089,10-10-2023,CREDIT,NEFT,13900.0,0,Mody Ltd,SALARY,BR231,Normal
53D8FEC2A42A,XSXJ9108197198985,10-10-2023,CREDIT,POS,8598.0,0,Maharaj and Sons,POS PURCHASE,BR619,Normal
05F00097AD29,SPHD4035768911420,10-10-2023,CREDIT,CASH,1160.0,0,Ganesan-Pillai,FUNDS TRF,BR365,Normal
AEA01E11F9DF,GXWR7988980601427,11-10-2023,CREDIT,IMPS,8324.0,0,Rajata Sami,GROCERIES,BR142,Normal
9ED465C90847,YLDI8949852251385,11-10-2023,DEBIT,CASH,13079.0,0,Lalla-Wali,SALARY,BR707,Normal
B57E8C5C89C5,BPXR8620372322891,11-10-2023,DEBIT,POS,10086.0,0,Kiaan Mallick,POS PURCHASE,BR558,Normal
9F6A33F0B3C5,MBPP2904713647545,11-10-2023,DEBIT,NEFT,1638.0,0,Bhasin Group,SALARY,BR481,Normal
060C4AF94E66,KQSD5892560582963,11-10-2023,CREDIT,IMPS,5591.0,0,Imaran Dixit,FUNDS TRF,BR643,Normal
C159E54A2152,CZVV2725896665740,11-10-2023,DEBIT,CASH,4654.0,0,Gaurang Subramanian,FUNDS TRF,BR687,Normal
D4F63282D045,ZXBY1405924448080,11-10-2023,DEBIT,CASH,5129.0,0,Chada Group,FUNDS TRF,BR975,Normal
3D23D7E8D97C,HZKI2770906637591,11-10-2023,DEBIT,IMPS,2305.0,0,Azaan Mangal,UTILITY BILL,BR870,Normal
12C0D9C606E2,ODKW7340614880899,11-10-2023,CREDIT,POS,4988.0,0,Jyoti Chaudhary,POS PURCHASE,BR146,Normal
8DBB2768BE92,RPTZ7883056066324,11-10-2023,DEBIT,NEFT,12636.0,0,"Loyal, Wable and Srinivasan",FUNDS TRF,BR125,Normal
1132BE52A95E,VPEM6781544015796,11-10-2023,DEBIT,CASH,2523.0,0,Rajata Dada,FUNDS TRF,BR404,Normal
BDD6A37B614C,FMDL7790524389908,11-10-2023,CREDIT,CASH,8318.0,0,Murty PLC,SALARY,BR708,Normal
19DC6C55E96A,XUVW7333167622478,11-10-2023,DEBIT,POS,9694.0,0,"Chacko, Raghavan and Brar",SALARY,BR712,Normal
128634972F1B,LEXN0465588597165,11-10-2023,CREDIT,NEFT,4500.0,0,Prakash-Ramachandran,SALARY,BR733,Normal
21DC21DEBECC,IVXV8667776651216,11-10-2023,DEBIT,NEFT,14323.0,0,Zinal Raval,GROCERIES,BR991,Normal
CDA96C4E06B5,TDVO2966272341490,11-10-2023,DEBIT,POS,9378.0,0,Girindra Sharma,FUNDS TRF,BR368,Normal
80143EE5A095,PGQH0727665350100,11-10-2023,DEBIT,UPI,5133.0,0,Vanya Konda,SALARY,BR814,Normal
38DDF7E66A51,CFBN8605851619073,11-10-2023,CREDIT,CASH,5863.0,0,Dev Majumdar,UTILITY BILL,BR708,Normal
0046271E6993,USLP0548925425541,11-10-2023,CREDIT,IMPS,406.0,0,Chaitanya Minhas,FUNDS TRF,BR454,Normal
A8E1DA873B10,NMVO2516593647719,11-10-2023,CREDIT,CASH,12884.0,0,Acharya Inc,FUNDS TRF,BR106,Normal
4CA0EB7F369A,EJRD0371505000815,11-10-2023,DEBIT,CASH,4150.0,0,Kota and Sons,GROCERIES,BR967,Normal
2325332699F3,WSCN8555453743840,11-10-2023,DEBIT,IMPS,6656.0,0,Amble-Kapur,GROCERIES,BR638,Normal
D21D05EC0FF9,TIDL0806309355549,11-10-2023,DEBIT,CASH,3115.0,0,Dipta Nadkarni,SALARY,BR191,Normal
2FFD9AC47409,PKSN3525536417517,11-10-2023,DEBIT,IMPS,8549.0,0,"Mallick, Badami and Chand",FUNDS TRF,BR515,Normal
26D49A777A54,DEFB5959616240692,11-10-2023,DEBIT,IMPS,8937.0,0,Walia Group,GROCERIES,BR677,Normal
194A85DB5440,ZXTD8037040763501,11-10-2023,DEBIT,UPI,4366.0,0,Sanaya Ramakrishnan,POS PURCHASE,BR514,Normal
79A3656D8C2F,SQMY0150522736384,11-10-2023,CREDIT,CASH,10916.0,0,Mugdha Mutti,UTILITY BILL,BR438,Normal
8D444E0A8F7E,QAZI1484839167321,11-10-2023,CREDIT,IMPS,11849.0,0,Joshua Bail,POS PURCHASE,BR312,Normal
FF99BE42909F,XVWG6849476130586,11-10-2023,DEBIT,POS,13449.0,0,Vedika Deshpande,UTILITY BILL,BR584,Normal
6B3CAA9EEC81,COGA6932778636835,11-10-2023,DEBIT,POS,6763.0,0,"Gade, Nagi and Mody",FUNDS TRF,BR682,Normal
D1AF9A745174,UTGG2237159486541,11-10-2023,DEBIT,UPI,2002.0,0,"Barman, Sathe and Sachar",SALARY,BR600,Normal
C00390B7416F,NEEX7651118963319,11-10-2023,CREDIT,POS,2519.0,0,Bose-Upadhyay,SALARY,BR141,Normal
E7ED7BD53AE3,CZUY0158627035514,11-10-2023,DEBIT,IMPS,13894.0,0,Mody-Magar,SALARY,BR271,Normal
FF4CFE9C863E,YPTE0863334350586,11-10-2023,DEBIT,NEFT,8159.0,0,Christopher Viswanathan,FUNDS TRF,BR678,Normal
26463C702442,AHDY8854925345052,11-10-2023,CREDIT,UPI,12879.0,0,Amara Patel,FUNDS TRF,BR481,Normal
774C982FED57,LXFJ2863373990383,11-10-2023,DEBIT,UPI,2205.0,0,Gopal-Bala,UTILITY BILL,BR269,Normal
A26617687BBB,XNLC7634369386905,11-10-2023,CREDIT,CASH,43588.0,0,SELF,CASH DEPOSIT,BR597,Structuring_Smurf
CCDB02D1954E,BZGS2559873847127,11-10-2023,CREDIT,IMPS,8831.0,0,Maanas Sankaran,UTILITY BILL,BR800,Normal
25C448ECF3D7,IJIU6769314479329,11-10-2023,CREDIT,CASH,11769.0,0,"Raja, Gara and Kohli",GROCERIES,BR173,Normal
D0968C73865F,NDSL1688750545667,11-10-2023,CREDIT,NEFT,4239.0,0,"Kamdar, Tripathi and Chadha",UTILITY BILL,BR105,Normal
66135CD79A0B,OSVY4214098752156,11-10-2023,DEBIT,POS,13539.0,0,Maanas Chacko,FUNDS TRF,BR305,Normal
495646AC73DC,CFLG2052326924796,11-10-2023,DEBIT,NEFT,3474.0,0,Ray Ltd,FUNDS TRF,BR316,Normal
CF99BFBD5E87,ESWF0960209457003,11-10-2023,CREDIT,IMPS,14817.0,0,Champak Varkey,UTILITY BILL,BR230,Normal
32CB586ABAA0,SPJZ2256452695963,11-10-2023,CREDIT,IMPS,11952.0,0,Rattan-Bajaj,GROCERIES,BR574,Normal
AE529A7E751C,HZIZ3550634251284,11-10-2023,CREDIT,NEFT,9705.0,0,Sood Inc,GROCERIES,BR476,Normal
52B35BD1EDEB,DCVF8328411355668,11-10-2023,CREDIT,NEFT,8011.0,0,Tristan Karan,SALARY,BR970,Normal
566C37F52BBF,PZVL2083498325244,12-10-2023,DEBIT,IMPS,5689.0,0,Krisha Bains,GROCERIES,BR117,Normal
5C2861DDC933,ATLW5122175224732,12-10-2023,CREDIT,POS,7009.0,0,Ekbal Ravi,GROCERIES,BR877,Normal
C90EE27C29B7,NQYY8392945441468,12-10-2023,CREDIT,IMPS,5856.0,0,Virk-Bedi,UTILITY BILL,BR867,Normal
EABBFCBBA83F,TIGP7960898464139,12-10-2023,CREDIT,CASH,8102.0,0,Ucchal Bose,SALARY,BR916,Normal
7239375ACD0C,EDVV4261682491899,12-10-2023,DEBIT,UPI,3893.0,0,Prabhu Group,FUNDS TRF,BR270,Normal
EE02AE15AA1F,RHSO6727366212092,12-10-2023,DEBIT,CASH,6463.0,0,Chaitaly Nagar,GROCERIES,BR258,Normal
DAAD39163B57,FBXQ7965898025646,12-10-2023,CREDIT,IMPS,5183.0,0,Dass LLC,UTILITY BILL,BR205,Normal
B4A0A42617BC,BVQS4110119708792,12-10-2023,DEBIT,UPI,4055.0,0,Manya Bava,UTILITY BILL,BR449,Normal
F69172782D59,LMLH9079943420675,12-10-2023,DEBIT,UPI,9509.0,0,Morar Inc,SALARY,BR521,Normal
AECE7637FDFB,SQLB6628861200882,12-10-2023,CREDIT,IMPS,4812.0,0,Prasad-Sane,GROCERIES,BR564,Normal
943E474B6BE9,VUZW0095389183426,12-10-2023,DEBIT,CASH,5981.0,0,Ganguly-Contractor,POS PURCHASE,BR811,Normal
AF76C71092C6,FCGB9144350968797,12-10-2023,CREDIT,IMPS,1883.0,0,"Bath, Chacko and Choudhary",SALARY,BR429,Normal
B01DC078CD97,GLFY8710515710154,12-10-2023,DEBIT,POS,7763.0,0,Indali Bal,GROCERIES,BR902,Normal
3082483C08BE,MHTU5710404447655,12-10-2023,DEBIT,IMPS,10539.0,0,Theodore Chokshi,FUNDS TRF,BR639,Normal
F2D08F67E670,IQFI6041024722591,12-10-2023,CREDIT,NEFT,9046.0,0,Logan Dyal,GROCERIES,BR335,Normal
7E778A8C54DA,CHUV1308484491973,12-10-2023,CREDIT,IMPS,5472.0,0,"Dasgupta, Varkey and Deshmukh",GROCERIES,BR183,Normal
59C6D4C55E6A,AQLD2508730554261,12-10-2023,CREDIT,NEFT,5942.0,0,"Dugal, Sheth and Nori",POS PURCHASE,BR857,Normal
8B0F4D3B5877,ALLH8475059956250,12-10-2023,DEBIT,CASH,580.0,0,Mitali Behl,GROCERIES,BR612,Normal
9E04DC056342,TFUW7972239622706,12-10-2023,CREDIT,UPI,6330.0,0,"Bahl, Pall and Choudhury",UTILITY BILL,BR789,Normal
B6DE5BBA2BAF,WYMT0451650286219,12-10-2023,DEBIT,NEFT,8457.0,0,"Deo, Rajagopalan and Amble",POS PURCHASE,BR986,Normal
8D8774616AFE,MCTZ1623406021553,12-10-2023,DEBIT,UPI,1018.0,0,Idika Sachar,GROCERIES,BR903,Normal
DF2D632E5478,BXEF4731033393442,12-10-2023,DEBIT,IMPS,953.0,0,Brinda Soman,POS PURCHASE,BR642,Normal
BCCF6EEE0D2D,MMZI6349778333372,12-10-2023,CREDIT,UPI,12242.0,0,Ishwar Apte,SALARY,BR181,Normal
2B02A103A04D,DRDC3508176403477,12-10-2023,CREDIT,POS,11540.0,0,Sampath-Deo,FUNDS TRF,BR812,Normal
415DB2284A52,CDHF8691349738560,12-10-2023,DEBIT,NEFT,4365.0,0,Riya Manne,POS PURCHASE,BR656,Normal
7EB23311B4AA,XCRM2193117090572,12-10-2023,DEBIT,CASH,4523.0,0,Advika Bajwa,GROCERIES,BR677,Normal
B06C79A5B03E,MDCI3110438627440,12-10-2023,DEBIT,NEFT,930.0,0,Aarna Mangal,GROCERIES,BR267,Normal
46BFAAA2427E,QOZX1269405530186,12-10-2023,CREDIT,POS,6368.0,0,Hemangini Patla,GROCERIES,BR761,Normal
57F7D6FBC5BA,WNWG4657492143260,12-10-2023,DEBIT,IMPS,2619.0,0,Watika Karnik,SALARY,BR801,Normal
E6777AE39A68,WWOD0487539496640,12-10-2023,CREDIT,CASH,12101.0,0,Radhika Rama,SALARY,BR756,Normal
FE3DC02BAD5C,FKHE2967880822708,12-10-2023,DEBIT,CASH,12519.0,0,Sanaya Sibal,SALARY,BR468,Normal
29D62FE47781,WUYM0672226834855,12-10-2023,CREDIT,IMPS,6975.0,0,Isaac Wable,POS PURCHASE,BR163,Normal
EF63A2FF816A,RHMN5507678119208,12-10-2023,DEBIT,IMPS,1818.0,0,Sathe Group,FUNDS TRF,BR421,Normal
4EC02B8180EB,BLFZ7186984292507,12-10-2023,CREDIT,IMPS,12067.0,0,Gade-Sastry,FUNDS TRF,BR118,Normal
B129D50253DB,GTRV2673600963076,12-10-2023,DEBIT,POS,1897.0,0,Vaidya Inc,UTILITY BILL,BR394,Normal
D310D1421FD7,RWMZ8170711900570,12-10-2023,CREDIT,NEFT,13284.0,0,"Patel, Vaidya and Bobal",SALARY,BR589,Normal
1A2459E7A751,XEOF3527010877447,12-10-2023,CREDIT,POS,4377.0,0,Ubika Kara,SALARY,BR363,Normal
CA29989E2FE3,VTCJ3190041324550,12-10-2023,DEBIT,NEFT,7080.0,0,Yash Parekh,SALARY,BR208,Normal
B88940ABBDB4,ZBJO4006368482690,12-10-2023,CREDIT,IMPS,12609.0,0,Dayal LLC,POS PURCHASE,BR463,Normal
FDE2C3633744,LYKW8080367832840,12-10-2023,CREDIT,CASH,9409.0,0,Liam Keer,UTILITY BILL,BR201,Normal
52A10F8864C4,OAUK1179690985119,12-10-2023,DEBIT,NEFT,12176.0,0,Mugdha Nazareth,SALARY,BR811,Normal
5D92F7FA7BBA,SAGV0745472990193,12-10-2023,CREDIT,IMPS,11945.0,0,Charles Ray,FUNDS TRF,BR912,Normal
E601F6E0727D,XNLC7634369386905,12-10-2023,CREDIT,CASH,44984.0,0,SELF,CASH DEPOSIT,BR167,Structuring_Smurf
AD27AA949539,NWRT4295433422805,12-10-2023,CREDIT,POS,14920.0,0,"Hora, Raj and Mukhopadhyay",POS PURCHASE,BR631,Normal
722268BC27AD,IAZX9731081942203,12-10-2023,DEBIT,NEFT,7981.0,0,Krishna Ranganathan,UTILITY BILL,BR579,Normal
59E18DB3DF80,FMML9722076145459,12-10-2023,CREDIT,CASH,9314.0,0,Aahana Tripathi,POS PURCHASE,BR179,Normal
4AC6918C5F46,XZBK3138649060125,12-10-2023,DEBIT,NEFT,1510.0,0,Behl-Wagle,UTILITY BILL,BR608,Normal
DF42F281334C,WDKX4913319201451,12-10-2023,DEBIT,CASH,3593.0,0,Inaya Dubey,GROCERIES,BR543,Normal
64D239857126,HZMK3055812968819,12-10-2023,CREDIT,POS,1954.0,0,Ryan Ramaswamy,POS PURCHASE,BR915,Normal
77B29BB9B752,WWUO1879733307046,12-10-2023,DEBIT,CASH,7169.0,0,Ekani Savant,SALARY,BR974,Normal
DB022824874F,TTWA4988170083294,12-10-2023,DEBIT,UPI,13536.0,0,Kumer and Sons,UTILITY BILL,BR689,Normal
7613E15F7DF5,NQHL9389034203819,12-10-2023,CREDIT,POS,13851.0,0,Aarini Modi,UTILITY BILL,BR905,Normal
DEC4431CC042,QVBM3338990339870,12-10-2023,DEBIT,UPI,12197.0,0,Murthy Group,GROCERIES,BR141,Normal
5585A9E02727,DQFU1887316093810,12-10-2023,CREDIT,NEFT,11691.0,0,Krishnamurthy Ltd,GROCERIES,BR611,Normal
16AB5D5F790D,GMIX9880738804615,12-10-2023,DEBIT,CASH,2238.0,0,Borah-Jayaraman,POS PURCHASE,BR309,Normal
018D59C30291,VHSZ4148549146213,12-10-2023,DEBIT,UPI,2102.0,0,"Raghavan, Virk and Ray",POS PURCHASE,BR711,Normal
96AB88C1082F,RPID3720960415661,12-10-2023,DEBIT,NEFT,11411.0,0,Jayaraman-Bhat,UTILITY BILL,BR993,Normal
FA3A1B0524AC,PTFY7417905868425,12-10-2023,DEBIT,UPI,4515.0,0,Parmer-Sagar,SALARY,BR865,Normal
F4C37C657205,QKLP0811913349889,12-10-2023,CREDIT,POS,5852.0,0,Chakrika Natt,SALARY,BR999,Normal
527F61D2F0DC,XOYH0716914751505,12-10-2023,CREDIT,UPI,8857.0,0,Choudhury-Sachdeva,POS PURCHASE,BR778,Normal
C50EC11ECB05,HJJN9232873567176,12-10-2023,CREDIT,CASH,13668.0,0,Anjali Krishna,SALARY,BR890,Normal
0C731D8A30C6,NBKR5435892811815,12-10-2023,DEBIT,CASH,8688.0,0,Dara-Baral,GROCERIES,BR481,Normal
28DA674F7363,BSNH2429333743711,12-10-2023,CREDIT,NEFT,1660.0,0,Vora LLC,POS PURCHASE,BR761,Normal
2F7EEDE66DF4,HYXX1672268889596,12-10-2023,DEBIT,NEFT,4973.0,0,Aditya Gill,POS PURCHASE,BR582,Normal
56DD27CE94A0,LVYW7384204860618,12-10-2023,DEBIT,IMPS,4342.0,0,Tanmayi Vora,GROCERIES,BR291,Normal
F3E60858988A,EDKR2606040207028,13-10-2023,DEBIT,NEFT,2155.0,0,Kala-Taneja,POS PURCHASE,BR377,Normal
3B52E7338E8E,MBEK0601696147633,13-10-2023,CREDIT,IMPS,13889.0,0,Sule Ltd,GROCERIES,BR112,Normal
CE8E08C95451,RZKP2939219833604,13-10-2023,DEBIT,NEFT,3837.0,0,Pavani Wadhwa,FUNDS TRF,BR670,Normal
04BD39CF1914,BOSJ6814449656963,13-10-2023,DEBIT,NEFT,388.0,0,"Gandhi, Raman and Sarna",POS PURCHASE,BR528,Normal
CFA1B8C371CD,YZZD7077996810395,13-10-2023,CREDIT,NEFT,14737.0,0,Krisha Sarkar,FUNDS TRF,BR260,Normal
F673291B029B,FOVN5373246535603,13-10-2023,DEBIT,NEFT,12885.0,0,"Mohan, Barad and Anne",UTILITY BILL,BR262,Normal
6EBBA6DAD594,YFXP1976187010543,13-10-2023,DEBIT,CASH,8870.0,0,Joshua Anand,POS PURCHASE,BR689,Normal
8FE5C0404753,FVOP7692086369592,13-10-2023,DEBIT,UPI,10604.0,0,"Dixit, Chanda and Shanker",POS PURCHASE,BR226,Normal
61FDA69E6E53,PDQG3966904882897,13-10-2023,DEBIT,NEFT,13378.0,0,Prasad Ltd,UTILITY BILL,BR364,Normal
45E81ADFF985,RWOO5532199163324,13-10-2023,CREDIT,NEFT,8936.0,0,Vamakshi Hegde,GROCERIES,BR315,Normal
0E70BED20846,VYFC7980667814966,13-10-2023,DEBIT,NEFT,1019.0,0,Maharaj-Ram,POS PURCHASE,BR429,Normal
45A260055C62,DHOD6036622501562,13-10-2023,DEBIT,POS,11914.0,0,Tamanna Parikh,UTILITY BILL,BR642,Normal
000CFDAF8732,NQXS1813901855216,13-10-2023,CREDIT,NEFT,8875.0,0,Krishna-D’Alia,SALARY,BR826,Normal
9F6ECA259DBC,RDQU3153696052213,13-10-2023,CREDIT,UPI,4980.0,0,Loyal-Shenoy,SALARY,BR844,Normal
7E7B1E96EAF1,VOMD3949335411077,13-10-2023,CREDIT,NEFT,2038.0,0,Garima Dara,GROCERIES,BR424,Normal
7573D3EE6761,ZMOL2853382129055,13-10-2023,CREDIT,NEFT,7437.0,0,Jonathan Kalita,SALARY,BR938,Normal
D20516F26088,NWNE1672330329016,13-10-2023,CREDIT,CASH,1773.0,0,Bhanumati Date,FUNDS TRF,BR210,Normal
BB5884BCD319,FSPY5268045837386,13-10-2023,CREDIT,POS,14959.0,0,"Atwal, Sani and Purohit",SALARY,BR648,Normal
AE0F15F72DC7,YRDN7690844412695,13-10-2023,CREDIT,POS,7369.0,0,Tiwari Inc,POS PURCHASE,BR587,Normal
9632DCD0C93C,WWRG6790209905823,13-10-2023,DEBIT,NEFT,9642.0,0,"Bedi, Dar and Varghese",GROCERIES,BR725,Normal
B4A1DD3E4098,QWRL2069478870989,13-10-2023,CREDIT,CASH,9917.0,0,Aditya Sharaf,POS PURCHASE,BR589,Normal
B2109B67080B,UFFM6287120200563,13-10-2023,CREDIT,POS,2638.0,0,Irya Randhawa,POS PURCHASE,BR618,Normal
60EEB1786CC7,XEOB8698456810690,13-10-2023,DEBIT,NEFT,12885.0,0,Loke-D’Alia,POS PURCHASE,BR328,Normal
11202870CA1D,VXVF8165427050303,13-10-2023,DEBIT,NEFT,7974.0,0,Rajeshri Nagar,POS PURCHASE,BR843,Normal
28CED45A3A21,FPRB4289355429330,13-10-2023,CREDIT,CASH,13023.0,0,Kant and Sons,GROCERIES,BR934,Normal
AE4DA3C358F9,WGSK0035286260931,13-10-2023,DEBIT,UPI,586.0,0,"Sodhi, Sahota and Mukhopadhyay",POS PURCHASE,BR403,Normal
1D711267A54B,KHAO0280370225024,13-10-2023,CREDIT,CASH,12127.0,0,Akshay Om,FUNDS TRF,BR507,Normal
65C5BF14F929,QBOH8997991003437,13-10-2023,CREDIT,POS,6237.0,0,Gaurika Upadhyay,GROCERIES,BR518,Normal
8E48A7C57C96,FVYX2709599664942,13-10-2023,DEBIT,CASH,13797.0,0,Chhabra-Arora,FUNDS TRF,BR660,Normal
0F0A46642432,OURF2425105027679,13-10-2023,DEBIT,POS,12035.0,0,Tanmayi Sangha,SALARY,BR161,Normal
7AED07997CDD,XNLC7634369386905,13-10-2023,CREDIT,CASH,43525.0,0,SELF,CASH DEPOSIT,BR675,Structuring_Smurf
08891BB04BA1,SIOR9874904066823,13-10-2023,DEBIT,UPI,4979.0,0,Jatin Sandhu,GROCERIES,BR206,Normal
7799B6D60187,XNLC7634369386905,13-10-2023,CREDIT,CASH,40280.0,0,SELF,CASH DEPOSIT,BR785,Structuring_Smurf
4A46FF3D000B,BLMV9407934615689,13-10-2023,CREDIT,UPI,11627.0,0,Vrishti Rajagopalan,POS PURCHASE,BR747,Normal
4986F719D2FA,IKZF5758213182346,13-10-2023,DEBIT,IMPS,14678.0,0,Prabhu-Wable,FUNDS TRF,BR717,Normal
0351A0C26C39,NACF0240223877419,13-10-2023,CREDIT,NEFT,3289.0,0,"Sarma, Nath and Vala",POS PURCHASE,BR774,Normal
3D90FB37D359,ANIJ0656108220830,13-10-2023,CREDIT,UPI,14448.0,0,Andrew Thakkar,GROCERIES,BR448,Normal
848C858C22D2,AEDD1340675287798,13-10-2023,DEBIT,IMPS,13807.0,0,Raju-Bobal,SALARY,BR136,Normal
56C1010CDD89,XNLC7634369386905,13-10-2023,CREDIT,CASH,48513.0,0,SELF,CASH DEPOSIT,BR994,Structuring_Smurf
57AA3173911B,OAKS5203651532407,13-10-2023,CREDIT,UPI,7478.0,0,Hemal Sachdev,FUNDS TRF,BR152,Normal
FF7EAC946FB0,XNLC7634369386905,13-10-2023,CREDIT,CASH,41287.0,0,SELF,CASH DEPOSIT,BR266,Structuring_Smurf
99F99E65AB3E,SOCZ6506901876234,13-10-2023,CREDIT,CASH,10993.0,0,Priya Bains,FUNDS TRF,BR434,Normal
47D8C6EF66AD,JETH4384209503883,13-10-2023,CREDIT,POS,2542.0,0,Fariq Bala,POS PURCHASE,BR942,Normal
EEEAA351A699,ZCMT6800009018438,13-10-2023,DEBIT,NEFT,13916.0,0,Watika Warrior,GROCERIES,BR743,Normal
7852B8A670F6,ZKFI3873478606957,13-10-2023,CREDIT,NEFT,7526.0,0,Kashvi Mander,GROCERIES,BR855,Normal
186336862A44,SHAK3200036374275,13-10-2023,CREDIT,POS,6572.0,0,Kale-Mittal,FUNDS TRF,BR517,Normal
721AE3EEAE9D,HSZM8225756223740,14-10-2023,CREDIT,NEFT,6883.0,0,Baria Group,UTILITY BILL,BR973,Normal
C66C02756A1C,VACO4244908341976,14-10-2023,DEBIT,POS,12909.0,0,Karan Group,POS PURCHASE,BR718,Normal
BB89922AE647,VWSL1776642544554,14-10-2023,CREDIT,CASH,4077.0,0,"Subramanian, Sahota and Krish",POS PURCHASE,BR839,Normal
93832A4C33C3,TJNV5126980490134,14-10-2023,DEBIT,CASH,3529.0,0,Narang PLC,SALARY,BR950,Normal
7AD718D81781,GUTF2533570189620,14-10-2023,DEBIT,IMPS,3001.0,0,"Ratta, Sabharwal and Panchal",FUNDS TRF,BR949,Normal
4A09DC7EF588,KYTK5603245535646,14-10-2023,CREDIT,UPI,4182.0,0,Thaker LLC,FUNDS TRF,BR180,Normal
8BA4A56D048E,CBYU8906067428618,14-10-2023,CREDIT,POS,5881.0,0,Kaul and Sons,UTILITY BILL,BR480,Normal
8FD8A8F4D274,OFZC7475257743976,14-10-2023,DEBIT,CASH,14295.0,0,Bhandari and Sons,SALARY,BR235,Normal
3859DBEC077D,MSYV5148135697411,14-10-2023,DEBIT,NEFT,12854.0,0,Vedhika Bawa,SALARY,BR203,Normal
0257255D6B37,HNOM7958957019635,14-10-2023,DEBIT,CASH,3718.0,0,Saini-Koshy,POS PURCHASE,BR266,Normal
1A3DFE047060,UETQ2357741607825,14-10-2023,CREDIT,UPI,7327.0,0,"Goda, Pant and Luthra",FUNDS TRF,BR485,Normal
AE526CCC1DBF,OXXO3304488936115,14-10-2023,DEBIT,NEFT,4080.0,0,Yashvi Mahajan,FUNDS TRF,BR591,Normal
ECDDB1658547,QGPU1717099563904,14-10-2023,CREDIT,POS,2001.0,0,Tejas Goel,SALARY,BR966,Normal
029C13496F38,ZHXE9309662703579,14-10-2023,DEBIT,POS,7856.0,0,"Gade, Gour and Srinivasan",POS PURCHASE,BR211,Normal
9AFF926C4020,OUUX5855252901722,14-10-2023,DEBIT,IMPS,13035.0,0,Kamdar Inc,POS PURCHASE,BR166,Normal
8482ED12D668,GBDP2407376219582,14-10-2023,CREDIT,CASH,700.0,0,Kiaan Sethi,POS PURCHASE,BR461,Normal
8A7777ECC445,VHKU7839985192014,14-10-2023,CREDIT,NEFT,211.0,0,Leela Kapoor,GROCERIES,BR511,Normal
9416971D6D5C,OSGH5657022374981,14-10-2023,DEBIT,UPI,3723.0,0,Lad PLC,SALARY,BR988,Normal
9421C20B4ABE,ROXB9885864446873,14-10-2023,DEBIT,UPI,4343.0,0,"Mutti, Sha and Kala",SALARY,BR418,Normal
2624B8A4F87D,SQMO3177510783763,14-10-2023,CREDIT,UPI,8363.0,0,"Manne, Toor and Nagi",POS PURCHASE,BR457,Normal
D4418781E7B4,WKOQ4291427008242,14-10-2023,CREDIT,CASH,4009.0,0,Ishaan Virk,POS PURCHASE,BR334,Normal
632BA2AA774E,BUFV9426023397838,14-10-2023,CREDIT,UPI,7470.0,0,Sai Jayaraman,GROCERIES,BR666,Normal
9D072BA59A89,XNLC7634369386905,14-10-2023,CREDIT,CASH,45984.0,0,SELF,CASH DEPOSIT,BR853,Structuring_Smurf
30F563B2BD40,KXEK7410544425047,14-10-2023,DEBIT,CASH,8166.0,0,"Ravel, Mann and Srinivas",FUNDS TRF,BR247,Normal
9B2F037E4D47,ZXOM9806012460950,14-10-2023,CREDIT,CASH,7891.0,0,Warinder Lall,GROCERIES,BR838,Normal
01ECC28ED0F1,QJRA8767030819030,14-10-2023,CREDIT,IMPS,3976.0,0,Wahab Vala,SALARY,BR425,Normal
3E9C13296F3B,PBUQ2491094251635,14-10-2023,CREDIT,NEFT,1312.0,0,Wali Inc,FUNDS TRF,BR410,Normal
B04F55656C63,LKWP9797114926831,14-10-2023,DEBIT,NEFT,6299.0,0,Viswanathan-Pradhan,FUNDS TRF,BR119,Normal
F667002C1F15,YATU3596645822019,14-10-2023,DEBIT,POS,12438.0,0,Sangha-Ranganathan,GROCERIES,BR573,Normal
E8E93944F49C,BANI5171211861301,14-10-2023,DEBIT,NEFT,813.0,0,Urvi Ramesh,SALARY,BR913,Normal
66885C705574,UGEB3187523132051,14-10-2023,CREDIT,POS,9565.0,0,Charvi Jha,SALARY,BR976,Normal
2E704CD94BFB,XMMI5549337752999,14-10-2023,CREDIT,NEFT,1454.0,0,Ganesh-Kurian,POS PURCHASE,BR758,Normal
24A7C99B1E12,CGMH7903711076100,14-10-2023,CREDIT,NEFT,5540.0,0,"Garg, Maharaj and Wason",GROCERIES,BR116,Normal
BDB96BC03258,AJNH9591112773276,14-10-2023,CREDIT,IMPS,13832.0,0,"Dugal, Prakash and Lata",UTILITY BILL,BR296,Normal
2BCCF52BC60C,HAVZ8496622473863,14-10-2023,DEBIT,NEFT,9373.0,0,Aditya Chanda,GROCERIES,BR230,Normal
E896A59425DF,VKSI7980042377873,14-10-2023,CREDIT,UPI,6215.0,0,"Prasad, Baria and Memon",SALARY,BR528,Normal
611D098C329A,MXTR9747384713066,14-10-2023,DEBIT,POS,14553.0,0,Aarush Banik,SALARY,BR137,Normal
7B140DBD723B,SLAU5594243602501,14-10-2023,CREDIT,POS,10019.0,0,Shere-Sinha,POS PURCHASE,BR513,Normal
6807C85D873D,RKGY9030785906226,14-10-2023,DEBIT,NEFT,3021.0,0,Waida Kant,UTILITY BILL,BR941,Normal
1BDD1DC51DE0,SIRR1104539531124,14-10-2023,DEBIT,IMPS,1752.0,0,Yashica Ratta,UTILITY BILL,BR153,Normal
01EB22C8BFCE,UAMF1863720965771,14-10-2023,CREDIT,IMPS,3876.0,0,Prabhu-Kala,UTILITY BILL,BR713,Normal
F2983F68C34E,ZSVT5572804704663,14-10-2023,CREDIT,NEFT,253.0,0,Agastya Dara,UTILITY BILL,BR738,Normal
E520E9995EA2,OZPR5657255287181,14-10-2023,CREDIT,CASH,5289.0,0,Matthew Borra,UTILITY BILL,BR971,Normal
440E9F28589A,WQMM5280361626960,14-10-2023,DEBIT,IMPS,6618.0,0,Ishaan Magar,UTILITY BILL,BR503,Normal
7651EFC74889,IWKV7203062158179,14-10-2023,DEBIT,IMPS,1419.0,0,Ishwar Varma,GROCERIES,BR145,Normal
6FE1677E5B44,BRNN4487658683097,14-10-2023,DEBIT,POS,5046.0,0,Yashawini Toor,UTILITY BILL,BR494,Normal
A30DB05ADB6B,KUDP8047176002369,14-10-2023,CREDIT,NEFT,10421.0,0,Laban Sunder,SALARY,BR866,Normal
D58179C83CC7,MLDU8067647279875,14-10-2023,CREDIT,POS,12448.0,0,"Grover, Borde and Kalita",UTILITY BILL,BR768,Normal
30E310B68253,KHQQ0295599897138,14-10-2023,CREDIT,IMPS,5960.0,0,Lila Rajagopal,POS PURCHASE,BR408,Normal
4E5DC8FBE0F5,NMCW6676604892487,14-10-2023,CREDIT,UPI,14561.0,0,"Kapoor, Dutt and Rama",SALARY,BR578,Normal
CD0BEA92D528,BKDU4586930776599,15-10-2023,DEBIT,UPI,6601.0,0,Yug Basu,GROCERIES,BR251,Normal
DEADFAFD6F8F,TNTK0856100687028,15-10-2023,DEBIT,CASH,13136.0,0,Kashish Bhagat,FUNDS TRF,BR134,Normal
1FB454605719,ZLBK4843090085035,15-10-2023,CREDIT,NEFT,2461.0,0,Balhaar Dubey,GROCERIES,BR659,Normal
26C492840FC4,BUSY8855288905294,15-10-2023,CREDIT,IMPS,4872.0,0,Yahvi Iyer,SALARY,BR881,Normal
121EB4452AD0,DKVV0013823148413,15-10-2023,CREDIT,UPI,10761.0,0,Xalak Savant,GROCERIES,BR990,Normal
21A0B19346D3,XNLC7634369386905,15-10-2023,CREDIT,CASH,42207.0,0,SELF,CASH DEPOSIT,BR626,Structuring_Smurf
0FECDBAF9893,RARJ4481000487674,15-10-2023,DEBIT,NEFT,10321.0,0,Chawla-Amble,GROCERIES,BR765,Normal
4E020D114734,XNLC7634369386905,15-10-2023,CREDIT,CASH,41205.0,0,SELF,CASH DEPOSIT,BR238,Structuring_Smurf
45478D20E8CE,EWWS5340767729505,15-10-2023,CREDIT,NEFT,9329.0,0,Bahadurjit Arora,POS PURCHASE,BR210,Normal
1FED31426062,JDMA6797967352752,15-10-2023,CREDIT,POS,13075.0,0,Vamakshi Korpal,UTILITY BILL,BR758,Normal
07663D595F19,AXNW4315590909442,15-10-2023,DEBIT,POS,8156.0,0,Vig-Gill,FUNDS TRF,BR774,Normal
56CDCF0F7B7A,ZXEP0928933954282,15-10-2023,DEBIT,CASH,2550.0,0,Henry Peri,UTILITY BILL,BR154,Normal
05044211B7E5,OOJK5608105955330,15-10-2023,CREDIT,IMPS,5446.0,0,Samarth Batra,POS PURCHASE,BR601,Normal
2AF42B372BFD,LCXS2896915252418,15-10-2023,CREDIT,UPI,13484.0,0,"Varghese, Memon and Baria",UTILITY BILL,BR486,Normal
3D10FD8A06FC,LLDO2892486394946,15-10-2023,CREDIT,UPI,10245.0,0,Arora-Banerjee,SALARY,BR565,Normal
15F6741BC5CB,NUVI2615130519643,15-10-2023,CREDIT,POS,13273.0,0,Gopal Jayaraman,SALARY,BR774,Normal
CDE1FBF151EA,VIKA4329185980287,15-10-2023,CREDIT,NEFT,2858.0,0,Bahadurjit Lall,FUNDS TRF,BR106,Normal
01764852156C,AXUB8790742443118,15-10-2023,CREDIT,IMPS,1407.0,0,Bishakha Rajagopalan,POS PURCHASE,BR904,Normal
848BF48FC8AC,YAJH3368413074553,15-10-2023,DEBIT,NEFT,12973.0,0,Falguni Bhatnagar,POS PURCHASE,BR713,Normal
63BC938D68EE,BUOZ4167689581259,15-10-2023,DEBIT,UPI,12672.0,0,Yohannan-Bhattacharyya,POS PURCHASE,BR945,Normal
EE82CB42DB2F,YPDO0612960044074,15-10-2023,DEBIT,CASH,8358.0,0,Devi-Patel,FUNDS TRF,BR749,Normal
4C3B2A5C7B29,QBPL3820294024386,15-10-2023,DEBIT,NEFT,6040.0,0,Amble Ltd,UTILITY BILL,BR832,Normal
9EB07C8BCEC5,LASH2277508055670,15-10-2023,DEBIT,NEFT,13651.0,0,Joshi and Sons,SALARY,BR264,Normal
755723452434,EMYT6020256476178,15-10-2023,DEBIT,IMPS,7392.0,0,Kohli-Sawhney,SALARY,BR698,Normal
74EFC0E4BACB,KXWY8963953397436,15-10-2023,DEBIT,CASH,14176.0,0,"Dube, Sachar and Prabhakar",FUNDS TRF,BR651,Normal
11047C04C41B,HUJE6356267498301,15-10-2023,CREDIT,NEFT,11522.0,0,Kevin Lanka,SALARY,BR662,Normal
3B101E711D99,KUJZ1901745653967,15-10-2023,CREDIT,POS,2149.0,0,"Shah, Nagar and Seshadri",FUNDS TRF,BR871,Normal
08BDB44A939E,SCMC9706876110943,15-10-2023,DEBIT,CASH,14716.0,0,Nihal Balay,FUNDS TRF,BR882,Normal
2DE950251CD7,FMCD4714991584988,15-10-2023,DEBIT,CASH,7577.0,0,Sarthak Sathe,FUNDS TRF,BR772,Normal
4767665964DD,OBOJ7386929480083,15-10-2023,CREDIT,CASH,10650.0,0,Chaudhuri LLC,GROCERIES,BR689,Normal
C53F545D36A1,KGVR3364812931877,15-10-2023,DEBIT,NEFT,6562.0,0,Yasti Uppal,FUNDS TRF,BR238,Normal
E447EB0AF7B2,GTAA0401286205828,15-10-2023,CREDIT,IMPS,7571.0,0,Gavin Dutta,GROCERIES,BR324,Normal
656A81FA9118,BZVB1695750732344,15-10-2023,CREDIT,UPI,155.0,0,"Uppal, Dutt and Sunder",POS PURCHASE,BR887,Normal
EC04FF1D6DAF,OBTU5126610310189,15-10-2023,DEBIT,UPI,11399.0,0,Chada-Batta,POS PURCHASE,BR580,Normal
D4EBD3ECAE62,EVWO3005285010151,15-10-2023,DEBIT,POS,12717.0,0,Bhakta and Sons,SALARY,BR617,Normal
F41C072F3FD4,MDWJ1100762604830,15-10-2023,CREDIT,NEFT,13185.0,0,Warhi Karnik,SALARY,BR731,Normal
C7684D72E481,CLOR2075097755374,15-10-2023,CREDIT,NEFT,4759.0,0,Samar Rana,GROCERIES,BR888,Normal
A8CC7CE2B370,OQUV4692979819391,15-10-2023,DEBIT,POS,9818.0,0,Agrawal-Sami,SALARY,BR214,Normal
4E19A55F64DD,YAOH5498770377814,15-10-2023,CREDIT,IMPS,6679.0,0,Brar Inc,POS PURCHASE,BR673,Normal
3909DB326A9A,PXRF1763408122451,15-10-2023,CREDIT,IMPS,8681.0,0,Bimala Mittal,SALARY,BR913,Normal
F5A8883CF958,MBCL2241251467672,15-10-2023,CREDIT,UPI,6467.0,0,Hemal Bail,GROCERIES,BR924,Normal
D1596ADBE9EE,PWNN8280058933317,15-10-2023,DEBIT,POS,425.0,0,Gade-Bir,FUNDS TRF,BR234,Normal
6081A1FCDC79,KTQQ2135674407421,15-10-2023,CREDIT,CASH,11415.0,0,"Malhotra, Comar and Palla",FUNDS TRF,BR849,Normal
242BA80E8E7C,ZQQI2094412025013,15-10-2023,CREDIT,CASH,4521.0,0,"Murthy, Suresh and Butala",POS PURCHASE,BR681,Normal
9503DDA59982,ZHZF3873279629213,15-10-2023,DEBIT,POS,869.0,0,Azad Mitter,SALARY,BR313,Normal
65BC7DADD672,FGCR9099036428350,15-10-2023,DEBIT,NEFT,4084.0,0,Chatterjee LLC,SALARY,BR174,Normal
8BC5044DA7D6,SHJQ5827875470021,15-10-2023,DEBIT,POS,10668.0,0,Jhaveri-Nagy,POS PURCHASE,BR196,Normal
438F605A4C67,RNJJ6300504523120,15-10-2023,CREDIT,CASH,8854.0,0,Grover and Sons,GROCERIES,BR487,Normal
2E13934BFA29,ZICO1852198845181,15-10-2023,DEBIT,NEFT,5813.0,0,Rohan Handa,SALARY,BR271,Normal
62F68FE24056,GCNR8564616959263,15-10-2023,DEBIT,UPI,4034.0,0,Chameli Sangha,UTILITY BILL,BR867,Normal
947D2163A5F5,OUBM1476433640404,15-10-2023,CREDIT,POS,9226.0,0,"Sheth, Subramanian and Goda",UTILITY BILL,BR996,Normal
FB3797512F44,BWPF7894803579960,15-10-2023,DEBIT,UPI,1555.0,0,Bhanumati Bora,UTILITY BILL,BR254,Normal
D27F4C69A12F,OEPG8422536465989,15-10-2023,CREDIT,POS,3626.0,0,Watika Parsa,SALARY,BR814,Normal
2037B76C96C9,YZBO1540071228167,15-10-2023,DEBIT,POS,11773.0,0,Johal-Kashyap,UTILITY BILL,BR593,Normal
5F51E1CBDD58,EGCO8686576713806,15-10-2023,CREDIT,IMPS,14847.0,0,"Chauhan, Mahal and Natt",FUNDS TRF,BR451,Normal
6F546D3DABFD,SKNH5546913751088,15-10-2023,CREDIT,IMPS,11014.0,0,Konda PLC,SALARY,BR354,Normal
CE659FA088E5,SYBU6703091142150,15-10-2023,DEBIT,NEFT,13216.0,0,Soman-Venkatesh,GROCERIES,BR432,Normal
0B228E6766BA,FCZW6482916211894,16-10-2023,CREDIT,CASH,9409.0,0,Rishi Din,UTILITY BILL,BR231,Normal
8D55989D2912,HPWM5212557228897,16-10-2023,DEBIT,UPI,8659.0,0,Aayush Bir,FUNDS TRF,BR364,Normal
0D27FD44F0E2,KWUF3889454786586,16-10-2023,DEBIT,UPI,6555.0,0,"Saha, Guha and Bera",SALARY,BR202,Normal
EA190B5B15BB,FCMM9364703469831,16-10-2023,CREDIT,CASH,3211.0,0,Balveer Merchant,GROCERIES,BR479,Normal
FDDD96A32E9B,UVUJ5824857541941,16-10-2023,DEBIT,NEFT,1161.0,0,Raj-Parikh,POS PURCHASE,BR361,Normal
25708C62CB9C,RAEL9447752267429,16-10-2023,DEBIT,CASH,5734.0,0,Kulkarni PLC,SALARY,BR488,Normal
19F9185F642F,DAZR9492284151682,16-10-2023,CREDIT,UPI,5143.0,0,Osha Johal,UTILITY BILL,BR136,Normal
2AC397253B5B,CMIS8459801848222,16-10-2023,DEBIT,POS,14682.0,0,Raghav Natarajan,FUNDS TRF,BR428,Normal
F57AD8163B05,GTGU5597037589010,16-10-2023,DEBIT,NEFT,6909.0,0,Shivansh Borah,SALARY,BR159,Normal
4B058BDC1305,JOXG3097513575200,16-10-2023,CREDIT,NEFT,6356.0,0,Parmer-Loyal,GROCERIES,BR638,Normal
50495C370AB1,WSZT2572974305275,16-10-2023,DEBIT,NEFT,1465.0,0,Oviya Buch,GROCERIES,BR267,Normal
78A87DD252B1,XBUX7052919234294,16-10-2023,DEBIT,NEFT,6914.0,0,Parsa-Chacko,FUNDS TRF,BR866,Normal
D11106C69AE6,CHFU3107056519988,16-10-2023,CREDIT,UPI,4678.0,0,"Vora, Dube and Singhal",UTILITY BILL,BR471,Normal
981F9117BBF3,DQKK2254128473561,16-10-2023,CREDIT,UPI,6138.0,0,"Devi, Kapadia and Thakur",FUNDS TRF,BR390,Normal
DF8E28B0B213,WBRL8316121284510,16-10-2023,CREDIT,POS,3592.0,0,"Pandey, Rege and Sahni",FUNDS TRF,BR792,Normal
D8CF3DD7CA1A,LJEB6567641344076,16-10-2023,CREDIT,NEFT,4988.0,0,Lucky Chawla,POS PURCHASE,BR717,Normal
625CD70E2969,JISH1442286076411,16-10-2023,CREDIT,POS,2602.0,0,Urvashi Bala,UTILITY BILL,BR230,Normal
B04F9B6BFB28,BNLU0752559211424,16-10-2023,CREDIT,POS,1143.0,0,Jasmit Karnik,SALARY,BR201,Normal
080CC722E9EC,SPSR8346857923145,16-10-2023,CREDIT,POS,10477.0,0,Savant and Sons,FUNDS TRF,BR318,Normal
D7174B207B19,XJUA5756132689806,16-10-2023,DEBIT,IMPS,9913.0,0,Riya Rama,FUNDS TRF,BR700,Normal
C890CAFA980A,PPHI6415036951650,16-10-2023,DEBIT,CASH,2548.0,0,Aachal Barad,POS PURCHASE,BR698,Normal
B79CA84E9462,QUKH0955504050276,16-10-2023,CREDIT,POS,6092.0,0,Ganguly and Sons,SALARY,BR275,Normal
FCE819BE9FB2,ZFXK5813229378656,16-10-2023,DEBIT,IMPS,12438.0,0,Prakash Inc,POS PURCHASE,BR934,Normal
DC538FFA543E,XFMV1272197671845,16-10-2023,DEBIT,IMPS,9822.0,0,Amara Panchal,SALARY,BR599,Normal
060D9409C49C,FZJQ2103971667031,16-10-2023,DEBIT,IMPS,500.0,0,Date-Sant,UTILITY BILL,BR869,Normal
1924F345C0AC,XNLC7634369386905,16-10-2023,CREDIT,CASH,35474.0,0,SELF,CASH DEPOSIT,BR688,Structuring_Smurf
D2AAB6027169,IMSK0709039863365,16-10-2023,CREDIT,NEFT,7555.0,0,Goel-Mangal,POS PURCHASE,BR684,Normal
30F803E8A146,SWTR0654365574278,16-10-2023,CREDIT,POS,665.0,0,Goswami LLC,GROCERIES,BR439,Normal
2B9852F4DF59,ZSMD3285367034227,16-10-2023,CREDIT,IMPS,10336.0,0,Puri and Sons,POS PURCHASE,BR758,Normal
91F73EC99577,FXMI8610777893579,16-10-2023,DEBIT,POS,14958.0,0,Ranveer Krish,SALARY,BR414,Normal
A0D88D799F4D,BODP7990047940991,16-10-2023,CREDIT,POS,10578.0,0,Sani Ltd,FUNDS TRF,BR487,Normal
6D52335FCB65,BKVV9406573075201,16-10-2023,DEBIT,CASH,8572.0,0,"Nanda, Balay and Dayal",POS PURCHASE,BR848,Normal
1E4631AF9A30,GJED7468199813101,16-10-2023,DEBIT,POS,5753.0,0,Qadim Soni,SALARY,BR640,Normal
61DF2E3B72AF,LNBG8608303017538,16-10-2023,DEBIT,POS,13210.0,0,Chaudhary-Saxena,POS PURCHASE,BR563,Normal
E6D2D94F86A0,WQZW2751017117450,16-10-2023,DEBIT,UPI,12142.0,0,Advaith Mall,SALARY,BR983,Normal
078548BA0C4C,GUBC5192896249819,16-10-2023,CREDIT,POS,13262.0,0,"Salvi, Halder and Shankar",GROCERIES,BR489,Normal
F08BC44DCA42,LXDZ9553671600705,16-10-2023,DEBIT,NEFT,10523.0,0,Priya Chaudhary,UTILITY BILL,BR734,Normal
F0372F5F6CFD,PGKJ9225067211477,16-10-2023,CREDIT,CASH,7492.0,0,"Kapadia, Rastogi and Loyal",UTILITY BILL,BR562,Normal
BB34B6FDE225,UYHX8113643200938,16-10-2023,CREDIT,CASH,11096.0,0,Harini Krish,FUNDS TRF,BR448,Normal
6214B08206FF,QIDA8229605420546,16-10-2023,CREDIT,NEFT,10354.0,0,Shenoy-Chahal,UTILITY BILL,BR742,Normal
53C855F470C3,HRCM6899541780347,16-10-2023,CREDIT,NEFT,11292.0,0,Anthony Batra,GROCERIES,BR677,Normal
6234D47584EE,IBDT2011256738442,16-10-2023,CREDIT,CASH,14776.0,0,"Sangha, Sahni and Kohli",UTILITY BILL,BR873,Normal
F70C1BD798AE,XRHO6403909749113,16-10-2023,CREDIT,UPI,5521.0,0,Logan Tank,UTILITY BILL,BR128,Normal
6A382D35E948,NUQE5675288560599,16-10-2023,DEBIT,NEFT,12850.0,0,Ishita Rana,GROCERIES,BR223,Normal
632D24297EA1,GMXY8384443354887,16-10-2023,CREDIT,CASH,7807.0,0,Chad-Goel,FUNDS TRF,BR569,Normal
D9C4FBCE46A9,KAFU8991005298411,16-10-2023,DEBIT,POS,5107.0,0,"Dar, Maharaj and Sani",UTILITY BILL,BR497,Normal
C3BDC9B4F196,NQUF4307461941596,16-10-2023,CREDIT,NEFT,6951.0,0,Bala-Zacharia,POS PURCHASE,BR640,Normal
923B431CFA39,OHSE9570738019637,17-10-2023,DEBIT,IMPS,6676.0,0,Issac Inc,POS PURCHASE,BR123,Normal
B5AAF1B94E23,WNPW0407443704779,17-10-2023,CREDIT,IMPS,11307.0,0,Bakhshi Mohan,SALARY,BR126,Normal
ABF639A88988,UYSC0774940407420,17-10-2023,DEBIT,IMPS,4611.0,0,Sarthak Agrawal,SALARY,BR266,Normal
BF2B776D0DA9,FFKA2388438452730,17-10-2023,DEBIT,POS,14770.0,0,Yogi LLC,FUNDS TRF,BR699,Normal
6F8BD1C55963,IESP1465014026981,17-10-2023,DEBIT,IMPS,10411.0,0,Diya Kadakia,FUNDS TRF,BR837,Normal
BA239E7FDE2E,OWDQ6602664577130,17-10-2023,DEBIT,IMPS,8818.0,0,Gautam Bakshi,FUNDS TRF,BR905,Normal
3587DC96D2F5,QUXO0287879410954,17-10-2023,DEBIT,CASH,1387.0,0,Sangha Group,UTILITY BILL,BR345,Normal
480F915C17A6,XUYY3637913538418,17-10-2023,DEBIT,CASH,3046.0,0,Maya Shanker,POS PURCHASE,BR197,Normal
B309840F5BE0,KJLI1657767441010,17-10-2023,CREDIT,POS,14942.0,0,Kritika Sane,POS PURCHASE,BR913,Normal
45DE81BDA2B4,NSEP0786226431310,17-10-2023,DEBIT,POS,11351.0,0,Padmanabhan LLC,FUNDS TRF,BR709,Normal
3867CC75769E,IXCZ5399116164828,17-10-2023,DEBIT,IMPS,584.0,0,Ramaswamy Inc,UTILITY BILL,BR426,Normal
74DFA9458171,KHBR0342394297283,17-10-2023,DEBIT,NEFT,1393.0,0,Devansh Sehgal,POS PURCHASE,BR669,Normal
BEF4C1FB5871,UHII9949333961050,17-10-2023,DEBIT,UPI,6756.0,0,Mahika Mutti,SALARY,BR133,Normal
807CC54E47D5,YAJW8089427333616,17-10-2023,CREDIT,CASH,14545.0,0,Wable-Chadha,GROCERIES,BR359,Normal
2627E8B8D1EC,FDDN7163749791214,17-10-2023,DEBIT,CASH,5644.0,0,Charles Khare,POS PURCHASE,BR725,Normal
3A816B1708C2,TXGY6376110321896,17-10-2023,CREDIT,POS,13003.0,0,Pallavi Arora,FUNDS TRF,BR429,Normal
452180778B33,HTZY9276248639798,17-10-2023,DEBIT,UPI,6326.0,0,Kar Group,GROCERIES,BR478,Normal
D0000F6B4481,JXGW4213591221509,17-10-2023,DEBIT,POS,6419.0,0,"Thakur, Trivedi and Mani",GROCERIES,BR747,Normal
BB71A0E98744,VEWZ7999905290858,17-10-2023,DEBIT,CASH,14034.0,0,Chaudhry-Mani,POS PURCHASE,BR403,Normal
373A2CD94D27,TLNQ0252311969837,17-10-2023,DEBIT,UPI,13180.0,0,Gunbir Vohra,GROCERIES,BR513,Normal
8C5E01AF1B20,PZLB3060373739479,17-10-2023,DEBIT,POS,735.0,0,Khatri-Virk,GROCERIES,BR787,Normal
6B50549063B1,LMVC2587318496601,17-10-2023,DEBIT,POS,13691.0,0,Saksham Mannan,FUNDS TRF,BR698,Normal
9F29252357A3,RXYV2728215470386,17-10-2023,CREDIT,NEFT,9358.0,0,Aarna Sibal,GROCERIES,BR347,Normal
A7AF5E7BD06B,ZIQT7017910909480,17-10-2023,CREDIT,UPI,8699.0,0,"Grewal, Kulkarni and Hora",FUNDS TRF,BR280,Normal
6A7AF33E3B55,EILO0114259504342,17-10-2023,CREDIT,POS,8273.0,0,Madan and Sons,SALARY,BR638,Normal
254F1F8DB51E,AQQX7933515668481,17-10-2023,CREDIT,IMPS,4280.0,0,Gera-Jani,FUNDS TRF,BR730,Normal
4EE23E556F02,MZHC8853467837834,17-10-2023,DEBIT,CASH,4521.0,0,Samaksh Kala,POS PURCHASE,BR250,Normal
9EC1545470BB,FKGF4218528814520,17-10-2023,CREDIT,UPI,104.0,0,Abhiram Sachdev,POS PURCHASE,BR276,Normal
2E855EC93D32,LJKM8623999401916,17-10-2023,CREDIT,UPI,13588.0,0,Shaurya Khanna,POS PURCHASE,BR354,Normal
E6F178DD1352,KIZZ8740088812675,17-10-2023,DEBIT,CASH,5187.0,0,"Garg, Saraf and Sule",FUNDS TRF,BR614,Normal
FA0CF931981B,VCLD5177898206076,17-10-2023,DEBIT,UPI,12900.0,0,Oak-Tandon,GROCERIES,BR361,Normal
433F19202078,NRWS4673571038729,17-10-2023,DEBIT,CASH,722.0,0,"Bail, Mann and Sama",FUNDS TRF,BR140,Normal
3EC11B8FAAF6,PDLD1734007929967,17-10-2023,DEBIT,NEFT,4350.0,0,Oni Dani,POS PURCHASE,BR122,Normal
7BCBC8A2A4E0,LEWX9429816374832,17-10-2023,DEBIT,UPI,1684.0,0,Balay-Prabhakar,POS PURCHASE,BR683,Normal
E63BBA2BC31D,DHWT1102422830775,17-10-2023,CREDIT,NEFT,13042.0,0,Bhalla-Raja,UTILITY BILL,BR551,Normal
06B12BF233A3,IWIN0138643330906,17-10-2023,DEBIT,CASH,8040.0,0,Liam Peri,FUNDS TRF,BR858,Normal
9A6FE3C41917,NEPL3859301213873,17-10-2023,DEBIT,CASH,11013.0,0,Gautam Acharya,POS PURCHASE,BR773,Normal
89678D74C079,ZPLN7381852351804,17-10-2023,DEBIT,CASH,5316.0,0,Chaman Sehgal,POS PURCHASE,BR214,Normal
A9DC12F9C642,HYTP6687873731742,17-10-2023,CREDIT,UPI,12893.0,0,"Kale, Brar and Chahal",SALARY,BR707,Normal
1EF3FB34E29D,FIBD3455513411815,17-10-2023,DEBIT,NEFT,9130.0,0,"Tak, Sathe and Khurana",POS PURCHASE,BR591,Normal
B875DFF6515C,VDSG7069921954722,17-10-2023,DEBIT,POS,5813.0,0,Mand PLC,UTILITY BILL,BR888,Normal
3BC51D2D645D,OHBP5670837485170,17-10-2023,DEBIT,NEFT,11005.0,0,Sudiksha Dube,SALARY,BR278,Normal
806300FDA8D2,PUXQ4509104123480,17-10-2023,CREDIT,POS,8684.0,0,Bina Gulati,UTILITY BILL,BR721,Normal
325479231CB6,YWSR0619444079071,17-10-2023,DEBIT,NEFT,13386.0,0,Ladli Manda,UTILITY BILL,BR383,Normal
EEFD5C7361B3,VUDS4588170383537,17-10-2023,CREDIT,POS,5544.0,0,Patrick Jayaraman,UTILITY BILL,BR189,Normal
62C55108D549,ADJQ0416806990056,17-10-2023,DEBIT,UPI,1894.0,0,Gandhi-Manda,SALARY,BR138,Normal
DFCADE3CDF81,WOSL1776773729509,17-10-2023,CREDIT,POS,14067.0,0,Wakeeta Dar,FUNDS TRF,BR651,Normal
098AC22D25A1,KWAQ0334915664242,17-10-2023,CREDIT,POS,11326.0,0,Iyer Inc,SALARY,BR376,Normal
6D98F88C441E,SODT1506645408021,17-10-2023,CREDIT,CASH,14692.0,0,Ojasvi Konda,UTILITY BILL,BR281,Normal
2E5EFAC8AAE4,RHHW7747192205254,17-10-2023,DEBIT,NEFT,14065.0,0,Sara Acharya,FUNDS TRF,BR821,Normal
6A4A6A55B1E7,CAKL0201403048114,17-10-2023,CREDIT,POS,3174.0,0,Batra-Mohan,FUNDS TRF,BR415,Normal
F44C5A6BC9A4,PMXU2817926765006,17-10-2023,DEBIT,CASH,11890.0,0,Mahajan-Sem,POS PURCHASE,BR295,Normal
89C93B2AAAAA,SSHH5589979064374,17-10-2023,DEBIT,UPI,12279.0,0,Muni and Sons,SALARY,BR655,Normal
882567829458,QIPC9188889425748,17-10-2023,DEBIT,NEFT,8418.0,0,"Murthy, Rai and Patla",POS PURCHASE,BR103,Normal
44A010C79F99,TQME4426043583167,17-10-2023,CREDIT,UPI,1254.0,0,Muni-Banik,SALARY,BR984,Normal
63FCAE55B73C,JDHH2576500929904,17-10-2023,CREDIT,CASH,7193.0,0,Rege-Rana,SALARY,BR438,Normal
315D11394150,BQHE3527626442696,17-10-2023,CREDIT,CASH,9533.0,0,"Oommen, Gera and Das",GROCERIES,BR390,Normal
574B945612B0,BEQI2810499413647,17-10-2023,DEBIT,POS,12632.0,0,Naik PLC,UTILITY BILL,BR901,Normal
22703745F38C,GEYT7522272982415,17-10-2023,DEBIT,POS,11173.0,0,Ekani Bala,POS PURCHASE,BR971,Normal
9ADD139129D9,HIQU3767102025436,17-10-2023,CREDIT,CASH,12530.0,0,Dalaja Dube,FUNDS TRF,BR547,Normal
C532AE68B993,QPFC8227622539327,17-10-2023,DEBIT,IMPS,8435.0,0,"Balan, Srinivas and Upadhyay",FUNDS TRF,BR445,Normal
9F7B0C5D6ABE,XYWF9350372973792,17-10-2023,CREDIT,NEFT,6575.0,0,Balveer Buch,UTILITY BILL,BR777,Normal
B38504578B58,IJHJ4965580422648,17-10-2023,CREDIT,NEFT,5242.0,0,Omisha Dugal,POS PURCHASE,BR934,Normal
90C3A7529BAD,ASJN7873108604811,17-10-2023,DEBIT,NEFT,12834.0,0,"Jha, Dhar and Prashad",SALARY,BR968,Normal
04B72DE234AA,KAJP5302508073364,18-10-2023,DEBIT,UPI,13360.0,0,"Varma, Suresh and Babu",UTILITY BILL,BR463,Normal
95234A0151B3,JKDQ5121395992455,18-10-2023,DEBIT,NEFT,2910.0,0,"Gade, Sarna and Chaudry",FUNDS TRF,BR596,Normal
0748BC60737D,GCRO5749607790994,18-10-2023,CREDIT,POS,5382.0,0,Jagdish Thakur,POS PURCHASE,BR261,Normal
DBDC31118C3F,TWDX8383911128528,18-10-2023,CREDIT,POS,6483.0,0,Khatri and Sons,FUNDS TRF,BR798,Normal
DD6763EC522F,YMZI7935108292750,18-10-2023,CREDIT,IMPS,10334.0,0,Kiaan Baria,POS PURCHASE,BR272,Normal
377CEDFC43B9,MXCB9359004206900,18-10-2023,CREDIT,UPI,2854.0,0,Qadim Kashyap,UTILITY BILL,BR630,Normal
29957F32B302,RIZT2549845242870,18-10-2023,CREDIT,IMPS,3833.0,0,"Bandi, Kala and Sha",UTILITY BILL,BR754,Normal
98D0F39BCE57,AYMJ6166017327770,18-10-2023,CREDIT,CASH,360.0,0,Grover-Palan,GROCERIES,BR275,Normal
C0BF9B72CD22,KTZQ0054532942672,18-10-2023,DEBIT,UPI,303.0,0,Girindra Mammen,UTILITY BILL,BR662,Normal
D8ECC4D8B247,HURU8038558220771,18-10-2023,DEBIT,IMPS,13980.0,0,Reva Pall,SALARY,BR465,Normal
CEEFC95A406B,HGCZ2148593522176,18-10-2023,CREDIT,UPI,9076.0,0,"Kapadia, Master and Choudhry",SALARY,BR137,Normal
5283B4A8B9DD,LHAF2682432248117,18-10-2023,DEBIT,POS,9741.0,0,Nagarajan and Sons,SALARY,BR168,Normal
2E90BEE6A951,VZSR9437302271932,18-10-2023,CREDIT,POS,3964.0,0,Upkaar Bose,SALARY,BR393,Normal
0DF61AFE33A0,RDKS3108419998260,18-10-2023,CREDIT,UPI,7342.0,0,Divan-Karnik,GROCERIES,BR470,Normal
E398868A7DC5,NDJL8085200323962,18-10-2023,DEBIT,UPI,11471.0,0,Hiral Chaudry,UTILITY BILL,BR417,Normal
5304DA10E60D,EPUU8666108768726,18-10-2023,DEBIT,POS,841.0,0,"Bhatti, Date and Keer",SALARY,BR698,Normal
FDC749A00DEB,INUC1979412848988,18-10-2023,CREDIT,UPI,8334.0,0,Randhawa-Balay,UTILITY BILL,BR191,Normal
329A81E920E1,CNLL3057448682093,18-10-2023,CREDIT,CASH,14819.0,0,"Kohli, Bhatt and Panchal",SALARY,BR986,Normal
E1844489708F,FKNE2191896387267,18-10-2023,CREDIT,POS,11603.0,0,"Krishna, Chakrabarti and Hora",FUNDS TRF,BR563,Normal
F2B5CA2187E3,FHZT4428744172547,18-10-2023,DEBIT,NEFT,11684.0,0,Sastry PLC,UTILITY BILL,BR788,Normal
23218DE4F6CA,ZEUX7814994906683,18-10-2023,DEBIT,CASH,10745.0,0,Alexander Balakrishnan,GROCERIES,BR413,Normal
B49A6296E7C6,HGIM7826297934958,18-10-2023,CREDIT,CASH,301.0,0,Ishanvi Gala,POS PURCHASE,BR364,Normal
7B2122E917B0,VRTX7480136802079,18-10-2023,CREDIT,CASH,731.0,0,Tak-Barad,POS PURCHASE,BR494,Normal
F097328BDF6C,KECT3566296040933,18-10-2023,DEBIT,POS,5328.0,0,Agastya Luthra,FUNDS TRF,BR128,Normal
D571B4F97384,EJUS0916468723041,18-10-2023,CREDIT,NEFT,8812.0,0,Rohan Bala,SALARY,BR425,Normal
AA6392F05D05,TJMM8519643607397,18-10-2023,CREDIT,IMPS,13617.0,0,Qasim Nadig,FUNDS TRF,BR964,Normal
0F40BD3A085A,WPKF1571592819384,18-10-2023,CREDIT,UPI,9524.0,0,Agastya Taneja,SALARY,BR783,Normal
82A5BF83AD08,TLPL2631509977488,18-10-2023,DEBIT,CASH,4819.0,0,Wakeeta Agate,SALARY,BR940,Normal
ADDA6ED29208,FBIG4863042519261,18-10-2023,DEBIT,IMPS,7322.0,0,Pahal Chakrabarti,FUNDS TRF,BR244,Normal
1D9F68A6B6F5,IDYD9790799523376,18-10-2023,CREDIT,CASH,2421.0,0,Vivaan Kanda,SALARY,BR806,Normal
B51165569D82,MKZD4708490168453,18-10-2023,DEBIT,CASH,13098.0,0,Chawla PLC,UTILITY BILL,BR650,Normal
8651AA2DEEFF,VTFB8842229540306,18-10-2023,CREDIT,IMPS,6258.0,0,Keya Mukherjee,UTILITY BILL,BR290,Normal
461A85926125,VPYZ7948183592326,18-10-2023,DEBIT,UPI,6018.0,0,Umang Rajagopalan,FUNDS TRF,BR849,Normal
BB1AEE4426CC,VABC4713847178570,18-10-2023,DEBIT,UPI,10951.0,0,"Garg, Dugar and Misra",FUNDS TRF,BR455,Normal
E9A88888588C,PTAB7512833028239,18-10-2023,CREDIT,NEFT,7000.0,0,Ekansh Modi,FUNDS TRF,BR137,Normal
8401E720D6D9,BBAY1602297032390,18-10-2023,DEBIT,NEFT,5018.0,0,"Dhar, Karnik and Kar",GROCERIES,BR615,Normal
BF835CBBF5CE,SQLI8338760131086,18-10-2023,CREDIT,CASH,13890.0,0,"Singh, Hora and Golla",FUNDS TRF,BR574,Normal
DCAF73FE167C,KINP8437135658463,18-10-2023,CREDIT,IMPS,11382.0,0,"Rana, Singhal and Sha",GROCERIES,BR885,Normal
ECFA50448BB3,AUBG1414713891972,18-10-2023,DEBIT,IMPS,6778.0,0,"Raghavan, Bakshi and Bains",FUNDS TRF,BR738,Normal
19A35ADC052A,AHCW8723920746648,19-10-2023,DEBIT,NEFT,11791.0,0,Amaira Tella,UTILITY BILL,BR448,Normal
D00E994A9202,JHKL5470576718994,19-10-2023,CREDIT,UPI,12567.0,0,Yashvi Murthy,GROCERIES,BR589,Normal
161750C805B4,CNFE7922952662732,19-10-2023,CREDIT,UPI,13761.0,0,Borah LLC,POS PURCHASE,BR927,Normal
548928EA03AE,IVHN0292482903278,19-10-2023,CREDIT,CASH,10090.0,0,Kamala Bhatti,SALARY,BR673,Normal
C67F76A74D4E,JEEN9265234658819,19-10-2023,CREDIT,POS,10120.0,0,"Anne, Shroff and Dada",GROCERIES,BR415,Normal
6BEF01CCB297,VSHI7273695773631,19-10-2023,CREDIT,NEFT,2648.0,0,Issac Group,FUNDS TRF,BR285,Normal
4304EB130E8D,LEPV5378503533646,19-10-2023,CREDIT,POS,1831.0,0,Shroff and Sons,FUNDS TRF,BR502,Normal
C4F0BA22FE4E,BJCZ3152977417174,19-10-2023,DEBIT,POS,731.0,0,Tanvi Grover,GROCERIES,BR965,Normal
6C0B008F976E,DGTD5908657856873,19-10-2023,CREDIT,UPI,9105.0,0,Vaishnavi Balasubramanian,UTILITY BILL,BR186,Normal
F4C4B4C74A53,FXRR1217073147883,19-10-2023,DEBIT,IMPS,1908.0,0,"Muni, Sodhi and Bhatt",SALARY,BR295,Normal
EF7D3887FDCF,KVWJ1695278650890,19-10-2023,DEBIT,POS,5205.0,0,Arjun Doctor,GROCERIES,BR258,Normal
F1E17C82D98A,RSKP9448767077492,19-10-2023,DEBIT,NEFT,12800.0,0,Daksha Shan,GROCERIES,BR269,Normal
0F1747672509,HCBA9577113557295,19-10-2023,CREDIT,IMPS,5305.0,0,Faras Ganguly,FUNDS TRF,BR764,Normal
360DAE201F44,WTKY8631284238555,19-10-2023,DEBIT,NEFT,7285.0,0,"Memon, Yohannan and Nazareth",UTILITY BILL,BR701,Normal
59F4D71B4AC4,PJPB3684528497736,19-10-2023,DEBIT,NEFT,7701.0,0,Palla-Mistry,FUNDS TRF,BR528,Normal
B1883598E686,SKMP3512794705853,19-10-2023,DEBIT,NEFT,10400.0,0,Thomas Basak,UTILITY BILL,BR467,Normal
297D4A91107E,LQTN8246430255395,19-10-2023,CREDIT,POS,948.0,0,Rattan Group,FUNDS TRF,BR182,Normal
FCBB5B21D7DB,EFHH4687883205521,19-10-2023,CREDIT,POS,12950.0,0,Chaman Singhal,GROCERIES,BR733,Normal
B60219836C14,SSWK1663479836788,19-10-2023,DEBIT,POS,5917.0,0,Bhatti-Manda,UTILITY BILL,BR834,Normal
0BC117EA6E27,DLXW8125552812004,19-10-2023,DEBIT,UPI,1118.0,0,Jagrati Thakkar,UTILITY BILL,BR276,Normal
F164F050BC65,MVIH5625536632650,19-10-2023,CREDIT,CASH,378.0,0,Chawla-Mander,FUNDS TRF,BR548,Normal
46FC2C3826C1,AJZA1737108944980,19-10-2023,CREDIT,UPI,5740.0,0,Jeremiah Borra,UTILITY BILL,BR582,Normal
6A261936683E,ICHN3873743950542,19-10-2023,CREDIT,NEFT,14628.0,0,Jatin Pant,FUNDS TRF,BR207,Normal
3ADF73928ED1,TNKC1319434539108,19-10-2023,DEBIT,NEFT,12103.0,0,"Soman, Chad and Jaggi",SALARY,BR653,Normal
5BA9AA8B6D7D,STIM9262044406513,19-10-2023,DEBIT,IMPS,8454.0,0,Jeevika Sabharwal,SALARY,BR739,Normal
2A4533279B8E,KNES8934064712905,19-10-2023,CREDIT,IMPS,6425.0,0,Elijah Deshpande,UTILITY BILL,BR202,Normal
99E98551DFCF,QUZJ7391179809204,19-10-2023,DEBIT,UPI,3524.0,0,Bhatia-Vaidya,POS PURCHASE,BR809,Normal
2030379DA0CB,BMJC9206230841838,19-10-2023,DEBIT,UPI,1596.0,0,Sathvik Kara,SALARY,BR357,Normal
1E88F4E20719,ZDRK6585045217669,19-10-2023,DEBIT,UPI,8626.0,0,Gavin Bhatnagar,FUNDS TRF,BR950,Normal
EBCDE24DE4E6,SJVF3073413038322,19-10-2023,DEBIT,POS,7944.0,0,Chowdhury PLC,GROCERIES,BR827,Normal
D737983E6B33,NUYH5430573122808,19-10-2023,DEBIT,POS,14511.0,0,Ekiya Munshi,GROCERIES,BR105,Normal
2D28A768E962,GGGD4616663932665,19-10-2023,DEBIT,UPI,12117.0,0,Aarna Balakrishnan,POS PURCHASE,BR797,Normal
35F0F0B861FA,AGZA2360352753700,19-10-2023,CREDIT,CASH,9685.0,0,Neha Wali,FUNDS TRF,BR826,Normal
1F475D15FD55,FHVV6209725916322,19-10-2023,CREDIT,IMPS,7511.0,0,Amara Chander,UTILITY BILL,BR865,Normal
62A8927E4F29,XJRL8534469678232,19-10-2023,DEBIT,NEFT,1809.0,0,Kala Garde,UTILITY BILL,BR991,Normal
AD31E05993F2,TNYW8679575043462,19-10-2023,DEBIT,CASH,2859.0,0,Rohan Pall,GROCERIES,BR806,Normal
474CC9D428B9,OXOD9725103454332,19-10-2023,DEBIT,UPI,10883.0,0,Ishanvi Verma,UTILITY BILL,BR497,Normal
153FA88B6D54,IDMT1323054410773,19-10-2023,DEBIT,UPI,9260.0,0,"Dhingra, Chatterjee and Balan",SALARY,BR997,Normal
9FBCDEDCA553,FVYQ4673196212450,19-10-2023,CREDIT,NEFT,14337.0,0,Kohli-Singhal,FUNDS TRF,BR277,Normal
535F70B0982A,DRDY5465818370097,19-10-2023,DEBIT,UPI,2898.0,0,Niharika Rastogi,SALARY,BR343,Normal
F7EE459306B5,HVOH7242472342851,19-10-2023,DEBIT,IMPS,1539.0,0,"Dhillon, Magar and Brar",FUNDS TRF,BR637,Normal
EB0D0B83CB51,KGXX7500395469041,20-10-2023,DEBIT,IMPS,5586.0,0,"Chaudhary, Ben and Din",GROCERIES,BR311,Normal
B995B86900A7,DJNO1167594036472,20-10-2023,DEBIT,POS,1305.0,0,"Deol, Master and Hari",POS PURCHASE,BR293,Normal
CAC989AE6480,SYFV5986537841274,20-10-2023,DEBIT,POS,10976.0,0,"Thakur, Lad and More",SALARY,BR807,Normal
C4174C88FB35,SVQI3824510654467,20-10-2023,CREDIT,CASH,1433.0,0,"Goyal, Pandya and Sarkar",GROCERIES,BR936,Normal
A206211C1677,HFQL9836217785891,20-10-2023,CREDIT,UPI,5597.0,0,Vasana Kannan,POS PURCHASE,BR148,Normal
39CA6BBF65AF,YJAT9467209752955,20-10-2023,DEBIT,POS,3275.0,0,Fiyaz Uppal,POS PURCHASE,BR393,Normal
2068683C96E1,WQZX4283851395927,20-10-2023,CREDIT,POS,6322.0,0,Dev Dani,SALARY,BR980,Normal
334E8711B2A7,OZKF7950662312742,20-10-2023,CREDIT,UPI,11762.0,0,"Sunder, Edwin and Goda",SALARY,BR603,Normal
D35DC529C2DC,EFYT7109694001587,20-10-2023,CREDIT,NEFT,2998.0,0,Sanaya Wason,SALARY,BR588,Normal
F936FFD94AE8,SUOO8038347571273,20-10-2023,CREDIT,UPI,4845.0,0,Neha Keer,POS PURCHASE,BR994,Normal
AC2C1DAB9C6F,DDFS9662454637663,20-10-2023,CREDIT,UPI,9986.0,0,Girish Kala,FUNDS TRF,BR174,Normal
1AC11644D30A,TQNM8603103637029,20-10-2023,CREDIT,UPI,8862.0,0,Mitali Sundaram,POS PURCHASE,BR942,Normal
2E1799D9F247,UYLN6016744855736,20-10-2023,CREDIT,NEFT,6850.0,0,"Aurora, Comar and Muni",POS PURCHASE,BR285,Normal
51136FB79589,VJFV0558604838828,20-10-2023,CREDIT,POS,7174.0,0,Caleb Tiwari,POS PURCHASE,BR641,Normal
1283D51A64CB,HOJA1879819270706,20-10-2023,DEBIT,NEFT,11391.0,0,"Dass, Sridhar and Jayaraman",GROCERIES,BR635,Normal
629525E0F5B7,IWSC5313436109060,20-10-2023,DEBIT,CASH,8768.0,0,Gayathri Som,GROCERIES,BR524,Normal
5B657A63C19C,TLQY2352879223582,20-10-2023,CREDIT,IMPS,12797.0,0,Ladli Lanka,UTILITY BILL,BR164,Normal
FAE2E48DCA66,TMEV2276063628003,20-10-2023,DEBIT,POS,207.0,0,Irya Date,GROCERIES,BR240,Normal
A0C8CE6E2BF7,AQII3740104770024,20-10-2023,CREDIT,POS,7883.0,0,Grover and Sons,GROCERIES,BR636,Normal
D882BE8784D0,VTMR7304223671887,20-10-2023,DEBIT,IMPS,6793.0,0,Ayush De,POS PURCHASE,BR904,Normal
85EE33D22419,PGXK7547638197585,20-10-2023,CREDIT,NEFT,5605.0,0,"Mani, Raj and Goda",UTILITY BILL,BR376,Normal
94E99B142094,YSXW7504791114503,20-10-2023,CREDIT,CASH,12783.0,0,Nimrat Thaman,POS PURCHASE,BR915,Normal
ACDBE4081E8B,UBCO3240182466688,20-10-2023,CREDIT,CASH,783.0,0,Gaurang Ramachandran,GROCERIES,BR232,Normal
26EABCFCBF25,TUTG6988153930341,20-10-2023,CREDIT,POS,4461.0,0,"Sani, Kale and Bansal",SALARY,BR937,Normal
98A37A9D7E06,TQYH3924679406772,20-10-2023,DEBIT,CASH,1114.0,0,Liam Agarwal,POS PURCHASE,BR836,Normal
65D9EDB5FEA8,KZEP6493456950077,20-10-2023,CREDIT,NEFT,11406.0,0,Rehaan Mander,UTILITY BILL,BR228,Normal
6451601788AE,MCYF8615125621611,20-10-2023,CREDIT,UPI,13273.0,0,Aahana Chadha,SALARY,BR415,Normal
A372A2029FBD,ZUFY9518297637118,20-10-2023,CREDIT,POS,269.0,0,Shukla LLC,POS PURCHASE,BR238,Normal
FB29D8B8C5A2,LTAU6510063318971,20-10-2023,DEBIT,CASH,12369.0,0,Vyas-Acharya,SALARY,BR714,Normal
C465F10EBC66,GIRG4577558079348,20-10-2023,CREDIT,POS,13142.0,0,"Dhingra, Lanka and Rege",POS PURCHASE,BR492,Normal
EC583DC86361,IUEQ6754455208875,20-10-2023,CREDIT,IMPS,12765.0,0,Choudhary Inc,POS PURCHASE,BR684,Normal
4A2FC800F6AE,CLMJ7189556370761,20-10-2023,CREDIT,IMPS,4311.0,0,Anamika Banik,FUNDS TRF,BR260,Normal
32E5500B2043,SVTQ3496355598229,20-10-2023,CREDIT,CASH,5481.0,0,Lekha Karan,FUNDS TRF,BR276,Normal
C1EDD4FBA842,NYSY1024838733128,20-10-2023,CREDIT,POS,12147.0,0,Kari PLC,GROCERIES,BR584,Normal
36F9FE541D29,XGVQ6271117635193,20-10-2023,CREDIT,UPI,7864.0,0,Jason Kaul,SALARY,BR690,Normal
202F7EE1D4FF,XBBI2522994776861,20-10-2023,DEBIT,POS,8380.0,0,Ramanathan Ltd,SALARY,BR388,Normal
615863FCB531,VJXV6130862332880,20-10-2023,DEBIT,IMPS,6345.0,0,Meghana Minhas,GROCERIES,BR433,Normal
505CBD605D12,GKPQ0505480495661,20-10-2023,DEBIT,NEFT,5862.0,0,Sara Ramakrishnan,UTILITY BILL,BR724,Normal
CCD2D6E49380,GROS6796481322986,20-10-2023,CREDIT,CASH,6574.0,0,Jagrati Ray,FUNDS TRF,BR178,Normal
224F1BECAEC6,EKWB4723145466710,20-10-2023,CREDIT,CASH,2307.0,0,Sankar-Bassi,UTILITY BILL,BR294,Normal
6EF65EEA7190,MVHS2740349053946,20-10-2023,CREDIT,IMPS,3328.0,0,Murthy-Hayer,POS PURCHASE,BR902,Normal
E0641DFE9959,QKSR5202008602535,20-10-2023,CREDIT,CASH,11407.0,0,"Sane, Goswami and Ahuja",GROCERIES,BR579,Normal
4B9F7864D85D,WVWV4200874846725,20-10-2023,CREDIT,NEFT,12136.0,0,"Rajagopalan, Sahni and Mann",GROCERIES,BR429,Normal
421327F3A1FD,ISIS8474748953493,20-10-2023,CREDIT,POS,9150.0,0,Champak Bhatt,GROCERIES,BR139,Normal
93852885726A,PDIH5972187006258,20-10-2023,DEBIT,POS,5483.0,0,Nadkarni and Sons,POS PURCHASE,BR621,Normal
AAF415577422,HFER0533524278895,20-10-2023,CREDIT,CASH,5897.0,0,Lavanya Nath,FUNDS TRF,BR285,Normal
3501C0C11357,DCGB9093406036679,20-10-2023,DEBIT,POS,6767.0,0,Vamakshi Halder,GROCERIES,BR525,Normal
FED259AAA4C9,EJSP9039086904762,20-10-2023,DEBIT,IMPS,13783.0,0,Bir-Rajan,SALARY,BR177,Normal
F41D9FFD6092,MJBW1611947707313,20-10-2023,CREDIT,NEFT,11735.0,0,Upkaar Bhalla,FUNDS TRF,BR730,Normal
8B0232207F02,LBRP4371566721674,20-10-2023,CREDIT,CASH,11410.0,0,"Mukherjee, Oommen and Varma",UTILITY BILL,BR945,Normal
4FF9246E3AF9,EVPB7599399966961,20-10-2023,CREDIT,IMPS,12330.0,0,Kala Rau,FUNDS TRF,BR975,Normal
357372DC919A,MGZU0398113873776,20-10-2023,CREDIT,UPI,9502.0,0,Bhatia LLC,FUNDS TRF,BR912,Normal
367AD5BE7159,RIXB7961427435689,20-10-2023,CREDIT,UPI,2555.0,0,Bhavna Balay,GROCERIES,BR139,Normal
5D0E5B3A86B9,ICXE3640620511122,20-10-2023,CREDIT,CASH,5886.0,0,Bassi LLC,FUNDS TRF,BR341,Normal
FB01EF18001B,ILAH6678795723134,20-10-2023,DEBIT,NEFT,1072.0,0,"Jaggi, Walla and Parikh",POS PURCHASE,BR672,Normal
839E712D74FD,FXTC9147552899842,20-10-2023,CREDIT,IMPS,5559.0,0,Narula-Khurana,POS PURCHASE,BR469,Normal
DBA50535220E,YQIW7860298531417,20-10-2023,DEBIT,CASH,12023.0,0,Dara Ltd,FUNDS TRF,BR483,Normal
5B4384561366,JNVT1643390439536,20-10-2023,DEBIT,IMPS,11559.0,0,Frederick Cheema,GROCERIES,BR251,Normal
E65CC52EB44B,UGCA9644584893187,20-10-2023,CREDIT,CASH,336.0,0,Wali LLC,GROCERIES,BR705,Normal
7F570F42CD00,BOZM7458398294639,20-10-2023,CREDIT,NEFT,12386.0,0,Lad PLC,POS PURCHASE,BR659,Normal
9ACBBB04473D,RTME5638705785664,20-10-2023,CREDIT,UPI,9587.0,0,Arunima Ramaswamy,UTILITY BILL,BR451,Normal
8DB71A4D6F27,CGAC1172417752643,20-10-2023,CREDIT,CASH,7676.0,0,Advay Goel,POS PURCHASE,BR378,Normal
21057270A2BB,MECQ1299152183231,21-10-2023,DEBIT,UPI,2205.0,0,"Kale, Chadha and Bahri",SALARY,BR493,Normal
E25AEFB9EDEF,CWFN0786395424159,21-10-2023,DEBIT,NEFT,4563.0,0,Manbir Vora,SALARY,BR491,Normal
4604EA2CF68D,VMXD3575838162881,21-10-2023,DEBIT,NEFT,3416.0,0,Utkarsh Vig,FUNDS TRF,BR422,Normal
95FF6FAC7EE8,GGRU8906249167971,21-10-2023,CREDIT,UPI,8850.0,0,Krishna Yohannan,UTILITY BILL,BR468,Normal
63BDA8F94EC2,OACA3306011753449,21-10-2023,DEBIT,CASH,7866.0,0,Char-Barman,POS PURCHASE,BR260,Normal
87AF3AB7E116,MULT6344381985760,21-10-2023,DEBIT,NEFT,6026.0,0,Watika Palla,UTILITY BILL,BR709,Normal
CC0922DB0D8F,AIDT2738224202694,21-10-2023,CREDIT,NEFT,14282.0,0,Daksha Modi,UTILITY BILL,BR754,Normal
B14B880B7799,NQHH4599150316207,21-10-2023,CREDIT,POS,5860.0,0,Ekiya Bhandari,GROCERIES,BR936,Normal
37F3D4ADCC5B,ZJDU0694945608424,21-10-2023,DEBIT,NEFT,7844.0,0,Timothy Ravi,POS PURCHASE,BR893,Normal
64DFD6852A5B,BRRC1270136864936,21-10-2023,CREDIT,IMPS,175.0,0,Narang Inc,GROCERIES,BR242,Normal
42CEFF2E905B,TZKU2075539903718,21-10-2023,DEBIT,IMPS,12840.0,0,Mandal-Manne,UTILITY BILL,BR582,Normal
0AEA243299EA,XGZK5869457629812,21-10-2023,DEBIT,UPI,2125.0,0,Ishanvi Edwin,FUNDS TRF,BR712,Normal
3B474D02E21A,XWJG1127877943474,21-10-2023,DEBIT,NEFT,11838.0,0,"Radhakrishnan, Sibal and Pathak",POS PURCHASE,BR723,Normal
C6AFEE5A7DC0,WEDS6270186365407,21-10-2023,CREDIT,POS,4159.0,0,Chakradev Pradhan,GROCERIES,BR478,Normal
B3EAAB15E8D2,KVMH5037531940789,21-10-2023,CREDIT,NEFT,12003.0,0,Jasmit Kala,UTILITY BILL,BR187,Normal
C383DC9A12CF,HOPQ4195059345014,21-10-2023,DEBIT,IMPS,10865.0,0,"Malhotra, Dugal and Kar",FUNDS TRF,BR665,Normal
A5222B0C138F,QKEA8943858108918,21-10-2023,CREDIT,NEFT,2475.0,0,Kapoor and Sons,FUNDS TRF,BR829,Normal
536520193508,WRBE7263490921520,21-10-2023,DEBIT,NEFT,8218.0,0,Palla Inc,SALARY,BR132,Normal
2DD4105CF889,TMIT1105067019223,21-10-2023,CREDIT,IMPS,13815.0,0,Sanghvi PLC,GROCERIES,BR853,Normal
C47F5D65CC73,FQCF5244393827363,21-10-2023,DEBIT,POS,4372.0,0,"Bajwa, Rout and Dixit",FUNDS TRF,BR789,Normal
0995ED2D46F4,FPSA9061142412263,21-10-2023,CREDIT,POS,11791.0,0,Baljiwan Bose,GROCERIES,BR654,Normal
21756FD0550B,QFGN3000235825395,21-10-2023,CREDIT,POS,6597.0,0,Jaggi Ltd,GROCERIES,BR296,Normal
5C2E9D30FAD4,EUIF4998805529029,21-10-2023,DEBIT,CASH,9460.0,0,Mandal-Sani,FUNDS TRF,BR405,Normal
0B2AB06CCCE1,SDOS0698204285942,21-10-2023,DEBIT,IMPS,2489.0,0,Dar-Sheth,FUNDS TRF,BR830,Normal
A72BCCB2E66D,FQYA9790188903498,21-10-2023,CREDIT,UPI,1198.0,0,Nilima Sastry,POS PURCHASE,BR664,Normal
EB30BC20DDD1,UMNF6726999932496,21-10-2023,DEBIT,CASH,4077.0,0,Avi Karpe,UTILITY BILL,BR678,Normal
F313E606ABA2,KFRY8598883316815,21-10-2023,CREDIT,NEFT,5429.0,0,Thaman and Sons,POS PURCHASE,BR450,Normal
50B3FDCCB794,QXOY4618874617527,21-10-2023,CREDIT,NEFT,13535.0,0,Abhimanyu Kapur,GROCERIES,BR873,Normal
3342F08DEB5A,IMIA0044437925482,21-10-2023,DEBIT,IMPS,5411.0,0,Raval-Suri,UTILITY BILL,BR934,Normal
367243838A13,FNZM3553188551754,21-10-2023,DEBIT,POS,9281.0,0,Chauhan-Gala,UTILITY BILL,BR602,Normal
8B11B589708A,RSSF0330434733037,21-10-2023,CREDIT,POS,3846.0,0,Amara Deep,FUNDS TRF,BR299,Normal
2BB244FCE4F4,THAB6962279117277,21-10-2023,DEBIT,UPI,3348.0,0,Laksh Prakash,SALARY,BR672,Normal
2F8AAFAB0F29,MTIO7495162043683,21-10-2023,DEBIT,NEFT,2782.0,0,Ati Loke,FUNDS TRF,BR450,Normal
581AE154EE18,XRSM9026402862504,21-10-2023,DEBIT,UPI,6750.0,0,"Sethi, Kakar and Bahri",UTILITY BILL,BR507,Normal
CBF6FD268029,URNE4611481586033,21-10-2023,DEBIT,CASH,13120.0,0,Maya Jaggi,GROCERIES,BR483,Normal
B8A3A9BF2241,DISG2629149921274,21-10-2023,CREDIT,CASH,8926.0,0,Prabhu Ltd,UTILITY BILL,BR315,Normal
E0A4790C1DD1,MXTW8655728427012,21-10-2023,DEBIT,POS,9157.0,0,"Naik, Balay and Kapadia",POS PURCHASE,BR870,Normal
D998F2A8800C,MFXB7293926966309,21-10-2023,DEBIT,NEFT,14618.0,0,Ramesh and Sons,SALARY,BR747,Normal
7341E077B23B,SPQN5014111060268,21-10-2023,CREDIT,POS,470.0,0,Brijesh Kuruvilla,POS PURCHASE,BR566,Normal
67CBA8F0C778,CIHJ7016209536831,21-10-2023,CREDIT,CASH,6847.0,0,Ojas Pau,POS PURCHASE,BR610,Normal
C2175424DD9B,TGEM9645768696752,21-10-2023,DEBIT,UPI,12493.0,0,"Lanka, Gera and Sharaf",POS PURCHASE,BR685,Normal
E8E6F4CC3755,BHGA1660640718844,21-10-2023,DEBIT,POS,5969.0,0,"Nayak, Das and Khalsa",FUNDS TRF,BR228,Normal
63D38F95DBC1,CMTR4728172770629,21-10-2023,CREDIT,CASH,6232.0,0,"Sarna, Majumdar and Karpe",FUNDS TRF,BR529,Normal
10F620CB73DB,DCTK4790537914092,21-10-2023,CREDIT,NEFT,14891.0,0,Hegde-Nazareth,POS PURCHASE,BR654,Normal
8A6103967C3A,FAKU8749335130885,21-10-2023,DEBIT,CASH,9489.0,0,Mitra and Sons,SALARY,BR990,Normal
88C408470497,PUIE1840876421711,21-10-2023,CREDIT,POS,4253.0,0,Sarin PLC,POS PURCHASE,BR314,Normal
02576E540A8F,OHEY8827194991192,21-10-2023,DEBIT,CASH,4676.0,0,"Pandey, Banik and Sunder",GROCERIES,BR491,Normal
B55BEF7EEF17,FGZV3662827110650,21-10-2023,CREDIT,IMPS,8344.0,0,Anmol Khosla,UTILITY BILL,BR217,Normal
A7CBA76654F8,VNDS4694763292371,21-10-2023,CREDIT,IMPS,12812.0,0,"Ram, Tank and Divan",UTILITY BILL,BR700,Normal
FB65DA2537C5,ULZF2761896224819,21-10-2023,DEBIT,UPI,11043.0,0,Chakradhar Chawla,UTILITY BILL,BR792,Normal
C7427130884E,VWIM8773740191192,21-10-2023,DEBIT,IMPS,2590.0,0,Wagle-Basu,POS PURCHASE,BR825,Normal
787197635FE8,JSKD8234205149006,21-10-2023,DEBIT,UPI,8242.0,0,Netra Bobal,GROCERIES,BR464,Normal
E9D80554890E,LWUQ4773071515959,22-10-2023,CREDIT,NEFT,14039.0,0,"Bail, Nath and Deshmukh",GROCERIES,BR942,Normal
5A5081FC1C54,MUOY4907009056486,22-10-2023,CREDIT,POS,5827.0,0,Dugar-Lanka,UTILITY BILL,BR593,Normal
4BFFC125B426,KSDQ8316901080784,22-10-2023,CREDIT,CASH,2568.0,0,Shere-Patla,FUNDS TRF,BR137,Normal
2B7E7D401425,UPUA3925503718286,22-10-2023,CREDIT,UPI,14763.0,0,Isaiah Mall,POS PURCHASE,BR960,Normal
716498A33323,OPNC8386427506825,22-10-2023,DEBIT,NEFT,14237.0,0,Neel Sastry,GROCERIES,BR621,Normal
820A586DC898,ELSN1083440163193,22-10-2023,DEBIT,CASH,430.0,0,Radhika Prakash,FUNDS TRF,BR228,Normal
78F7E107F725,BDTU4252851845222,22-10-2023,DEBIT,CASH,12068.0,0,"Krishna, Apte and Shanker",GROCERIES,BR380,Normal
35C7C9F4C13B,LKON9633585143992,22-10-2023,DEBIT,POS,513.0,0,"De, Murty and Barad",UTILITY BILL,BR944,Normal
F778AFE9B9D5,NKIK7311030182816,22-10-2023,CREDIT,POS,13179.0,0,Baral Inc,FUNDS TRF,BR671,Normal
22DF06868B24,MCVT6942671994362,22-10-2023,CREDIT,CASH,4812.0,0,Bose-Dani,GROCERIES,BR289,Normal
3F8FC8796237,XTDV6044848475269,22-10-2023,CREDIT,IMPS,6064.0,0,Dass-Gandhi,SALARY,BR724,Normal
0F1328E6EC16,QARF2065589816975,22-10-2023,DEBIT,CASH,5585.0,0,Keer Ltd,SALARY,BR931,Normal
2656B7AA60DF,DOPK1184284309678,22-10-2023,CREDIT,POS,11748.0,0,Frederick Bhakta,POS PURCHASE,BR925,Normal
55102B29EFD5,DHYZ8503919273071,22-10-2023,DEBIT,IMPS,10295.0,0,"Wadhwa, Pau and Narain",FUNDS TRF,BR385,Normal
1C9CDE6D1676,NCDN0468549855627,22-10-2023,CREDIT,IMPS,5773.0,0,Parmer and Sons,FUNDS TRF,BR423,Normal
EE961874F5E7,LOWU7950227796512,22-10-2023,CREDIT,IMPS,2308.0,0,Fitan Bora,POS PURCHASE,BR873,Normal
30C2A6CD75D3,ENVG4347739851129,22-10-2023,CREDIT,POS,2243.0,0,Bakshi Inc,GROCERIES,BR573,Normal
F1DCCA3FE4F6,DENV4622863783344,22-10-2023,DEBIT,POS,8509.0,0,Ladli Bajwa,POS PURCHASE,BR535,Normal
D3455231D14E,GNZO2607114914383,22-10-2023,DEBIT,IMPS,13808.0,0,Priya Panchal,POS PURCHASE,BR518,Normal
5A97FCD69997,IPZM7959238948167,22-10-2023,DEBIT,CASH,3885.0,0,Saxena-Dara,POS PURCHASE,BR613,Normal
52B9B75660B1,STBC1386063599768,22-10-2023,DEBIT,CASH,5979.0,0,Amol Jayaraman,SALARY,BR185,Normal
8F84472BF351,IFIT7124944499627,22-10-2023,CREDIT,UPI,14069.0,0,Mody Ltd,SALARY,BR450,Normal
191813D3F7F2,WUWZ2258067920471,22-10-2023,CREDIT,CASH,9163.0,0,Meera Venkatesh,UTILITY BILL,BR975,Normal
22E2B055C76A,WTOK2395289106007,22-10-2023,CREDIT,IMPS,2067.0,0,Harini Bhagat,POS PURCHASE,BR347,Normal
9C1AE0C816DB,QYXK9426609474074,22-10-2023,DEBIT,CASH,12374.0,0,Rajata Dora,FUNDS TRF,BR322,Normal
5809E4AE3FED,OGUK4395951334375,22-10-2023,DEBIT,IMPS,14375.0,0,Shankar-Dutt,POS PURCHASE,BR735,Normal
512786DA9A73,ZZUQ6069411966142,22-10-2023,DEBIT,POS,151.0,0,Deepa Bal,FUNDS TRF,BR363,Normal
2415CA123F7C,TZVM0065425867237,22-10-2023,DEBIT,CASH,10703.0,0,Kannan Inc,GROCERIES,BR553,Normal
69AE16C1EA3E,IRPK2365610573283,22-10-2023,DEBIT,UPI,5611.0,0,Pranav Buch,UTILITY BILL,BR860,Normal
52613263B5EA,WZLU4268469115313,22-10-2023,CREDIT,POS,4705.0,0,"Keer, Vala and Solanki",SALARY,BR885,Normal
8F3712A6474C,TFDI1107859838947,22-10-2023,CREDIT,POS,6848.0,0,Girik Tella,GROCERIES,BR754,Normal
A6525BF1CD2A,ZCES9012403424864,22-10-2023,CREDIT,POS,13082.0,0,Kai Mitra,UTILITY BILL,BR634,Normal
ECD2A2D80AB3,ABJV9893430187632,22-10-2023,DEBIT,NEFT,9310.0,0,Sarthak Nagy,FUNDS TRF,BR285,Normal
CF74BE085EF9,QPOD4177635480147,22-10-2023,DEBIT,CASH,8178.0,0,"Deep, Sharaf and Pall",UTILITY BILL,BR303,Normal
83D53E92A70B,ARYT8237524044787,22-10-2023,DEBIT,UPI,10570.0,0,Nath PLC,SALARY,BR776,Normal
0A114309DEDC,KTVC9213317539328,22-10-2023,DEBIT,NEFT,3874.0,0,"Bala, Chadha and Kuruvilla",SALARY,BR406,Normal
02F90EEE476F,LBQJ6614994934992,22-10-2023,CREDIT,NEFT,5269.0,0,"Sankar, Chatterjee and Ram",POS PURCHASE,BR124,Normal
FCCDFABF7C5E,MOAR4067452195447,22-10-2023,CREDIT,POS,11181.0,0,"Iyengar, Wadhwa and Thaman",UTILITY BILL,BR853,Normal
6928C81D70A2,WKRI8746971938369,22-10-2023,DEBIT,POS,9066.0,0,Ucchal Gera,GROCERIES,BR862,Normal
04B9548AFD98,QYZR0601465338785,22-10-2023,DEBIT,NEFT,8421.0,0,"Prashad, Batta and Bhargava",POS PURCHASE,BR310,Normal
FD661FD46334,YPKI0149535276960,22-10-2023,CREDIT,POS,14537.0,0,Shukla-Mander,POS PURCHASE,BR771,Normal
0B0485880713,AEUG0826386288996,22-10-2023,CREDIT,NEFT,9114.0,0,Chakrika Saran,GROCERIES,BR223,Normal
303EED4FC205,WPXA9024041957715,22-10-2023,DEBIT,NEFT,13813.0,0,Faras Dalal,POS PURCHASE,BR573,Normal
AED65DE0DEFA,TDWW8494563706002,22-10-2023,DEBIT,NEFT,7268.0,0,Kiaan Sachdev,FUNDS TRF,BR667,Normal
313E534A95F3,ZFQA2274621607624,22-10-2023,DEBIT,CASH,975.0,0,Bhavani Divan,POS PURCHASE,BR407,Normal
F219CE7FA357,USUP3381387866618,22-10-2023,CREDIT,POS,10078.0,0,Mammen-Dugar,POS PURCHASE,BR510,Normal
879D76F90E05,ADQX1913210212978,22-10-2023,CREDIT,POS,11319.0,0,Harita Choudhry,POS PURCHASE,BR288,Normal
31907F1B823F,EEER8456285317018,22-10-2023,DEBIT,UPI,7959.0,0,George Pau,SALARY,BR925,Normal
FD3300BF6225,FXSU9757235385366,22-10-2023,CREDIT,CASH,6251.0,0,Chaitaly Raghavan,FUNDS TRF,BR447,Normal
2410026E35FC,XHOC1897270228404,23-10-2023,CREDIT,POS,6822.0,0,"Borah, Rege and Rai",GROCERIES,BR762,Normal
62B6F8D6EF12,QRFM2361125777524,23-10-2023,DEBIT,NEFT,9462.0,0,Vamakshi Mohan,SALARY,BR222,Normal
1B624A2250A7,GLGA8406709351523,23-10-2023,DEBIT,UPI,479.0,0,Rout-Narula,SALARY,BR548,Normal
1495AD2EB7C1,RTDH7881604052649,23-10-2023,CREDIT,UPI,8589.0,0,Sanya Dube,POS PURCHASE,BR150,Normal
77F1457C19CC,IDHH7661393480127,23-10-2023,CREDIT,IMPS,7532.0,0,"Pai, Mishra and Pradhan",GROCERIES,BR358,Normal
6366441B102C,DIMG3547649008302,23-10-2023,CREDIT,NEFT,9753.0,0,George Kuruvilla,GROCERIES,BR661,Normal
4CADE7CC3BDB,PWPB9452503338014,23-10-2023,DEBIT,CASH,859.0,0,Yohannan-Bhatnagar,SALARY,BR550,Normal
C7C87E2B3348,NUQV9522387541809,23-10-2023,CREDIT,UPI,339.0,0,Ramakrishnan-Vig,GROCERIES,BR125,Normal
B2B47B491087,BKCZ9379053718390,23-10-2023,DEBIT,NEFT,6311.0,0,"Naidu, Dyal and Narayan",SALARY,BR486,Normal
B4EEFFF45D2B,FGSW4423175859411,23-10-2023,DEBIT,UPI,2660.0,0,Bhattacharyya Ltd,POS PURCHASE,BR100,Normal
E244309AEE6A,HTJB1195133457259,23-10-2023,DEBIT,POS,3287.0,0,Tanay Nagar,UTILITY BILL,BR920,Normal
5A7BC8BEBF23,OJZI8278911758023,23-10-2023,DEBIT,IMPS,10167.0,0,Lad and Sons,SALARY,BR998,Normal
F672EF185E2E,GYNZ8208872533625,23-10-2023,CREDIT,UPI,3050.0,0,Pall-Yogi,GROCERIES,BR787,Normal
3797E69555D3,RVPF6897040621733,23-10-2023,CREDIT,NEFT,11072.0,0,Garima Misra,FUNDS TRF,BR265,Normal
5578FBB6AF45,OZGE8028921391155,23-10-2023,DEBIT,NEFT,331.0,0,Mugdha Majumdar,SALARY,BR580,Normal
17D811A53A12,CCYQ8688852614183,23-10-2023,DEBIT,POS,685.0,0,Jayaraman-Srinivasan,POS PURCHASE,BR831,Normal
89EBF59B784D,RJFE9809379713182,23-10-2023,DEBIT,POS,12520.0,0,Tata Inc,FUNDS TRF,BR536,Normal
502273ED1117,UXIL9680466204207,23-10-2023,DEBIT,POS,4579.0,0,Girik Kalita,POS PURCHASE,BR355,Normal
9112942D5CED,IPAO7934712013251,23-10-2023,DEBIT,POS,9530.0,0,Chandresh Srinivas,POS PURCHASE,BR428,Normal
F431453F948F,XLXS4089934046625,23-10-2023,DEBIT,NEFT,3052.0,0,Mason Mammen,POS PURCHASE,BR336,Normal
F7EFDCD94E34,GWTF6023478026548,23-10-2023,DEBIT,POS,14023.0,0,Raksha Buch,POS PURCHASE,BR190,Normal
947F3A6011BB,LLRJ1476618501622,23-10-2023,CREDIT,CASH,4847.0,0,Oviya Bera,SALARY,BR972,Normal
17FFA5A65EFF,SVKN9153645188081,23-10-2023,CREDIT,IMPS,3714.0,0,Rishi Srinivas,POS PURCHASE,BR127,Normal
CB5682D56101,TMDQ2323883525783,23-10-2023,CREDIT,NEFT,9673.0,0,Gopal Yohannan,POS PURCHASE,BR773,Normal
E9777EB84C37,GXBO0650312108560,23-10-2023,CREDIT,CASH,4494.0,0,Palla Inc,UTILITY BILL,BR533,Normal
C6E6195E64EA,FAKT0592936007561,23-10-2023,DEBIT,POS,4949.0,0,Arin Sandal,POS PURCHASE,BR627,Normal
0AC53FF3B7CB,NBBK3857605153209,23-10-2023,CREDIT,POS,12623.0,0,Gagan Garde,POS PURCHASE,BR160,Normal
3D02FC57349F,PMTU0920164978971,23-10-2023,DEBIT,POS,9977.0,0,Meera Ghosh,UTILITY BILL,BR361,Normal
75B78F0B3BAB,TUZV9926178996586,23-10-2023,CREDIT,UPI,5792.0,0,Wishi Koshy,GROCERIES,BR979,Normal
1ADEEA94A0D8,HQKI5974849211496,23-10-2023,CREDIT,NEFT,5690.0,0,"Jha, Kar and Thaker",GROCERIES,BR382,Normal
E0E8B4DC00BD,KFHO3371290183168,23-10-2023,DEBIT,CASH,3782.0,0,Gandhi-Tailor,SALARY,BR561,Normal
89A80E8E520B,AQMA7882257325227,23-10-2023,DEBIT,UPI,6361.0,0,Sengupta PLC,SALARY,BR826,Normal
D6F282CE7167,VDZV3815090487827,23-10-2023,DEBIT,NEFT,568.0,0,"Chadha, Balay and Dhingra",SALARY,BR745,Normal
A866472B6E1D,IPMJ9397464360451,23-10-2023,CREDIT,IMPS,3616.0,0,Mani-Narasimhan,SALARY,BR805,Normal
83FAA57A2C6F,MUOI3418827486981,23-10-2023,CREDIT,IMPS,5765.0,0,Neha Krishnamurthy,UTILITY BILL,BR436,Normal
CD50111B1798,VVXC5895799407244,23-10-2023,CREDIT,POS,6709.0,0,Alka Din,UTILITY BILL,BR499,Normal
F16A4EE94810,CXUL4242345600899,23-10-2023,DEBIT,IMPS,9789.0,0,"Oza, Grover and Rastogi",GROCERIES,BR588,Normal
2BCADF3AE2DD,LPLG9922973503352,23-10-2023,DEBIT,NEFT,9842.0,0,Ahuja-Reddy,UTILITY BILL,BR257,Normal
B6A30E92BFFA,KTBR5156576794905,23-10-2023,DEBIT,UPI,9122.0,0,Khatri-Sami,POS PURCHASE,BR340,Normal
ADF2450F72B5,VFSM8423022333966,23-10-2023,CREDIT,CASH,7230.0,0,Loke and Sons,FUNDS TRF,BR922,Normal
EFA585EF293A,TEOC5602767375406,23-10-2023,CREDIT,NEFT,12902.0,0,"Seshadri, Nagarajan and Sant",GROCERIES,BR630,Normal
D639A087555F,GYIO2840707033503,23-10-2023,DEBIT,UPI,761.0,0,Dhar LLC,UTILITY BILL,BR212,Normal
CF090E7F6DF0,LTQX2936521534420,23-10-2023,CREDIT,CASH,5009.0,0,Qabil Koshy,GROCERIES,BR927,Normal
BBFA10AAA64C,JNRY1670616770780,23-10-2023,DEBIT,CASH,13649.0,0,Thakur Inc,UTILITY BILL,BR744,Normal
61D8D6741A30,CGTB6066640784476,23-10-2023,CREDIT,IMPS,12779.0,0,Ria Buch,GROCERIES,BR609,Normal
7E6DB20E111F,JNAF7705547949877,23-10-2023,DEBIT,UPI,5266.0,0,Shankar LLC,GROCERIES,BR502,Normal
9602DD119EA0,NSGQ8464669582278,23-10-2023,DEBIT,IMPS,2010.0,0,Naveen Pillai,SALARY,BR940,Normal
4BEF0DE36E73,FBHU9197415108145,23-10-2023,DEBIT,POS,7456.0,0,Pai Inc,POS PURCHASE,BR606,Normal
56BFB3A6F56F,EPFK8305215205753,23-10-2023,CREDIT,IMPS,14110.0,0,"Patil, Wable and Guha",UTILITY BILL,BR454,Normal
6EB7143F1F83,GMAI4946058783172,23-10-2023,CREDIT,NEFT,3586.0,0,Damyanti Bali,GROCERIES,BR663,Normal
AA43867A67C8,HDUM6109557460796,23-10-2023,DEBIT,UPI,12867.0,0,Benjamin Babu,GROCERIES,BR144,Normal
7C7F969ACC56,OGMM7329678900163,23-10-2023,CREDIT,IMPS,4144.0,0,David Amble,SALARY,BR403,Normal
BF5D58C7F20B,HDVP7870455031818,23-10-2023,CREDIT,NEFT,6443.0,0,"Cheema, Subramanian and Chana",GROCERIES,BR241,Normal
FDE00A55FC29,XLKL4275061753419,23-10-2023,CREDIT,IMPS,11493.0,0,Jai Mallick,POS PURCHASE,BR842,Normal
7073EFCB1518,WCUY0927369036989,24-10-2023,DEBIT,NEFT,3924.0,0,Parth Dhaliwal,FUNDS TRF,BR258,Normal
53076D72F674,KRCC9012676414682,24-10-2023,CREDIT,NEFT,7491.0,0,Vaidya Inc,FUNDS TRF,BR997,Normal
16A7EC3D0DDE,OFEV8295884652874,24-10-2023,CREDIT,CASH,3207.0,0,Dayita Kala,SALARY,BR328,Normal
877CA0720DA7,VUSI6449989272415,24-10-2023,CREDIT,NEFT,6869.0,0,Gavin Biswas,POS PURCHASE,BR795,Normal
2D4AD760F405,HWAJ4472966461507,24-10-2023,CREDIT,NEFT,892.0,0,Ray Inc,FUNDS TRF,BR228,Normal
7F408BCA6B17,LHRS9581663837828,24-10-2023,CREDIT,UPI,13705.0,0,Eiravati Cherian,POS PURCHASE,BR955,Normal
0E1A5DC9DB8B,ERFY4557397634244,24-10-2023,CREDIT,IMPS,10151.0,0,Advika Narayanan,FUNDS TRF,BR964,Normal
D959EADB2E03,YHPD8885036445803,24-10-2023,DEBIT,IMPS,1180.0,0,Dakshesh Ramachandran,POS PURCHASE,BR979,Normal
D7F8BC3A2C0C,BBJT5437285990509,24-10-2023,CREDIT,IMPS,9177.0,0,Chandani Mohan,POS PURCHASE,BR525,Normal
81A7CAAD708E,VWFB6469781264946,24-10-2023,DEBIT,UPI,6657.0,0,"Gill, Rajagopalan and Tara",UTILITY BILL,BR884,Normal
9AB9B63EEB06,NLJZ5582682452451,24-10-2023,DEBIT,CASH,10419.0,0,"Agrawal, Sandhu and Sampath",GROCERIES,BR553,Normal
52424BA88ED4,NVMN5780793720400,24-10-2023,CREDIT,IMPS,6376.0,0,Faras Golla,FUNDS TRF,BR719,Normal
E9332BE9CA98,IDTD7410481328414,24-10-2023,CREDIT,UPI,1118.0,0,Advay Kibe,GROCERIES,BR376,Normal
B0DFE0846198,OKUL8027823853708,24-10-2023,DEBIT,UPI,11198.0,0,Singhal Inc,FUNDS TRF,BR723,Normal
F1ABADD39F2A,IQOT3292689091020,24-10-2023,CREDIT,CASH,14515.0,0,Jaggi Ltd,FUNDS TRF,BR100,Normal
D427D3906535,PLDH5876846046782,24-10-2023,CREDIT,CASH,2096.0,0,"Andra, Sama and Sangha",FUNDS TRF,BR224,Normal
C7B94303FD5F,ZBMT6231986763073,24-10-2023,DEBIT,IMPS,12777.0,0,Brar PLC,UTILITY BILL,BR712,Normal
08E2FCFB5797,SUWW0264269077559,24-10-2023,CREDIT,NEFT,3980.0,0,"Narasimhan, Naik and Kar",SALARY,BR800,Normal
03DDEE3F8F16,UDIU4252645886798,24-10-2023,CREDIT,UPI,2005.0,0,Yashodhara Shah,UTILITY BILL,BR295,Normal
9836DA361B57,DJKU2639149147787,24-10-2023,DEBIT,POS,9646.0,0,Vasudha Rao,POS PURCHASE,BR132,Normal
E677C3114998,JBUL4854482339069,24-10-2023,DEBIT,CASH,10036.0,0,Isaiah Sehgal,FUNDS TRF,BR102,Normal
1FA194A3D4C3,CEDO0152727569471,24-10-2023,CREDIT,UPI,1663.0,0,"Shere, Buch and Sinha",FUNDS TRF,BR708,Normal
680E9418532B,KZPV3657361272325,24-10-2023,DEBIT,IMPS,4103.0,0,Oeshi Sarna,POS PURCHASE,BR984,Normal
6D52E9E83BB9,FUQL7855895585717,24-10-2023,CREDIT,UPI,9202.0,0,Charvi Brahmbhatt,UTILITY BILL,BR330,Normal
5C55B20EC324,YCNB1120954438997,24-10-2023,CREDIT,POS,10632.0,0,Ganesan Ltd,SALARY,BR585,Normal
F8BCC76A93E4,AZQH1309614687390,24-10-2023,CREDIT,CASH,4584.0,0,Pingle Ltd,POS PURCHASE,BR510,Normal
74A0C579DE00,IMBV4809292808299,24-10-2023,CREDIT,CASH,1087.0,0,Sanghvi-Devan,UTILITY BILL,BR730,Normal
A43159692437,OQSG0796070883223,24-10-2023,DEBIT,UPI,8366.0,0,Adweta Pall,UTILITY BILL,BR561,Normal
3CE41765D525,NQCT3664556903391,24-10-2023,CREDIT,POS,3218.0,0,"Parsa, Walla and Sheth",SALARY,BR169,Normal
1D4457973E12,WICC9769306356446,24-10-2023,DEBIT,NEFT,13000.0,0,Chatterjee Inc,POS PURCHASE,BR170,Normal
5F419426B713,NCKA8175777721901,24-10-2023,DEBIT,CASH,10677.0,0,"Nori, Srivastava and Mittal",POS PURCHASE,BR426,Normal
873C9A9EF9EF,RAFO3671765069900,24-10-2023,DEBIT,NEFT,1105.0,0,"Karnik, Aurora and Ratti",FUNDS TRF,BR225,Normal
A68B59B08EEC,PLWT1076402020394,24-10-2023,CREDIT,UPI,1233.0,0,Ekavir Issac,GROCERIES,BR704,Normal
27F581E0C476,EGXM7181517693046,24-10-2023,DEBIT,POS,10298.0,0,"Krishnamurthy, Mahajan and Kuruvilla",GROCERIES,BR345,Normal
504F8A3CA335,MRFX6069050047409,24-10-2023,DEBIT,IMPS,13006.0,0,Janaki Garde,POS PURCHASE,BR181,Normal
C794468773C9,VCRI4097405904567,24-10-2023,CREDIT,CASH,10466.0,0,Sane LLC,SALARY,BR732,Normal
33D48F985604,EQBX2339735507842,24-10-2023,CREDIT,POS,13913.0,0,Ladli Narasimhan,UTILITY BILL,BR977,Normal
8DB6459D430B,LKBQ8370809796398,24-10-2023,CREDIT,IMPS,4093.0,0,"Subramanian, Raghavan and Sachdev",POS PURCHASE,BR185,Normal
3453A886E1D2,DEOZ8415371821306,24-10-2023,CREDIT,IMPS,10173.0,0,Max Comar,POS PURCHASE,BR418,Normal
78C2D5C6CCD6,UIGB3843920136425,24-10-2023,DEBIT,IMPS,8187.0,0,Agarwal and Sons,POS PURCHASE,BR821,Normal
78FEC2BFFA7C,NADY9438110270662,24-10-2023,CREDIT,NEFT,6985.0,0,Bakshi PLC,POS PURCHASE,BR379,Normal
00279D428DBC,EYYX9514997909679,24-10-2023,CREDIT,POS,9453.0,0,Eshana Bhargava,UTILITY BILL,BR795,Normal
C9737907B1DA,LYBC9978876429056,24-10-2023,DEBIT,UPI,5110.0,0,Jyoti Wable,SALARY,BR161,Normal
D91EDD809558,WIVS6519372778335,24-10-2023,DEBIT,CASH,435.0,0,"Pradhan, Mistry and Seshadri",FUNDS TRF,BR338,Normal
679135488256,HRHY2172258561344,24-10-2023,CREDIT,POS,4309.0,0,Pant Ltd,POS PURCHASE,BR120,Normal
8E504848651F,NNKJ3844436371167,24-10-2023,CREDIT,NEFT,3726.0,0,"Kannan, Joshi and Bobal",GROCERIES,BR667,Normal
A5340E0E9B87,YGMT4443852395044,24-10-2023,CREDIT,CASH,11627.0,0,Grewal Group,POS PURCHASE,BR850,Normal
5D93020D4690,SYPE5244715828045,25-10-2023,CREDIT,UPI,13340.0,0,Wakeeta Bora,POS PURCHASE,BR257,Normal
C4ED90AD94BE,VEEY5384614036191,25-10-2023,DEBIT,POS,9250.0,0,Deshmukh Ltd,UTILITY BILL,BR805,Normal
637C474309BE,FAKB9383081800341,25-10-2023,DEBIT,POS,11964.0,0,"Talwar, Banik and Wali",FUNDS TRF,BR347,Normal
AF16531FEA3F,PLVT4760047408182,25-10-2023,CREDIT,CASH,2797.0,0,Megha Halder,FUNDS TRF,BR959,Normal
CF32F08FB959,GQVU2936170429168,25-10-2023,CREDIT,POS,2998.0,0,Mukherjee Ltd,POS PURCHASE,BR466,Normal
4ED0B0F361A7,CSEU7001133443182,25-10-2023,CREDIT,CASH,7680.0,0,Srinivas-Gole,POS PURCHASE,BR688,Normal
BCA9340A5DDF,TWCT9640066234350,25-10-2023,CREDIT,IMPS,6231.0,0,Sekhon-Walla,UTILITY BILL,BR581,Normal
CEB69AF7981F,GMBH6284620748248,25-10-2023,DEBIT,NEFT,1437.0,0,Nitara Chaudhuri,UTILITY BILL,BR569,Normal
609B8CE81EBC,KHZP7295689260443,25-10-2023,CREDIT,UPI,10692.0,0,Badami Inc,GROCERIES,BR273,Normal
13F703CA9EB9,ZIKP1101234016794,25-10-2023,CREDIT,NEFT,5653.0,0,Wyatt Korpal,FUNDS TRF,BR174,Normal
DE7CB566DE2E,IKFA9661959255687,25-10-2023,DEBIT,CASH,10545.0,0,Keer-Dyal,POS PURCHASE,BR128,Normal
6118534F56C7,YEAD2036417575780,25-10-2023,DEBIT,IMPS,6615.0,0,Mugdha Nori,POS PURCHASE,BR328,Normal
84223F9C33C9,SVKR4556840541182,25-10-2023,CREDIT,CASH,1959.0,0,Logan Suri,SALARY,BR669,Normal
4147D325CC75,IJNY2913925311242,25-10-2023,DEBIT,POS,1702.0,0,Isaac Pandey,SALARY,BR273,Normal
50DCF229F229,GKMA5040818572239,25-10-2023,CREDIT,UPI,14278.0,0,Ansh Boase,GROCERIES,BR207,Normal
1AAAC458C33A,VBMT0119137474498,25-10-2023,DEBIT,POS,8212.0,0,Madan Group,UTILITY BILL,BR779,Normal
3F0C3E1048BB,HPSA9497139921286,25-10-2023,CREDIT,IMPS,2219.0,0,Balan Ltd,SALARY,BR352,Normal
4D930C23F546,XUBU6064180730131,25-10-2023,DEBIT,NEFT,3031.0,0,Panini Parmar,POS PURCHASE,BR427,Normal
51E4D632E30C,GRUU0011097506296,25-10-2023,DEBIT,NEFT,14361.0,0,Soman-Nagar,GROCERIES,BR239,Normal
5D43A9A7F1AC,QWHF0448131277813,25-10-2023,CREDIT,NEFT,1588.0,0,Rehaan Dugal,SALARY,BR464,Normal
D7786657D8A6,ILQI9629919203351,25-10-2023,CREDIT,NEFT,1264.0,0,Maanas Sarma,POS PURCHASE,BR173,Normal
A88FCEF8B46B,KZJL9739837645208,25-10-2023,DEBIT,IMPS,4254.0,0,Devika Thakkar,GROCERIES,BR483,Normal
888850FE7347,GHZK2080611844955,25-10-2023,CREDIT,POS,2481.0,0,Tarak Modi,FUNDS TRF,BR421,Normal
CE0E17779AE0,RZTK6860554068373,25-10-2023,CREDIT,CASH,7508.0,0,"Doshi, Rajagopalan and Sen",SALARY,BR570,Normal
96093639F83F,WMQR9967434154274,25-10-2023,CREDIT,NEFT,7667.0,0,Pandey-Khatri,GROCERIES,BR224,Normal
6ACD42149FB3,HBCM1650307495663,25-10-2023,CREDIT,UPI,2276.0,0,Dev Dutt,SALARY,BR149,Normal
6D0F09138D17,SEJE8544854709160,25-10-2023,DEBIT,UPI,13281.0,0,Goyal-Memon,SALARY,BR766,Normal
4C535F1A3B5D,PVHH1406104781702,25-10-2023,DEBIT,IMPS,3930.0,0,Parsa-Khatri,FUNDS TRF,BR814,Normal
3935E409CAE8,AAOK5115866061020,25-10-2023,CREDIT,CASH,13440.0,0,Harshil Arya,SALARY,BR186,Normal
C460C7E7FC7D,OOFP2996614590360,25-10-2023,CREDIT,NEFT,5871.0,0,Soman-Rajan,GROCERIES,BR859,Normal
639B85D6AC80,SBSM8394732467079,25-10-2023,CREDIT,CASH,2471.0,0,Advaith Mannan,GROCERIES,BR622,Normal
AB59A393F887,QBKW5509791529282,25-10-2023,DEBIT,UPI,5127.0,0,Hemangini Rao,POS PURCHASE,BR222,Normal
E21126EC80D4,OJZH0196868144877,25-10-2023,CREDIT,POS,9483.0,0,Raman-Mane,FUNDS TRF,BR533,Normal
AC3F75350328,JFKR4513968260908,25-10-2023,DEBIT,CASH,5117.0,0,"Basak, Jayaraman and Tak",SALARY,BR991,Normal
364A33AF9732,FGAM4140586706629,25-10-2023,CREDIT,UPI,2939.0,0,Advaith Om,POS PURCHASE,BR905,Normal
2CA04A87427A,SPVU8667335050802,25-10-2023,DEBIT,NEFT,3122.0,0,Sibal and Sons,POS PURCHASE,BR479,Normal
A9058E323563,SWAU8095383673568,25-10-2023,DEBIT,NEFT,9944.0,0,Gokhale LLC,POS PURCHASE,BR661,Normal
0B5E573ABADE,EHWW0295201880466,25-10-2023,DEBIT,POS,1227.0,0,Nicholas Natt,FUNDS TRF,BR807,Normal
124640516CE9,TZXC7478790873773,25-10-2023,CREDIT,CASH,7396.0,0,Naveen Tiwari,UTILITY BILL,BR340,Normal
3AFB082EA910,LHNP4780226922377,25-10-2023,DEBIT,CASH,405.0,0,Hamsini Lall,UTILITY BILL,BR307,Normal
F99DA0E2B567,NUZD1944702461344,25-10-2023,CREDIT,NEFT,6388.0,0,Viswanathan Inc,SALARY,BR877,Normal
B25BC6FD8DEB,SFJG6465836477857,25-10-2023,DEBIT,UPI,5486.0,0,"Mahajan, Dutt and Mallick",SALARY,BR197,Normal
BB49DF24776C,OTGF2486165049446,25-10-2023,DEBIT,IMPS,12812.0,0,Ekapad Chada,FUNDS TRF,BR944,Normal
0A073512C08B,MFBC8743419078283,25-10-2023,CREDIT,POS,9168.0,0,Kalpit Nori,SALARY,BR314,Normal
706B2C405108,MAME1396337932488,25-10-2023,CREDIT,NEFT,3094.0,0,"Mukhopadhyay, Dugar and Bhagat",GROCERIES,BR109,Normal
1576ABFEA4D7,TWXZ5639417492797,25-10-2023,CREDIT,CASH,11294.0,0,Teerth Sarraf,SALARY,BR287,Normal
7A875699117E,LDCA4813462641592,25-10-2023,CREDIT,CASH,9328.0,0,"Varty, Bassi and Wali",GROCERIES,BR756,Normal
55DC6045B0B9,TSVU9954408266506,26-10-2023,DEBIT,IMPS,7598.0,0,Sabharwal-Sachdeva,SALARY,BR145,Normal
2CAF50E5F08F,HGWO1879980288125,26-10-2023,CREDIT,CASH,13630.0,0,Pandit-Lalla,SALARY,BR147,Normal
D36011679632,LVFP8675744573461,26-10-2023,DEBIT,CASH,9103.0,0,Bhavini Jha,SALARY,BR801,Normal
C58D41B36D6A,FHAK5571172625408,26-10-2023,DEBIT,POS,504.0,0,"Varghese, Prabhakar and Bhasin",POS PURCHASE,BR240,Normal
BB6B07DBF0EC,PEHN6709924103545,26-10-2023,DEBIT,NEFT,8629.0,0,Sanaya Dani,FUNDS TRF,BR803,Normal
DF9CBEF8CBD3,NZBZ6097313967404,26-10-2023,DEBIT,IMPS,14876.0,0,Pushti Sodhi,UTILITY BILL,BR490,Normal
960B10F3BFFF,KNTI7460472668093,26-10-2023,DEBIT,CASH,8145.0,0,Tailor Inc,SALARY,BR773,Normal
BAFF922969A3,QRYF4561571051249,26-10-2023,DEBIT,CASH,716.0,0,"Ram, Virk and Basak",UTILITY BILL,BR771,Normal
145CA40C5A07,VIOV8356125072955,26-10-2023,DEBIT,POS,10816.0,0,Nidra Dhingra,UTILITY BILL,BR211,Normal
65F0115AC3C6,AYNC8726105545474,26-10-2023,DEBIT,POS,1287.0,0,Kavya Kala,GROCERIES,BR739,Normal
2BA09F8A5544,LHUN1157271698622,26-10-2023,DEBIT,POS,14334.0,0,"Choudhary, Wali and Brar",GROCERIES,BR823,Normal
A40C84E5E3C9,HGKX0509731825209,26-10-2023,CREDIT,CASH,10837.0,0,Avi Sarna,UTILITY BILL,BR640,Normal
A777E07FCCC3,FJOB9870679476554,26-10-2023,CREDIT,IMPS,10532.0,0,Parsa PLC,FUNDS TRF,BR623,Normal
77441F4CBFFE,SJZQ3143662490172,26-10-2023,CREDIT,POS,12446.0,0,Dalbir Bora,FUNDS TRF,BR982,Normal
9E0965F3A79C,SLMB2795350449752,26-10-2023,DEBIT,CASH,13022.0,0,Daniel Sarna,GROCERIES,BR148,Normal
9794D7FD8FA8,XKRJ9507593937936,26-10-2023,DEBIT,IMPS,10335.0,0,Swamy-Oommen,UTILITY BILL,BR391,Normal
6C7D10158F2F,AJEF1160661190891,26-10-2023,DEBIT,CASH,10700.0,0,Henry Hayre,SALARY,BR827,Normal
10ED502A06C5,CIZM5214027139707,26-10-2023,CREDIT,UPI,2948.0,0,"Sandal, Sant and Parekh",SALARY,BR113,Normal
C7061DF32657,HOJI0951832091041,26-10-2023,CREDIT,UPI,13242.0,0,Wali Inc,GROCERIES,BR473,Normal
840E12C3BE57,ESLF3421430258669,26-10-2023,DEBIT,NEFT,13282.0,0,Guneet Divan,FUNDS TRF,BR624,Normal
568AE2FF8356,LZRQ9657323024466,26-10-2023,CREDIT,UPI,11311.0,0,Kalla LLC,UTILITY BILL,BR147,Normal
89B5C58D6133,ODFY0998348798673,26-10-2023,DEBIT,NEFT,2053.0,0,"Sharaf, Ram and Sangha",POS PURCHASE,BR881,Normal
C0F6822D763F,KXIB8609698313384,26-10-2023,CREDIT,IMPS,5333.0,0,Triya Yogi,GROCERIES,BR192,Normal
3D5FD609F550,FRDE5587919767995,26-10-2023,CREDIT,UPI,3635.0,0,Parekh LLC,GROCERIES,BR579,Normal
EA6A3D2CA5AC,GWUA5632959375846,26-10-2023,CREDIT,IMPS,10047.0,0,Upadhyay PLC,POS PURCHASE,BR332,Normal
EC9792026D8C,GMBB2924123400449,26-10-2023,CREDIT,IMPS,5869.0,0,Qabil Sangha,UTILITY BILL,BR667,Normal
AB757503D825,IZIB2810842936041,26-10-2023,DEBIT,IMPS,11217.0,0,Khanna and Sons,UTILITY BILL,BR413,Normal
723AE14E94CF,KFDE4371816406409,26-10-2023,CREDIT,POS,14730.0,0,"Mital, Bhatt and Kumar",POS PURCHASE,BR121,Normal
487007B5EAE8,YKRQ0364860362045,26-10-2023,CREDIT,CASH,3696.0,0,Rehaan Hayre,FUNDS TRF,BR767,Normal
5CCCD98BE55B,RKLM5837770481159,26-10-2023,DEBIT,POS,14870.0,0,Gera LLC,POS PURCHASE,BR923,Normal
66F151E8AB33,TCNG5214991545084,26-10-2023,CREDIT,UPI,9707.0,0,Ira Aggarwal,FUNDS TRF,BR890,Normal
D2BE70CD8932,QFYM4422625023116,26-10-2023,CREDIT,IMPS,11899.0,0,Vincent Chander,FUNDS TRF,BR992,Normal
AE2B99D70FD1,RQRG0964532842943,26-10-2023,DEBIT,POS,8876.0,0,Aahana Bhatti,GROCERIES,BR382,Normal
2C2839F7A420,RLGR3486157030311,26-10-2023,DEBIT,IMPS,4589.0,0,Yug Rau,SALARY,BR560,Normal
4918A5D14AB1,VLJN4311616190591,26-10-2023,CREDIT,UPI,11984.0,0,Nayar-Bhattacharyya,UTILITY BILL,BR386,Normal
8BEA6096F1F5,BQKG5148244801203,26-10-2023,CREDIT,IMPS,2563.0,0,Daksha Sethi,UTILITY BILL,BR279,Normal
EB92A71E8C7E,FCWH0725005789131,26-10-2023,DEBIT,NEFT,8071.0,0,Daksha Deshpande,FUNDS TRF,BR984,Normal
156D90179D9B,PBJZ7534757150888,26-10-2023,CREDIT,POS,6246.0,0,Noah Tripathi,POS PURCHASE,BR837,Normal
46C4FAB53500,NAEO8992336506758,26-10-2023,DEBIT,UPI,11535.0,0,"Pandit, Bhargava and Prabhu",GROCERIES,BR672,Normal
827A4F0A4F11,IWXI9771748064823,26-10-2023,DEBIT,CASH,3380.0,0,Nidra Yohannan,FUNDS TRF,BR979,Normal
7DAD0E64860C,EGTQ6885994436009,26-10-2023,CREDIT,NEFT,1753.0,0,Zinal Mane,POS PURCHASE,BR635,Normal
B838D99F327F,NWCV8059093209692,26-10-2023,DEBIT,CASH,8762.0,0,Nandini Narain,FUNDS TRF,BR274,Normal
663783FB2CAC,HOTG5731759122621,26-10-2023,CREDIT,POS,9157.0,0,Subramaniam and Sons,POS PURCHASE,BR843,Normal
16A44DB691E9,XTYQ7682602726676,26-10-2023,CREDIT,CASH,5657.0,0,Tanay Varty,POS PURCHASE,BR872,Normal
606CC7742BC3,VJJG6077703407781,26-10-2023,CREDIT,CASH,11992.0,0,Jack Luthra,SALARY,BR599,Normal
5FFAA496D594,WSUS1671377889072,26-10-2023,CREDIT,UPI,1547.0,0,Ganesh LLC,SALARY,BR174,Normal
BA2FBF30C937,ZLGY0727410217278,26-10-2023,DEBIT,UPI,9431.0,0,Sampath-Devan,POS PURCHASE,BR377,Normal
90BD53DAF7FB,IMRK0243830093958,27-10-2023,CREDIT,CASH,11189.0,0,Mistry-Kuruvilla,POS PURCHASE,BR443,Normal
7D9DF58602D0,DZUQ8604461882629,27-10-2023,DEBIT,POS,2930.0,0,"Walla, Bhagat and Pillay",UTILITY BILL,BR528,Normal
BD6BD37B6F26,UYZU0623186762874,27-10-2023,CREDIT,NEFT,10517.0,0,Yagnesh Rau,UTILITY BILL,BR281,Normal
25684CF1461A,QFMI7874123216847,27-10-2023,CREDIT,POS,8671.0,0,Fiyaz Nigam,UTILITY BILL,BR325,Normal
892ABC320A88,VICW7201663057269,27-10-2023,DEBIT,UPI,6370.0,0,Dayamai Tailor,FUNDS TRF,BR529,Normal
67EBD9CF8A94,LWKB9649758316348,27-10-2023,DEBIT,IMPS,4161.0,0,Mangal-Sharaf,SALARY,BR325,Normal
1BE5BC8A029B,DYTP0125006706556,27-10-2023,DEBIT,UPI,12049.0,0,Tanveer Dugar,FUNDS TRF,BR340,Normal
27DAD1319084,ZSKS5018260306376,27-10-2023,CREDIT,NEFT,14355.0,0,Laksh Mane,UTILITY BILL,BR190,Normal
8C523492D763,THJH4186484370617,27-10-2023,CREDIT,UPI,12535.0,0,Yutika Sangha,SALARY,BR609,Normal
BDD15F7407A7,VUBG1851622313367,27-10-2023,DEBIT,POS,9031.0,0,Wahab Dugar,POS PURCHASE,BR608,Normal
52909619926E,UGQI2616632588158,27-10-2023,DEBIT,UPI,9586.0,0,Sane and Sons,POS PURCHASE,BR660,Normal
43ADEC7E78E9,RZJL1921340236168,27-10-2023,DEBIT,NEFT,11564.0,0,"Choudhary, Tata and Sen",POS PURCHASE,BR635,Normal
911E3C6E3EFA,YTUJ4977174083961,27-10-2023,CREDIT,IMPS,6210.0,0,Ucchal Doshi,UTILITY BILL,BR700,Normal
B3B10B76CA6C,VAGX9788156297113,27-10-2023,CREDIT,POS,8288.0,0,Leela Sule,GROCERIES,BR786,Normal
740AD33E04C5,ZZLY8253940288923,27-10-2023,DEBIT,NEFT,13620.0,0,Yagnesh Dani,GROCERIES,BR308,Normal
7B0C5758C9BD,PNJK3865979746550,27-10-2023,CREDIT,NEFT,11303.0,0,"Dash, Choudhary and Sankar",POS PURCHASE,BR324,Normal
40D8F55492C2,QVPM2616339356050,27-10-2023,CREDIT,UPI,10385.0,0,Harrison Chad,POS PURCHASE,BR874,Normal
ADAE0047CD3C,KDUK9534014428646,27-10-2023,DEBIT,CASH,3266.0,0,Jaggi-Padmanabhan,GROCERIES,BR827,Normal
A5866D43F303,OSLK9170210266632,27-10-2023,CREDIT,UPI,10886.0,0,Onkar Parekh,SALARY,BR116,Normal
7075FCCA1F46,NQEP9060463480809,27-10-2023,DEBIT,IMPS,13277.0,0,Nidhi Varghese,SALARY,BR676,Normal
6A8E27D7C0F3,FTMX7525842653230,27-10-2023,CREDIT,NEFT,14840.0,0,Gala-Chaudhary,SALARY,BR316,Normal
23A03E937C94,WYHA1379220240806,27-10-2023,DEBIT,POS,14518.0,0,Aishani Sachdev,POS PURCHASE,BR663,Normal
D4BE0945FCDF,QVRZ3236020562841,27-10-2023,CREDIT,NEFT,1000.0,0,Indrajit Rastogi,FUNDS TRF,BR647,Normal
C4C7C00E8C35,ZGEK7003860562699,27-10-2023,DEBIT,CASH,5341.0,0,Devansh Varma,GROCERIES,BR555,Normal
74C7D30BC1BD,DPAK8576338770952,27-10-2023,DEBIT,IMPS,9583.0,0,Mand-Narain,GROCERIES,BR692,Normal
8B13BE527231,JHZS0547857853758,27-10-2023,CREDIT,NEFT,712.0,0,Radha Nigam,POS PURCHASE,BR813,Normal
67107200BB89,XIKT5464422994083,27-10-2023,CREDIT,UPI,1965.0,0,Aditya Sen,GROCERIES,BR208,Normal
7A685800B018,MLWT9734738832963,27-10-2023,CREDIT,POS,6345.0,0,"Bansal, Madan and Yogi",SALARY,BR250,Normal
10AAA3931E46,NVBD5567176513309,27-10-2023,DEBIT,IMPS,8367.0,0,Konda Ltd,GROCERIES,BR137,Normal
9FA72B66F202,IKJV1111347296631,27-10-2023,DEBIT,IMPS,5897.0,0,Aradhana Mann,FUNDS TRF,BR254,Normal
E0E3C469E899,LDJQ4942099863138,27-10-2023,CREDIT,NEFT,14311.0,0,Bhatia PLC,FUNDS TRF,BR962,Normal
E9471C78007C,YRCR7468647971275,27-10-2023,CREDIT,NEFT,14082.0,0,Dev Magar,SALARY,BR292,Normal
A22613E4068F,QMZO1589254151906,27-10-2023,DEBIT,POS,8900.0,0,"Gaba, Nadig and Upadhyay",GROCERIES,BR842,Normal
7D9C285C2125,PJUG8442420335033,27-10-2023,DEBIT,IMPS,11088.0,0,Aachal Sankar,GROCERIES,BR115,Normal
02F4F53958DB,KAEV7699154128458,27-10-2023,DEBIT,NEFT,1712.0,0,Mody-Raju,FUNDS TRF,BR604,Normal
9B951FA1AD5C,ATWY2261444546486,27-10-2023,DEBIT,IMPS,13135.0,0,Kashish Subramanian,POS PURCHASE,BR360,Normal
443AC14085B9,NEDP3079888855796,27-10-2023,DEBIT,NEFT,1904.0,0,Radhika Naidu,GROCERIES,BR784,Normal
90C4F5D28666,LIGQ0048460297018,27-10-2023,CREDIT,IMPS,14036.0,0,Misra-Nagy,UTILITY BILL,BR454,Normal
55CFECCC0152,HWGR3027210580493,27-10-2023,CREDIT,POS,14817.0,0,Ramaswamy-Guha,SALARY,BR714,Normal
7E9BD4C1BC6B,BAFD3343917570354,27-10-2023,DEBIT,NEFT,2652.0,0,Kothari-Bahri,FUNDS TRF,BR269,Normal
47006C3DA881,URUU6234167574609,27-10-2023,CREDIT,NEFT,14659.0,0,Shivani Ranganathan,GROCERIES,BR461,Normal
0BAADEF97247,LGTG7175457235207,27-10-2023,DEBIT,CASH,5389.0,0,Wahab Hans,FUNDS TRF,BR482,Normal
50758F012DDB,DSWI9778905975775,27-10-2023,CREDIT,UPI,5246.0,0,Sha-Raj,SALARY,BR429,Normal
5BF558B4272A,FAUH8306852528416,27-10-2023,CREDIT,CASH,12086.0,0,Tanmayi Manda,GROCERIES,BR786,Normal
6459108883AB,OAAV0415783215583,27-10-2023,CREDIT,NEFT,7885.0,0,"Yadav, Madan and Pillai",SALARY,BR252,Normal
F0B027C39D87,UNCH9496309241025,27-10-2023,DEBIT,UPI,2344.0,0,Prabhu Ltd,POS PURCHASE,BR233,Normal
DA17D89CA06E,UQBA1780291741858,28-10-2023,CREDIT,NEFT,6209.0,0,"Parsa, Kadakia and Chaudry",UTILITY BILL,BR855,Normal
0346824FB7CC,NHJS7506831531812,28-10-2023,CREDIT,POS,3136.0,0,Udyati Nagi,UTILITY BILL,BR203,Normal
E4BBBCDAB60C,CBQH2223396065725,28-10-2023,CREDIT,UPI,14775.0,0,Halder-Bahl,FUNDS TRF,BR457,Normal
00E63C881275,GQLQ1390676645531,28-10-2023,DEBIT,POS,10857.0,0,Gaurangi Borra,GROCERIES,BR338,Normal
52657DF7BFF1,QJBY6287084117763,28-10-2023,DEBIT,POS,5033.0,0,"Sha, Dani and Bhatia",SALARY,BR954,Normal
CAA3EAA38851,FRZQ7985476916259,28-10-2023,CREDIT,CASH,3447.0,0,Krish Sastry,SALARY,BR714,Normal
CE9B06FB5EA5,SRGA7800188482502,28-10-2023,DEBIT,NEFT,12775.0,0,Wazir Pal,FUNDS TRF,BR256,Normal
1123F3EF5968,SDEV7388227438049,28-10-2023,CREDIT,NEFT,3094.0,0,Vohra-Nadig,POS PURCHASE,BR979,Normal
1B01544666B2,SOUS7675193413541,28-10-2023,CREDIT,IMPS,14678.0,0,Varsha Gara,FUNDS TRF,BR310,Normal
E6531DF8C197,DGDJ4786808745102,28-10-2023,CREDIT,NEFT,10866.0,0,Misra-Mistry,SALARY,BR873,Normal
BA17841E0E11,SXDG0519058111037,28-10-2023,CREDIT,POS,10562.0,0,"Chacko, More and Biswas",SALARY,BR929,Normal
1617CBA0A61D,RZLH4953054800856,28-10-2023,CREDIT,CASH,9481.0,0,"Raja, Deshpande and Sama",GROCERIES,BR314,Normal
E0C753A9FAB6,TFVX1411735138289,28-10-2023,CREDIT,NEFT,3593.0,0,Omkaar Mangat,UTILITY BILL,BR534,Normal
CCDC226E61D9,HAER3167012506435,28-10-2023,DEBIT,CASH,162.0,0,Gaurangi Bhat,GROCERIES,BR423,Normal
6BC621985EF3,VDZI6642995474592,28-10-2023,DEBIT,IMPS,2790.0,0,Pillay-Sethi,SALARY,BR449,Normal
9C87A210B9BF,MYZA9739222373345,28-10-2023,CREDIT,POS,2393.0,0,Falguni Sarna,SALARY,BR878,Normal
76FD3B427B0A,MGST0557386526523,28-10-2023,DEBIT,IMPS,922.0,0,Wriddhish Patla,FUNDS TRF,BR956,Normal
C704E87C72FC,ONYG4139847699119,28-10-2023,CREDIT,NEFT,930.0,0,Samar Nigam,POS PURCHASE,BR163,Normal
9526A4FD861E,JTFK9835624405320,28-10-2023,CREDIT,NEFT,2982.0,0,Wahab Konda,FUNDS TRF,BR637,Normal
C2FB25049439,EPIN2250999632950,28-10-2023,DEBIT,POS,3229.0,0,Pillay-Sekhon,FUNDS TRF,BR229,Normal
A085B8F96491,GCGC0511513804734,28-10-2023,CREDIT,NEFT,1405.0,0,Nadkarni Inc,FUNDS TRF,BR728,Normal
B206DD5591E3,MHLB8990782435231,28-10-2023,CREDIT,POS,4297.0,0,Subramanian-Shan,FUNDS TRF,BR883,Normal
3EE90C1E530F,DISD7205414087893,28-10-2023,DEBIT,NEFT,199.0,0,Tripti Biswas,UTILITY BILL,BR183,Normal
96350218C481,WFIH5499136639043,28-10-2023,DEBIT,POS,12459.0,0,"Keer, Char and Nath",POS PURCHASE,BR677,Normal
068AFEC9D7DA,TVAA9973675409110,28-10-2023,DEBIT,POS,9838.0,0,Vihaan Gole,UTILITY BILL,BR523,Normal
E8E1579301BB,CXCY9241209285935,28-10-2023,DEBIT,CASH,5751.0,0,Sachar PLC,SALARY,BR431,Normal
321B1C4DCFD1,MBSP7487405349768,28-10-2023,DEBIT,NEFT,14412.0,0,"Dugal, Sankar and Chandra",POS PURCHASE,BR625,Normal
E3EF49BC70E6,TSGM2310256164421,28-10-2023,DEBIT,UPI,13413.0,0,"Raju, Kaur and Manne",SALARY,BR512,Normal
9AD063B4C979,HAAP1648078467967,28-10-2023,CREDIT,NEFT,12298.0,0,Dani-Krishnan,UTILITY BILL,BR373,Normal
6DF52A0B544E,FZHR5430244255688,28-10-2023,DEBIT,CASH,2591.0,0,Upadhriti Hora,FUNDS TRF,BR584,Normal
6F1ECD035B44,SEYK4777988012569,28-10-2023,DEBIT,IMPS,4143.0,0,Sridhar-Mohanty,UTILITY BILL,BR829,Normal
D3AC9634D1CF,LWYU0552793161651,28-10-2023,CREDIT,IMPS,5521.0,0,"Mammen, Basu and Arora",FUNDS TRF,BR547,Normal
06B88D3665A5,MNOM4313803985634,28-10-2023,CREDIT,NEFT,14106.0,0,Warjas Oza,SALARY,BR240,Normal
8C2AE8491E30,YUGA4511999945208,28-10-2023,DEBIT,POS,11392.0,0,Faras Srinivasan,FUNDS TRF,BR816,Normal
FADA0F0FD3F8,QCER6000535914419,28-10-2023,DEBIT,IMPS,10869.0,0,Lohit Sarma,GROCERIES,BR619,Normal
A7A3D9450243,LEQV1920240402693,28-10-2023,CREDIT,IMPS,1381.0,0,Darpan Johal,FUNDS TRF,BR919,Normal
70E4B03B28AE,MPIJ8235856981673,28-10-2023,CREDIT,CASH,3786.0,0,"Anand, Anne and Bora",GROCERIES,BR431,Normal
EF561F801BDB,LPXQ9503812491317,28-10-2023,DEBIT,IMPS,4272.0,0,Urmi Salvi,POS PURCHASE,BR548,Normal
73357B99DFEB,JDWJ9756238518666,28-10-2023,DEBIT,UPI,10081.0,0,Tailor-Chada,POS PURCHASE,BR471,Normal
C08FF0183FFA,JGDK6340938105320,28-10-2023,CREDIT,UPI,5329.0,0,Abhimanyu Tella,POS PURCHASE,BR234,Normal
B52BCB68978E,WWOV3301880503948,28-10-2023,CREDIT,POS,5206.0,0,Harish Lall,SALARY,BR439,Normal
5C2E414F0741,ZDEO6753905161850,28-10-2023,CREDIT,UPI,10632.0,0,Zilmil Bir,FUNDS TRF,BR668,Normal
CF0EEED3CE29,RSZU6561168405978,28-10-2023,DEBIT,NEFT,875.0,0,"Sura, Kota and Ganesh",FUNDS TRF,BR804,Normal
28B0DC03B56B,HISD5698095800296,28-10-2023,CREDIT,NEFT,3110.0,0,Hayre Group,GROCERIES,BR616,Normal
1D5AF203B52F,WCCP6404862890911,28-10-2023,CREDIT,IMPS,686.0,0,Reva Rai,SALARY,BR602,Normal
CDD5FAF1E845,IKJI0089966744745,28-10-2023,DEBIT,NEFT,12553.0,0,Vincent Chahal,GROCERIES,BR360,Normal
C775B54BCD5B,KLHT6921508120670,28-10-2023,CREDIT,UPI,10959.0,0,Rehaan Gade,UTILITY BILL,BR617,Normal
9DDF5794B444,FCUU0169994071149,28-10-2023,DEBIT,IMPS,8444.0,0,Bajaj-Dave,POS PURCHASE,BR326,Normal
8751001597D0,MMUG1565428320580,28-10-2023,CREDIT,POS,5125.0,0,Manne-Sharma,GROCERIES,BR445,Normal
40FBD55F3946,HIWZ5534697014506,28-10-2023,CREDIT,UPI,14519.0,0,Datta-Tailor,FUNDS TRF,BR306,Normal
69D5ADF9CFA8,OPBH4507678734369,28-10-2023,CREDIT,NEFT,2123.0,0,Upma Bhattacharyya,FUNDS TRF,BR288,Normal
4D8C2369CD95,XKNL8244670686132,29-10-2023,DEBIT,UPI,13758.0,0,Prakash PLC,POS PURCHASE,BR127,Normal
FD94B2A79A5B,AQOM8417375987068,29-10-2023,DEBIT,NEFT,5635.0,0,Ishani Chopra,UTILITY BILL,BR678,Normal
C0270171C6E6,XOZL7560151525826,29-10-2023,CREDIT,IMPS,5397.0,0,Gour Ltd,FUNDS TRF,BR668,Normal
1BB1AEFBCC4D,CXZM8024643876210,29-10-2023,DEBIT,CASH,8734.0,0,Aadhya Bhat,FUNDS TRF,BR587,Normal
CB43E4BFECBE,LAMO7619100312201,29-10-2023,DEBIT,POS,2107.0,0,"Rajagopalan, Minhas and Dhingra",UTILITY BILL,BR420,Normal
EA903DD7B0CB,XGUC9475390383021,29-10-2023,DEBIT,POS,7305.0,0,Kunda-Desai,GROCERIES,BR484,Normal
1D8DEF63FF6E,SGCS6408805448889,29-10-2023,DEBIT,UPI,6409.0,0,Andra-Edwin,POS PURCHASE,BR914,Normal
05BE11C55B84,MBLB6154265519679,29-10-2023,DEBIT,CASH,7452.0,0,Wazir Dyal,SALARY,BR940,Normal
CA87E844D93E,ZUQM1635284809661,29-10-2023,CREDIT,POS,14780.0,0,Geetika Comar,POS PURCHASE,BR222,Normal
F2C02C4AFAAE,YCMT7279090067595,29-10-2023,DEBIT,NEFT,10552.0,0,Finn Khosla,POS PURCHASE,BR330,Normal
61E917CDF489,OKZX7056011879266,29-10-2023,CREDIT,NEFT,10386.0,0,Nazareth-Bhatt,GROCERIES,BR195,Normal
E3B23C29977D,AJJE9419693256512,29-10-2023,CREDIT,POS,3889.0,0,Sura and Sons,POS PURCHASE,BR754,Normal
1DEB67296128,IBHA3112815426379,29-10-2023,CREDIT,NEFT,7164.0,0,Munshi-Gour,GROCERIES,BR479,Normal
ED292F4C7CFA,VFFD8218098307989,29-10-2023,DEBIT,IMPS,4014.0,0,Ekaraj Saran,POS PURCHASE,BR982,Normal
BE67A6841526,ORNK6041193112864,29-10-2023,DEBIT,POS,5830.0,0,Lata-Nagi,GROCERIES,BR456,Normal
A6FD52E3DC9C,SCYU5630646770734,29-10-2023,CREDIT,IMPS,12178.0,0,Krishnamurthy-Ganesan,UTILITY BILL,BR188,Normal
7F380C9180D8,ILRR7378636889051,29-10-2023,DEBIT,POS,12468.0,0,Samar Raghavan,SALARY,BR209,Normal
74CBEAEA3D59,BSLI3282238793093,29-10-2023,DEBIT,CASH,10698.0,0,Bhatnagar LLC,FUNDS TRF,BR438,Normal
A19D7C06954F,RTKN6040249615375,29-10-2023,DEBIT,NEFT,9596.0,0,Kamala Rajagopal,UTILITY BILL,BR968,Normal
CA0EA8B0D976,BPYG5495599658172,29-10-2023,CREDIT,CASH,2092.0,0,"Dewan, Das and Mandal",FUNDS TRF,BR395,Normal
91A371D20AB4,VUVQ0728152111537,29-10-2023,CREDIT,CASH,3682.0,0,"Prasad, Lalla and Ramanathan",FUNDS TRF,BR221,Normal
221CC77E054A,CAYT1052713545692,29-10-2023,CREDIT,CASH,8226.0,0,Farhan Lal,POS PURCHASE,BR145,Normal
BF96B4754814,RAUN9111897023427,29-10-2023,CREDIT,UPI,1847.0,0,Krishnamurthy LLC,SALARY,BR519,Normal
71EF99ECFA0E,YGSH1989707951839,29-10-2023,DEBIT,NEFT,10968.0,0,More Ltd,FUNDS TRF,BR491,Normal
D3E929FFF446,VILZ3161364737284,29-10-2023,CREDIT,CASH,2938.0,0,Advik Bhavsar,UTILITY BILL,BR619,Normal
E2D469BD4D09,IHTC7951022338976,29-10-2023,CREDIT,POS,6554.0,0,Nidra Buch,FUNDS TRF,BR122,Normal
3081C6805A05,EYVC4579100313834,29-10-2023,DEBIT,UPI,4238.0,0,"Chakrabarti, Nigam and Peri",FUNDS TRF,BR170,Normal
8999C234B0A2,SCHL2982876479985,29-10-2023,DEBIT,NEFT,12982.0,0,Hemal Rama,POS PURCHASE,BR484,Normal
91D7EE324E6D,OGML7020271820911,29-10-2023,CREDIT,POS,13201.0,0,Neha Edwin,UTILITY BILL,BR849,Normal
ABFEC4B6ADB9,TSGQ6923283992548,29-10-2023,DEBIT,IMPS,3131.0,0,Manne-Verma,SALARY,BR971,Normal
EC2D2D3324FA,PCGY0065016117892,29-10-2023,DEBIT,UPI,12430.0,0,Barman-Koshy,UTILITY BILL,BR553,Normal
40C53A7A9F66,PZAQ0846911100373,29-10-2023,CREDIT,NEFT,2018.0,0,Patel PLC,POS PURCHASE,BR326,Normal
9D7023652EB1,ZBKH6039267370255,29-10-2023,CREDIT,IMPS,403.0,0,Chasmum Grover,SALARY,BR471,Normal
F9D01FAD54CE,LLEV6737320788805,29-10-2023,CREDIT,NEFT,9596.0,0,Bawa-Raghavan,SALARY,BR161,Normal
B517054D48A5,EYIH6343095875388,29-10-2023,DEBIT,NEFT,12253.0,0,Ayush Yogi,UTILITY BILL,BR369,Normal
458934EA781B,ORPN6496008553244,29-10-2023,DEBIT,UPI,207.0,0,"Dara, Sathe and Bhalla",POS PURCHASE,BR996,Normal
2025EA909A84,DBAA0102205099013,29-10-2023,CREDIT,POS,3355.0,0,Nayar-Agrawal,UTILITY BILL,BR749,Normal
CDB0142DEC49,SMBX2174842883421,29-10-2023,CREDIT,NEFT,9692.0,0,"Agrawal, Nadig and Khatri",GROCERIES,BR779,Normal
5A85D8D4272D,MODF8322880405832,29-10-2023,DEBIT,UPI,10791.0,0,Tanmayi Sama,UTILITY BILL,BR480,Normal
6652C6D2949C,HUJV8367644247630,30-10-2023,DEBIT,IMPS,900.0,0,"Jha, Kata and Vasa",POS PURCHASE,BR449,Normal
4DABE72CAEAC,CNPK1266594512404,30-10-2023,CREDIT,IMPS,5240.0,0,Neel Sethi,GROCERIES,BR116,Normal
046DEC386268,OBNH2907577777157,30-10-2023,DEBIT,NEFT,484.0,0,Cherian-Kohli,GROCERIES,BR644,Normal
F875DA3D004E,MPQH7558233575305,30-10-2023,CREDIT,NEFT,10144.0,0,Niharika Mallick,POS PURCHASE,BR396,Normal
C9284CF3DC05,WPWH7900914558681,30-10-2023,CREDIT,CASH,6800.0,0,Hayre LLC,GROCERIES,BR952,Normal
CB24E5BAFFD3,EVHT9462530286011,30-10-2023,CREDIT,IMPS,14269.0,0,Rao-Contractor,UTILITY BILL,BR835,Normal
B331B9C45917,PWRJ5713690436644,30-10-2023,DEBIT,IMPS,5818.0,0,Lata-Ramaswamy,POS PURCHASE,BR435,Normal
BA5679D9C462,BARE1569141995392,30-10-2023,DEBIT,UPI,9024.0,0,Lipika Batta,UTILITY BILL,BR304,Normal
CADDF1060C95,ZEQW8766860894962,30-10-2023,CREDIT,IMPS,10289.0,0,Devansh Sangha,UTILITY BILL,BR690,Normal
DF35835F0984,PMJD3390340721512,30-10-2023,CREDIT,IMPS,2702.0,0,Varenya Deshmukh,SALARY,BR720,Normal
F08EEB9D812D,DJFH0902423993054,30-10-2023,DEBIT,IMPS,9089.0,0,Bahl and Sons,GROCERIES,BR959,Normal
C47F5663702F,CZIF7452632401823,30-10-2023,DEBIT,UPI,6463.0,0,Bal Ltd,GROCERIES,BR204,Normal
0752C4DF6251,FAOL8241019219626,30-10-2023,DEBIT,UPI,436.0,0,Rajeshri Sura,FUNDS TRF,BR734,Normal
33367E0B06F4,HAYN6461958288498,30-10-2023,CREDIT,NEFT,11972.0,0,Chandani Dora,UTILITY BILL,BR426,Normal
2D629EC0617A,AVXI8873008800532,30-10-2023,CREDIT,IMPS,7959.0,0,Ekani Ramakrishnan,UTILITY BILL,BR921,Normal
50A2B7C7A4B3,YWIH0992479638356,30-10-2023,CREDIT,IMPS,1996.0,0,"Narasimhan, Swaminathan and Aurora",POS PURCHASE,BR119,Normal
C242E20FF2DE,BHAP9983674981414,30-10-2023,CREDIT,UPI,10457.0,0,Baljiwan Hans,FUNDS TRF,BR659,Normal
8E0C63B3314C,QUBK9747397354995,30-10-2023,CREDIT,IMPS,9471.0,0,Bains Group,SALARY,BR208,Normal
911394495895,EKQP8757466779038,30-10-2023,CREDIT,CASH,9895.0,0,Doshi-Raja,GROCERIES,BR428,Normal
D08755C0F738,YKHG1877874356314,30-10-2023,CREDIT,CASH,3188.0,0,Warhi Hayer,SALARY,BR873,Normal
AB0188AF1F0F,FKXI4038335427429,30-10-2023,DEBIT,NEFT,2542.0,0,Janaki Tella,FUNDS TRF,BR237,Normal
BEAA31AFCC73,AYJD9783426453937,30-10-2023,CREDIT,POS,3989.0,0,Fiyaz Raju,GROCERIES,BR105,Normal
4234741276B8,SXJG8352157316884,30-10-2023,DEBIT,IMPS,12273.0,0,Nazareth-More,FUNDS TRF,BR633,Normal
E7A86539D7B5,FBPC8208692124821,30-10-2023,DEBIT,NEFT,11500.0,0,Puri and Sons,GROCERIES,BR259,Normal
ADE890EACB31,KIDQ1969588737996,30-10-2023,DEBIT,NEFT,10076.0,0,Yadavi Kapadia,FUNDS TRF,BR934,Normal
C9801DE32591,QJSD8247602135946,30-10-2023,DEBIT,NEFT,4990.0,0,Gautami Nori,GROCERIES,BR885,Normal
E3983B125449,XWNU2355595754630,30-10-2023,DEBIT,POS,1265.0,0,Abha Setty,POS PURCHASE,BR311,Normal
BFA451D31AE6,YVFG8209124483788,30-10-2023,DEBIT,POS,3615.0,0,"Om, Arora and Gala",FUNDS TRF,BR594,Normal
8808EBCE4EC9,FTPS2282626624479,30-10-2023,CREDIT,NEFT,8583.0,0,"Dhingra, Savant and Kashyap",POS PURCHASE,BR929,Normal
F5E38C585F69,HHHM4717874616907,30-10-2023,DEBIT,IMPS,15000.0,0,Andrew Nori,GROCERIES,BR479,Normal
CF62FA05B7B4,JFHJ2003355770472,30-10-2023,CREDIT,UPI,5874.0,0,Abeer Walia,SALARY,BR662,Normal
A2309E9190C9,VRSY8418242589793,30-10-2023,DEBIT,IMPS,2407.0,0,Harshil Khosla,FUNDS TRF,BR879,Normal
51232E7DD7CB,RZBF9148291571254,30-10-2023,CREDIT,NEFT,8916.0,0,Hema Joshi,FUNDS TRF,BR310,Normal
5A62B7459B2A,QQPB5051856548649,30-10-2023,CREDIT,IMPS,2723.0,0,Iyengar Inc,GROCERIES,BR895,Normal
62798F3BC290,PXRR4647708248741,30-10-2023,DEBIT,POS,13995.0,0,Loke and Sons,GROCERIES,BR375,Normal
FEE0BDE876ED,LTWQ6729092367594,30-10-2023,DEBIT,IMPS,14320.0,0,Kapur-Mangal,POS PURCHASE,BR563,Normal
8D3ECA734816,VGFN2706457682950,30-10-2023,DEBIT,UPI,7284.0,0,David Lanka,POS PURCHASE,BR924,Normal
A017972C2561,KNHW1861191766208,30-10-2023,CREDIT,IMPS,12687.0,0,Krishna Mitra,GROCERIES,BR920,Normal
36AC1513AA8C,JOGO4207453994783,30-10-2023,CREDIT,IMPS,10896.0,0,Doctor LLC,SALARY,BR837,Normal
CAEDF70AFB06,FMVG4038173596138,30-10-2023,DEBIT,NEFT,4805.0,0,Viraj Dugal,FUNDS TRF,BR421,Normal
16CB8683E3CD,PLGM9460304858007,30-10-2023,CREDIT,NEFT,10771.0,0,Yash Dewan,UTILITY BILL,BR924,Normal
ED0026776A33,VLYH9630852187406,30-10-2023,DEBIT,UPI,13665.0,0,Robert Nath,UTILITY BILL,BR574,Normal
343AE535BAE1,TUMQ1983676472528,30-10-2023,CREDIT,POS,880.0,0,Bishakha Mukherjee,FUNDS TRF,BR215,Normal
6C40343BFDF3,ZQGN2897835289222,30-10-2023,DEBIT,NEFT,12647.0,0,Aggarwal Inc,UTILITY BILL,BR855,Normal
E8C93AA71DD0,BUZL2456705074502,30-10-2023,DEBIT,POS,9296.0,0,Hredhaan Shah,UTILITY BILL,BR670,Normal
DB096B9E123F,RYSY7778383354029,30-10-2023,DEBIT,IMPS,14521.0,0,Savant-Narain,FUNDS TRF,BR563,Normal
C9B15AE7ECE0,TJRQ1452265186208,30-10-2023,DEBIT,CASH,13810.0,0,"Tak, Varkey and Mody",POS PURCHASE,BR106,Normal
034F4F5506A4,OHAP3991857313285,30-10-2023,DEBIT,CASH,4274.0,0,Caleb Shetty,UTILITY BILL,BR518,Normal
CB11988DDDBF,MDTU2435689811612,30-10-2023,DEBIT,IMPS,2789.0,0,Mitra and Sons,POS PURCHASE,BR711,Normal
35AC95F4EB97,ZKMU6820473421035,30-10-2023,DEBIT,CASH,1332.0,0,Kritika Choudhry,SALARY,BR327,Normal
D536EDBC34AB,NFIH0836088205000,30-10-2023,CREDIT,NEFT,11553.0,0,Jacob Sehgal,SALARY,BR337,Normal
9AD0AC525E9C,CJSU2391622980245,30-10-2023,CREDIT,CASH,13184.0,0,Vyanjana Mahajan,SALARY,BR853,Normal
D526CE266E3D,FUEH3525046369005,30-10-2023,CREDIT,NEFT,10177.0,0,Ekanta Mani,SALARY,BR549,Normal
E80CC7A23705,LLYG8231530883991,30-10-2023,DEBIT,IMPS,9486.0,0,Merchant Ltd,POS PURCHASE,BR910,Normal
4E20E053EDB5,WQGT9182287737629,30-10-2023,CREDIT,IMPS,5542.0,0,Iyengar-Shenoy,POS PURCHASE,BR669,Normal
3E178AC249B3,LEZZ6830133524793,30-10-2023,CREDIT,CASH,2391.0,0,Oviya Maharaj,GROCERIES,BR124,Normal
2D0A81FD05B2,ZGFZ3196607810287,30-10-2023,DEBIT,CASH,5130.0,0,Behl-Sen,GROCERIES,BR169,Normal
A97478A7B640,LSOI7797431516307,30-10-2023,CREDIT,UPI,7977.0,0,Charles Srinivasan,SALARY,BR593,Normal
C5732E7A49EF,WFUQ5508197139349,30-10-2023,DEBIT,CASH,2336.0,0,Dalbir Narayan,UTILITY BILL,BR931,Normal
A2514C8B7CC1,XNTB2045448421779,30-10-2023,DEBIT,POS,8545.0,0,Rudra Kulkarni,FUNDS TRF,BR470,Normal
DCFDB95D4464,GCSC7657590235840,30-10-2023,DEBIT,NEFT,14139.0,0,"Bahri, Shankar and Chada",SALARY,BR628,Normal
